Gene1,Gene2,Score
AT2G41520,AT2G24755,0.03858401609033969
AT5G40970,AT4G08868,0.03849805215509216
AT4G11770,AT4G08874,0.035069578174037656
AT5G59670,AT2G07692,0.03498589844324747
AT5G44630,AT2G07691,0.03320844458508585
AT3G47200,AT2G24760,0.03011760267896845
AT4G22285,AT1G24470,0.029133152696716264
AT1G75670,AT1G24480,0.02626646871408388
AT1G29710,AT2G07712,0.024607943044800035
AT5G15500,AT2G07786,0.024226031029030464
AT5G55620,AT3G12020,0.0241473226715452
AT5G53110,AT1G35112,0.02402889625973224
AT5G19875,AT4G16155,0.023745157225028443
AT5G48490,AT3G12030,0.02368381186031563
AT4G37090,AT1G80210,0.022473536367232448
AT4G01900,AT4G13870,0.022449194255900005
AT1G04490,AT5G06190,0.02228752724917453
AT3G23640,AT1G54320,0.0222111039339362
AT2G28650,AT1G35110,0.02203994188663913
AT2G03330,AT1G09410,0.02201800968965348
AT3G51930,AT1G23880,0.02183522183940978
AT3G23050,AT3G04550,0.021719477243601796
AT3G20800,AT4G13860,0.021684422836187215
AT4G15870,AT5G06180,0.021303054905611952
AT3G25990,AT1G09415,0.021295164636088496
AT1G80120,AT1G65410,0.021050729511084488
AT2G20850,AT4G16430,0.020640571114148677
AT1G65280,AT4G24330,0.020593310129296834
AT3G04360,AT5G46030,0.020529717599993887
AT4G27652,AT5G40650,0.02049923003411187
AT3G28630,AT1G23870,0.020331722299361147
AT2G21100,AT5G40660,0.020008593780557842
AT2G38150,AT1G09800,0.020001042123056804
AT3G59970,AT5G46040,0.019776624127918335
AT1G34065,AT1G79280,0.01975979794818361
AT3G57000,AT3G04560,0.019410888091062457
AT4G16420,AT5G39785,0.01926869087427184
AT5G57310,AT1G20620,0.018999669607662018
AT4G38710,AT4G16440,0.018787373894694964
AT5G57990,AT3G01345,0.01859647873129083
AT2G22050,AT1G79270,0.018432654564119674
AT5G04230,AT4G24320,0.01839822677941858
AT3G48860,AT1G09795,0.018389316687266496
AT1G07270,AT1G27310,0.018255868058865667
AT4G26270,AT3G48990,0.018188562958539996
AT5G13720,AT2G14750,0.01803970108891674
AT5G22510,AT3G20460,0.018017333417043226
AT4G24080,AT3G49070,0.017999089844724786
AT3G59650,AT1G80920,0.017799270280294516
AT1G31460,AT1G54310,0.017545280371376742
AT1G73390,AT1G27300,0.01739566945613649
AT5G39350,AT2G05520,0.017344726331604554
AT4G12120,AT4G00530,0.017271783490132326
AT2G10260,AT4G04830,0.017065152937524964
AT3G19553,AT2G14760,0.016887951481701077
AT5G38220,AT1G54780,0.016834396006723356
AT2G05260,AT1G20470,0.016759423534605956
AT1G79040,AT5G66820,0.016655772521423005
AT5G06910,AT1G08880,0.01658659439738509
AT5G27420,AT2G05380,0.016529598784317617
AT1G65130,AT5G58650,0.01648760136366437
AT1G03990,AT1G16400,0.016483788435795968
AT3G15180,AT4G00525,0.016453690804653247
AT3G60170,AT1G54350,0.01643000311955031
AT1G12320,AT1G54340,0.016413152458380566
AT5G06470,AT2G21730,0.01640197803145752
AT5G49770,AT4G04810,0.016399189171575106
AT3G10340,AT5G24660,0.01632147436200265
AT1G74250,AT4G23400,0.016179570333741414
AT1G35910,AT5G58640,0.0161596987813665
AT5G23220,AT1G80200,0.016086000935104414
AT5G53020,AT5G64600,0.016076231107631886
AT1G23080,AT1G65420,0.01605570621397779
AT5G03430,AT2G34420,0.016006518497260862
AT3G58240,AT4G16150,0.015987462149220755
AT5G04690,AT2G34410,0.015949138729705478
AT5G05230,AT3G11560,0.01589211026270555
AT1G29080,AT3G53730,0.0158436393570881
AT5G13660,AT3G20470,0.015757566701217623
AT5G07270,AT2G21890,0.01564137258636858
AT1G47210,AT2G29450,0.015435378572812465
AT1G35110,AT3G32990,0.015222375924035888
AT3G18550,AT3G56970,0.015176857344804147
AT3G04130,AT3G11570,0.015161375779770416
AT4G32380,AT2G34390,0.015118746824878671
AT3G43175,AT2G36690,0.014999885340990407
AT1G24270,AT1G52400,0.01496305201686249
AT2G47380,AT5G44120,0.014914824810615224
AT2G16310,AT5G17220,0.01490702858765821
AT5G38490,AT1G76520,0.0149048691911761
AT5G15730,AT3G55230,0.014889325953682222
AT2G05752,AT1G61010,0.014889299314738895
AT5G38870,AT2G41240,0.014887738391921881
AT5G06380,AT1G64450,0.01488759111800625
AT5G28040,AT1G30870,0.014865670484300634
AT1G30515,AT1G54790,0.014814730255100779
AT4G19990,AT1G45035,0.014757088021091084
AT5G46050,AT1G52400,0.014702254459649225
AT3G44910,AT3G28550,0.01469823632009053
AT5G21120,AT5G01730,0.014685565524322956
AT1G52130,AT5G54930,0.014672218519091687
AT1G20790,AT5G54940,0.014626872055022628
AT2G14470,AT1G64470,0.014549619572025297
AT3G61610,AT1G73220,0.01453134579554649
AT1G03990,AT3G03190,0.014499194768530812
AT4G36770,AT5G05500,0.014459416294144448
AT3G02840,AT2G20120,0.014374556227853788
AT3G18550,AT3G56980,0.014368948387676897
AT5G47220,AT1G64370,0.014062499987131858
AT2G17430,AT5G42080,0.014035345256771407
AT2G42620,AT5G01200,0.014023992810237041
AT1G35110,AT2G05935,0.01400723202401871
AT5G15920,AT2G29870,0.013966430011249649
AT2G43920,AT4G01470,0.0139601412506048
AT4G32430,AT1G12520,0.013947276089574932
AT4G21790,AT4G05490,0.013942765029419504
AT2G30200,AT3G53830,0.013934822087005097
AT3G18215,AT2G41240,0.013873784375783555
AT4G32380,AT5G10040,0.013837047620469245
AT3G50170,AT1G01580,0.013725348802043725
AT3G27840,AT5G41300,0.013665340090931436
AT1G70300,AT3G27220,0.013663261096594558
AT3G46000,AT2G45550,0.013647317084343968
AT5G17330,AT5G13930,0.013645766878853775
AT3G03810,AT2G28740,0.01364142512141381
AT5G52150,AT1G73230,0.013638492220602254
AT2G16310,AT4G22880,0.013511438593954254
AT1G50950,AT1G06560,0.013499582833902969
AT2G01820,AT5G11830,0.013444693964100246
AT4G37280,AT1G07400,0.013392729364625496
AT2G21050,AT1G04980,0.013371141017592975
AT2G18600,AT4G23550,0.013369842066667453
AT1G61170,AT1G07270,0.01335167158473347
AT1G03990,AT3G54600,0.013324875098200465
AT5G12040,AT1G20620,0.013248934751891341
AT4G38600,AT4G17340,0.013202802421257308
AT5G57310,AT1G20480,0.013185864665747659
AT1G35110,AT2G07600,0.01314562089335954
AT1G03990,AT4G12030,0.013114491838586038
AT3G14820,AT3G62600,0.013085266000109166
AT2G11280,AT5G61790,0.01304373205972832
AT1G24460,AT5G01730,0.013042468005647848
AT3G03810,AT5G59690,0.013000410171718744
AT5G67320,AT1G59860,0.012996484761699817
AT3G19553,AT4G39940,0.012994491996460744
AT1G08010,AT3G62600,0.012990897148621337
AT3G23620,AT2G12420,0.012959923878705508
AT5G61920,AT3G58990,0.012937631362810302
AT1G65160,AT1G66390,0.01293222915151732
AT2G47380,AT1G48130,0.012914203351984153
AT1G55590,AT5G17220,0.012835494312744103
AT5G58660,AT3G54580,0.012832165754241204
AT3G15730,AT3G53830,0.012814425272535014
AT5G24920,AT1G54035,0.012790742588813377
AT1G78955,AT3G49000,0.01277723289392284
AT3G09500,AT1G76530,0.012758472489240497
AT4G03230,AT4G02270,0.01275509108957681
AT4G23150,AT4G01000,0.01274725905317912
AT3G17770,AT2G18150,0.012731015171286351
AT5G07400,AT2G35080,0.01271354338679352
AT4G34940,AT5G09530,0.012698002183272817
AT3G07770,AT2G33830,0.012696433889936761
AT5G61550,AT3G58550,0.01268653533192344
AT3G54880,AT5G05500,0.01266877231581738
AT1G65032,AT1G03880,0.012662658291085205
AT1G54550,AT4G36430,0.012654300093929295
AT3G59460,AT1G54050,0.012625299906132103
AT5G19430,AT2G29870,0.012586728657989257
AT5G60280,AT4G23690,0.012575170496103107
AT5G24318,AT1G79920,0.012551377728488433
AT5G61660,AT3G27220,0.012481500061040356
AT5G46050,AT1G52030,0.012481113039859841
AT3G09650,AT2G07600,0.01246105316772203
AT5G05010,AT2G18370,0.012443948974081192
AT5G65690,AT3G06455,0.012392576052644221
AT5G53520,AT3G33000,0.012364413205474165
AT3G57310,AT4G05310,0.01235407569720435
AT5G38870,AT3G56980,0.012344683615125638
AT1G55590,AT5G42800,0.012338046808106587
AT1G07650,AT2G44220,0.012332866476889769
AT2G19900,AT1G07260,0.012328284410247805
AT5G04270,AT1G45030,0.012307205872785791
AT2G07630,AT2G46790,0.012304988402340976
AT3G18215,AT3G56970,0.012304471228108235
AT1G08010,AT2G25110,0.012300478256582772
AT5G55650,AT2G31725,0.01228525134280126
AT2G11280,AT3G62600,0.012264183124906467
AT4G00340,AT2G31660,0.012258234435496765
AT2G18850,AT3G48920,0.012248148212678393
AT5G28040,AT5G57625,0.012235688788188542
AT2G32250,AT1G19400,0.012232829721562952
AT5G12040,AT1G20470,0.012208372902151703
AT2G04480,AT5G37780,0.012206969232879826
AT3G59460,AT2G26150,0.012167490737912838
AT3G05850,AT2G13790,0.012165572900475192
AT5G62630,AT3G33000,0.012156861319605776
AT5G59250,AT5G04790,0.012154207777122238
AT4G11680,AT3G51590,0.012152993381309395
AT5G61920,AT1G16400,0.012143503595983252
AT4G37210,AT5G02820,0.012137681743903323
AT1G12970,AT2G12420,0.012122692528649193
AT1G11990,AT3G48930,0.012116835929652434
AT2G11280,AT1G04980,0.012098352898968292
AT2G34670,AT1G52410,0.012086548678710854
AT2G40650,AT3G27630,0.0120515480013249
AT4G01575,AT5G12130,0.012027082960097638
AT2G23430,AT2G28850,0.012026951892810651
AT1G71270,AT4G23700,0.012018589471302426
AT2G14470,AT1G64450,0.011995948646308017
AT1G55670,AT2G25450,0.011959661781618518
AT4G08560,AT2G39310,0.011954368186460165
AT1G70750,AT4G28750,0.011947881677509209
AT5G39861,AT3G51240,0.011944424724934205
AT3G23160,AT4G22880,0.011916965831758658
AT1G45000,AT2G34420,0.01191062405006799
AT4G39680,AT3G33000,0.011900220387288274
AT3G13120,AT5G42800,0.011859580499918363
AT3G59780,AT1G52890,0.011856962074355338
AT5G19430,AT2G17850,0.011855567206935905
AT3G45890,AT5G24655,0.011850161055695068
AT2G19490,AT5G11910,0.011840777928909018
AT4G12350,AT3G01680,0.011809568346917232
AT5G20450,AT2G14620,0.011803538247334516
AT4G10840,AT1G08830,0.011762838618926116
AT2G41360,AT1G06680,0.011753605337529841
AT4G03230,AT5G05500,0.01174988797593863
AT1G09440,AT5G52640,0.01173622750799096
AT4G15830,AT4G23770,0.011730111696202963
AT5G67530,AT3G05690,0.011720539347202153
AT4G09320,AT5G47130,0.011714567870274856
AT5G24670,AT3G06340,0.011713224425170145
AT1G70750,AT1G55670,0.011704610975690782
AT5G19180,AT3G33004,0.011691381127167416
AT3G20460,AT1G51650,0.011681735345975278
AT3G55280,AT4G24190,0.011670271840548896
AT3G14200,AT3G47470,0.011567096570551704
AT5G39861,AT5G05270,0.011565186635487988
AT2G19790,AT3G47420,0.011545840792002248
AT3G54220,AT3G48090,0.011529267156787818
AT5G66490,AT5G24590,0.011525441343081741
AT3G09850,AT1G17420,0.011505158838109208
AT1G68050,AT2G14750,0.011504129514101619
AT5G03430,AT3G47470,0.011491473166602623
AT2G05670,AT1G79920,0.011485761546974125
AT3G15730,AT3G53730,0.011478533242503194
AT3G17910,AT3G58990,0.011462625088322234
AT5G67320,AT3G09350,0.011413524163158887
AT5G55650,AT1G06750,0.011407192360838321
AT5G15920,AT5G10040,0.011406063667525827
AT1G21650,AT1G30380,0.011384386324852391
AT4G15730,AT3G06850,0.011374845499956083
AT5G09730,AT2G23810,0.011373974112031261
AT5G50420,AT5G12860,0.011334148474597766
AT4G12540,AT2G28860,0.01132678315639061
AT2G14470,AT1G64370,0.011326377164091139
AT1G42705,AT4G29230,0.011325269770646846
AT3G01090,AT5G10040,0.011320860396653804
AT1G65660,AT4G23810,0.011315163954646436
AT4G16690,AT5G41300,0.011309752109471698
AT5G53390,AT1G02405,0.011300804233381248
AT4G39680,AT3G32990,0.01129461037321245
AT3G25980,AT3G55120,0.011271587402064152
AT5G06430,AT1G52060,0.011266562779239106
AT5G02200,AT5G22880,0.011266513827854381
AT5G35753,AT5G48850,0.011259352595795464
AT5G44700,AT1G52690,0.011248527182816095
AT3G09650,AT2G07739,0.011244653778966232
AT5G20060,AT2G29440,0.011244528638100897
AT5G62350,AT3G33000,0.01123442692270893
AT4G01575,AT5G12900,0.011225458986994523
AT3G13235,AT4G34110,0.011224289010578864
AT5G13110,AT1G18590,0.011212512065576065
AT5G05870,AT5G61600,0.01121194775668086
AT1G20860,AT4G35410,0.011193500360365108
AT1G62880,AT1G04770,0.011186027069043612
AT3G14820,AT2G25110,0.01117109164966971
AT5G61040,AT5G20150,0.011163725725768863
AT5G65495,AT3G49040,0.01116333807264904
AT3G23310,AT1G20925,0.011150123295130926
AT2G46690,AT4G26740,0.011150012962287716
AT5G19430,AT2G34390,0.011145495478348463
AT5G54440,AT1G03880,0.011137233766436397
AT3G09650,AT3G32990,0.011135981742934467
AT2G16310,AT5G54060,0.01113085467690893
AT5G62630,AT2G07739,0.011116974601583346
AT5G53520,AT3G33004,0.011112208525855687
AT2G21050,AT5G61790,0.01110797061442605
AT2G21880,AT1G61520,0.011103868451496161
AT2G01930,AT2G36830,0.011097866680611563
AT5G62550,AT5G01200,0.011095337266408677
AT2G32080,AT5G06550,0.011088908731028994
AT4G34940,AT5G37690,0.01108731037355216
AT5G10780,AT1G75940,0.011081214895825902
AT1G68050,AT2G46650,0.01107681363598277
AT1G66890,AT5G47450,0.011067241004338412
AT3G06470,AT3G06420,0.011033165881378648
AT4G12460,AT3G46320,0.011019271866999324
AT5G14910,AT4G02770,0.011001136194809356
AT3G18540,AT4G39260,0.010990264553009768
AT5G67340,AT2G06960,0.010978956203161251
AT5G53520,AT3G32990,0.01093528904043
AT4G10330,AT1G05510,0.010927793731844456
AT3G10040,AT1G56650,0.01092564770289261
AT5G28040,AT4G02270,0.01092380157102471
AT4G01490,AT2G28490,0.010916414141129833
AT5G27880,AT3G58990,0.010913731490295299
AT2G46690,AT4G25140,0.010913359780893304
AT5G27540,AT1G04770,0.010911595255780502
AT1G31230,AT1G08380,0.010898053807259661
AT2G16130,AT3G19320,0.01089304810991132
AT5G53520,AT2G28820,0.010878002712206996
AT1G70750,AT3G61470,0.010876385621558836
AT3G49490,AT3G10040,0.010875642539679048
AT2G30200,AT3G53840,0.010872337608253214
AT4G12460,AT1G07820,0.01086658008577736
AT5G52820,AT5G39890,0.010860051126934452
AT3G44220,AT1G03880,0.01085081398039972
AT5G53390,AT4G22505,0.010845845169369902
AT4G00650,AT5G43090,0.01084473005118888
AT5G62630,AT2G07600,0.010841556937077583
AT3G23605,AT2G20870,0.0108351178335979
AT4G01490,AT1G48130,0.010827244645839982
AT5G33280,AT3G16460,0.010826872999914782
AT5G06250,AT3G46320,0.010822794229812615
AT3G54150,AT3G15450,0.01081376224098902
AT3G23160,AT5G42800,0.010812099855529302
AT3G14200,AT1G20340,0.010791253977925363
AT5G48910,AT3G05730,0.010790730874285257
AT4G27180,AT3G16470,0.010789589000381274
AT2G16130,AT5G06250,0.010776446725721658
AT3G11270,AT5G63085,0.01077358739926828
AT2G26980,AT5G12030,0.010759145376379026
AT5G66920,AT3G18290,0.010755742874797723
AT5G61660,AT3G02550,0.010750098649697332
AT1G26440,AT4G23660,0.010736827470360193
AT3G27470,AT2G47380,0.010732423674005087
AT3G54880,AT4G25820,0.010731350605923938
AT5G13260,AT5G37670,0.010729885705666842
AT5G38680,AT2G10920,0.010723760465221888
AT4G37280,AT2G20560,0.010722991176575762
AT5G25080,AT5G39760,0.010717712597585563
AT3G27840,AT5G06043,0.010716373511650713
AT4G12350,AT2G32860,0.010706334363724295
AT2G46020,AT5G19650,0.010701276114252768
AT5G02200,AT5G10390,0.01069751364786232
AT1G56310,AT4G38080,0.010695264847533534
AT2G16130,AT5G11890,0.010693607646551891
AT5G47220,AT1G64470,0.010682137594590782
AT2G01100,AT2G20130,0.010678863663345715
AT4G11680,AT1G68875,0.010672372517262241
AT1G48380,AT5G47120,0.010664556924915457
AT3G14310,AT4G38470,0.010654408354854542
AT5G56350,AT1G73010,0.010645260610337088
AT1G23270,AT3G27630,0.010638942804871649
AT5G42580,AT5G39090,0.010635472966475552
AT3G17430,AT5G09750,0.010628539909167485
AT2G35350,AT3G28550,0.01062785051472352
AT3G03810,AT5G59870,0.010621901549673777
AT2G05790,AT2G06845,0.010620380630555698
AT3G14700,AT1G59860,0.010619016270501862
AT5G55650,AT1G06560,0.010615900372519272
AT3G14200,AT1G30380,0.010614118545302087
AT1G24160,AT1G43980,0.01061157070518989
AT1G72230,AT5G09520,0.010608182002049384
AT1G70300,AT4G10265,0.010601067813254733
AT3G14790,AT3G04230,0.010597083892164669
AT1G29080,AT3G53840,0.010590119042451046
AT3G54310,AT3G62030,0.010560790506769
AT2G12650,AT4G38080,0.010548847906109169
AT5G46050,AT2G39330,0.01053971574470961
AT4G22530,AT5G42080,0.010534483253676659
AT3G59500,AT1G05510,0.010534057357119762
AT4G17895,AT1G64450,0.010531279132130537
AT4G36360,AT5G59690,0.010517939983884016
AT1G80400,AT5G17340,0.010517555447017171
AT3G01950,AT1G07940,0.010517172769047808
AT2G34670,AT1G52030,0.010514519498083954
AT5G25080,AT1G16510,0.010513902868327015
AT5G03100,AT1G07750,0.010502216432750216
AT2G19220,AT4G00860,0.010501991538600432
AT1G42705,AT3G55790,0.01049878400903621
AT5G61310,AT1G07820,0.010489984721306718
AT3G10530,AT2G26850,0.010483509329566782
AT4G36170,AT1G12920,0.010475171641964797
AT1G03990,AT1G78370,0.010467087722488529
AT4G17895,AT1G64380,0.01045841246421595
AT3G27470,AT3G10860,0.010454354496909504
AT3G13070,AT1G05420,0.010450139140796065
AT5G13260,AT1G16030,0.010448986218651533
AT5G05010,AT5G63560,0.010440363821731545
AT3G49490,AT3G29000,0.01043507736215833
AT1G70610,AT5G05500,0.010433918058741373
AT3G63160,AT1G06970,0.010433373381213864
AT1G03990,AT1G21440,0.010432533805255256
AT2G42890,AT3G22500,0.010422045068384114
AT4G35320,AT2G26150,0.010421222916548704
AT5G27880,AT3G54600,0.010421221800681887
AT5G62550,AT5G01730,0.010414490388594062
AT5G40460,AT1G75040,0.010386195948975245
AT3G14310,AT4G03510,0.010379099329887512
AT5G54440,AT5G55240,0.010377401438465736
AT2G31081,AT5G53450,0.010372388626406
AT2G05260,AT1G20480,0.010364330411300946
AT5G52820,AT3G02550,0.010358148266838915
AT1G01540,AT2G45960,0.010354879950322466
AT2G36750,AT2G02050,0.010350633424286349
AT5G53390,AT2G05580,0.010345476233366608
AT3G05090,AT4G10265,0.010340566507908815
AT4G34540,AT1G54040,0.010336463398286195
AT2G21880,AT5G54270,0.010334522781782162
AT3G52360,AT3G45980,0.010323728926755505
AT5G18710,AT1G04560,0.010322232655072865
AT3G57310,AT1G61520,0.010317038585159137
AT3G17430,AT3G55790,0.010315568687362447
AT1G70750,AT1G30380,0.010314385200498355
AT2G31081,AT5G13740,0.010300862212366799
AT1G49570,AT2G44080,0.010300115819363532
AT4G29540,AT1G48130,0.010297429193878998
AT5G42980,AT1G34030,0.010293123552297103
AT1G07330,AT4G15480,0.01028824652038448
AT2G45030,AT2G20560,0.01028626605419732
AT5G51990,AT5G60020,0.010286044322462173
AT2G15630,AT5G09530,0.010282209795423129
AT4G19020,AT2G25490,0.010279554920874446
AT1G74230,AT5G49700,0.010277045978347108
AT1G11060,AT4G24190,0.010273642746939673
AT1G08010,AT5G61790,0.01026686222181003
AT3G12640,AT4G29020,0.010265074306241592
AT1G79850,AT3G22640,0.01025618835385809
AT4G17060,AT1G06750,0.01025567310206284
AT5G61920,AT3G03190,0.010249208473534785
AT1G24270,AT1G52410,0.010248223936474992
AT2G44900,AT3G55980,0.010247623138027689
AT4G34940,AT2G48140,0.010243985920468835
AT1G31340,AT2G22330,0.01024195831341766
AT4G34940,AT2G48130,0.010240205498029646
AT4G33860,AT3G11550,0.010237687031073103
AT4G35320,AT1G07400,0.010228508273544315
AT3G29270,AT4G10500,0.010227952881047013
AT4G37280,AT1G59860,0.010226275548380324
AT5G62900,AT1G04820,0.01022550919689019
AT3G25980,AT5G13930,0.010220317601750023
AT2G45030,AT2G26150,0.010217672918573959
AT5G54440,AT3G22640,0.010211502134743861
AT5G52820,AT3G06435,0.010204260424509698
AT1G12250,AT5G16250,0.010202314159679713
AT2G28180,AT4G16590,0.01020149820205184
AT3G09710,AT2G19720,0.010200084154466058
AT3G52360,AT5G22880,0.010195285296627204
AT3G09280,AT1G28330,0.010189961216743619
AT1G66660,AT2G48140,0.010184578666734199
AT2G01060,AT3G10500,0.010183516222057223
AT1G12250,AT4G31840,0.010181462796662542
AT5G66920,AT3G56970,0.010181280643167362
AT1G70260,AT5G12860,0.010179450200510098
AT4G38680,AT3G45060,0.010175210027651621
AT1G56310,AT5G09520,0.010166850730761044
AT5G23903,AT5G05270,0.010160554404510745
AT5G28040,AT4G25820,0.010159178960862509
AT3G50110,AT5G44120,0.010141796402769692
AT2G17430,AT5G54830,0.010140471936111565
AT2G20420,AT2G41180,0.010135630718276055
AT2G21195,AT3G18600,0.010122224336048959
AT5G54440,AT2G28490,0.010120383120752967
AT2G03090,AT1G51680,0.010118554703890361
AT5G63135,AT3G57450,0.010112331401161934
AT2G47910,AT3G33000,0.01010181916463319
AT3G44910,AT5G05500,0.010090502870833523
AT5G27900,AT2G35075,0.010080823131382779
AT1G60995,AT3G62400,0.010069235058453632
AT3G15740,AT2G05580,0.010068386901026445
AT1G66200,AT2G25060,0.01006726665228899
AT1G30650,AT3G16470,0.01006695546974231
AT4G24790,AT3G03190,0.010065954976658928
AT5G47220,AT1G64380,0.010048821163575871
AT5G67320,AT2G26150,0.010039387461024783
AT1G10160,AT4G38080,0.010031726229604509
AT1G71940,AT3G32990,0.01002648055480882
AT1G49370,AT2G23120,0.010024756456317056
AT1G11350,AT3G55910,0.01001373907102245
AT3G50651,AT3G25180,0.010011668815513476
AT5G15600,AT1G08560,0.010008678309816848
AT5G09950,AT1G52300,0.010006511663107598
AT1G03990,AT5G23010,0.009996786105277159
AT4G04780,AT1G70290,0.009993381859669009
AT1G55370,AT3G15630,0.009990168912289389
AT4G03230,AT1G30870,0.009988982951712216
AT5G40370,AT4G22505,0.009985005810391662
AT3G17430,AT1G72600,0.009978819529687554
AT2G19790,AT5G20150,0.009972476180244685
AT4G13575,AT5G06320,0.009967862271091175
AT1G49130,AT1G12520,0.009962749596072143
AT2G33385,AT1G18740,0.009959334777028605
AT5G45060,AT4G23660,0.009956031986035854
AT1G56310,AT5G41040,0.009953661317738862
AT1G23010,AT3G47340,0.009952847343655688
AT5G53920,AT4G25740,0.009949986823912758
AT2G20890,AT2G39670,0.009946798892729102
AT5G52540,AT3G17520,0.009945818412729259
AT3G60410,AT4G39940,0.009937218741573314
AT1G55370,AT3G15450,0.009936659670685891
AT5G45113,AT3G23390,0.009918697711850867
AT2G12557,AT3G27630,0.009917406038180487
AT4G14770,AT5G47930,0.009911486873720404
AT1G11180,AT1G74960,0.009908777125593909
AT5G19790,AT1G62560,0.00990860629508883
AT4G05632,AT1G74360,0.009907455959846809
AT1G05205,AT1G48130,0.009905533517790475
AT2G36250,AT3G46620,0.0098996567613111
AT3G04500,AT4G29430,0.009898806538972075
AT3G16810,AT1G28590,0.009896516830056601
AT1G21650,AT1G20340,0.009896390661510138
AT2G26180,AT1G05420,0.009892178231650298
AT3G14050,AT5G63420,0.009886501276201377
AT4G14160,AT5G45690,0.009874003214583565
AT4G24790,AT3G58990,0.009871294245628985
AT1G50950,AT1G06680,0.009870313439517003
AT1G49330,AT1G68250,0.009868946210754669
AT5G19790,AT4G03060,0.009862735933345497
AT1G04080,AT1G02450,0.009861856578058643
AT4G16360,AT5G42790,0.009859850381614969
AT2G21050,AT2G25110,0.009855804277474758
AT5G07510,AT5G51190,0.009855580650264883
AT1G56310,AT3G22620,0.009850163893963645
AT5G63750,AT5G59970,0.009847919262597328
AT5G37450,AT5G53450,0.009847902025348415
AT1G80000,AT1G73805,0.009847722673118349
AT2G45030,AT1G59860,0.009847482812735214
AT4G24890,AT5G26960,0.009847018335571469
AT2G45800,AT5G06200,0.00984674256759371
AT1G09750,AT5G59870,0.009844022044498524
AT4G04960,AT2G18370,0.009843683597817909
AT3G11980,AT2G26380,0.009843313806575365
AT5G06530,AT4G16660,0.009841858830051007
AT1G42705,AT1G02405,0.009840622052030672
AT1G18530,AT5G52640,0.009840086827978751
AT3G59460,AT3G24500,0.009836540022424116
AT5G67320,AT2G29500,0.0098323085856716
AT3G03980,AT1G07940,0.009831449110415762
AT2G28900,AT3G04840,0.009831444858433153
AT4G00650,AT4G12030,0.00982804225968166
AT4G29440,AT2G35930,0.009825349407954383
AT1G65032,AT4G26740,0.009823914718755468
AT1G45000,AT2G34410,0.009823652498544791
AT5G59520,AT2G36100,0.009823118664856788
AT2G47380,AT4G25140,0.009822121637828137
AT5G50420,AT5G12130,0.009812999165842185
AT4G01210,AT5G11890,0.009811126961029225
AT5G04690,AT3G47470,0.009808509775233561
AT5G66920,AT3G47640,0.00980411997395259
AT1G30650,AT1G52410,0.009803726598277017
AT3G13235,AT2G20560,0.00980211356972212
AT3G13070,AT1G16510,0.009793461598625052
AT1G63740,AT5G58370,0.009782829516078494
AT3G04070,AT4G15980,0.009782044261651633
AT3G18540,AT3G24600,0.009779195641948492
AT3G59460,AT1G66080,0.009778990866033215
AT2G05210,AT5G06510,0.00977824680921685
AT5G54440,AT1G48130,0.00977076666663914
AT1G20510,AT3G27380,0.009768296462256658
AT4G38950,AT1G72600,0.009767280832236117
AT1G54440,AT3G01570,0.009766876510686194
AT3G18400,AT5G42765,0.009765656405023403
AT4G17895,AT1G64370,0.009764349870209065
AT4G21320,AT1G06680,0.00976264519672461
AT4G04320,AT3G06770,0.009760091852614148
AT1G04230,AT4G29020,0.009759133863029972
AT3G03810,AT5G59970,0.009758030248295775
AT4G21320,AT5G01530,0.009754082588755326
AT4G31300,AT3G55280,0.009752819818432314
AT1G05180,AT3G27630,0.0097476617254632
AT1G04450,AT4G08620,0.009747545322305855
AT5G36228,AT5G45690,0.00974660939347316
AT5G19485,AT5G26360,0.00974476751503563
AT5G43940,AT2G11810,0.009739734216539784
AT1G18580,AT3G25920,0.009737661225810655
AT5G61310,AT3G46320,0.009736654258498834
AT5G06530,AT1G21750,0.009733307504521015
AT5G43020,AT3G26520,0.009727973915125395
AT5G38240,AT3G54470,0.009726482624808484
AT4G25750,AT3G02040,0.00972523342814268
AT5G23530,AT1G17345,0.009724506957777958
AT3G17910,AT5G23010,0.009723640067313074
AT4G38890,AT1G02405,0.009722918626812585
AT4G27760,AT1G21320,0.009719813063685773
AT3G29175,AT4G35420,0.00971900545760251
AT2G45800,AT2G32300,0.009714606157492612
AT1G05205,AT2G23640,0.00971254268831141
AT2G46690,AT5G44120,0.009704509243482802
AT1G24650,AT2G39670,0.009703135500219886
AT1G42705,AT5G11890,0.009703096134204711
AT1G05970,AT5G45690,0.009694504608326809
AT1G22330,AT2G29570,0.00968374291992141
AT3G14230,AT3G05560,0.009676547028256034
AT1G49230,AT2G06520,0.009674212985706093
AT3G54660,AT5G03010,0.009666922358281042
AT3G25980,AT5G05270,0.009660590878823141
AT5G53520,AT1G34680,0.009656549561667907
AT3G59250,AT3G61890,0.009651545283927226
AT5G61920,AT3G54600,0.009651434727773276
AT3G60640,AT1G12610,0.009649663478071528
AT5G53390,AT3G22120,0.009642858842351415
AT5G34831,AT3G49530,0.009642719257581693
AT3G50110,AT4G28520,0.009642505791570824
AT3G54150,AT5G22920,0.009639932669240214
AT1G16370,AT3G56940,0.009637078005735841
AT3G13235,AT3G09350,0.009635492190363163
AT1G05180,AT5G48720,0.009635176312889208
AT2G27810,AT5G13630,0.009635018196061796
AT1G42705,AT4G22505,0.009634996758621825
AT2G39420,AT4G25820,0.009632976534799487
AT3G06040,AT3G24500,0.009625640935975243
AT5G52820,AT4G10265,0.009621510481966472
AT1G27160,AT1G01100,0.009619742387797448
AT2G16130,AT4G29840,0.009614236146748542
AT5G05870,AT5G54490,0.009610008385107465
AT2G37030,AT3G22620,0.00960995233073207
AT1G34000,AT5G42800,0.00960897459634444
AT5G35935,AT3G02640,0.009604155057165057
AT1G65032,AT5G44120,0.009597982466137309
AT5G61310,AT5G59970,0.00959558013682564
AT4G12950,AT5G39320,0.009593571544949598
AT5G06250,AT5G10390,0.00958965147438229
AT4G01490,AT5G44120,0.009589633437811617
AT4G08150,AT1G78660,0.009582800187709298
AT5G67320,AT5G52640,0.0095737636942804
AT4G13160,AT4G22505,0.009572464940150745
AT3G13150,AT1G30380,0.009571142831098634
AT2G12650,AT1G56320,0.009571084995664255
AT5G58660,AT1G23720,0.009570488411505549
AT5G61410,AT3G50930,0.009567778185237972
AT5G02490,AT3G03710,0.009567427474853101
AT3G07970,AT3G19320,0.009567323924781579
AT2G41900,AT3G51280,0.00956663478662562
AT2G25070,AT2G34850,0.009565319491270765
AT1G01900,AT1G14880,0.009562915195541186
AT5G62350,AT1G34680,0.009560451529003448
AT1G09440,AT3G24500,0.009557885922989817
AT3G17430,AT1G05420,0.009557476394429233
AT3G49490,AT5G51190,0.009556977919922962
AT3G08930,AT5G35900,0.00955013672885342
AT1G64570,AT5G15630,0.009549841570291899
AT3G08850,AT5G20850,0.009543840288326663
AT3G44530,AT1G30870,0.009536437260289816
AT5G53150,AT5G54270,0.009534791426537742
AT3G19140,AT5G56120,0.009532201535736676
AT2G42770,AT4G08593,0.009530742523553933
AT2G15690,AT2G29640,0.009525690531727951
AT5G19290,AT1G10760,0.00952220582083579
AT3G17030,AT5G61160,0.009519700760787153
AT4G04960,AT3G58550,0.009510937176672637
AT3G49490,AT3G46620,0.009507884214872007
AT1G10400,AT1G52690,0.009507696542017573
AT1G14280,AT4G23250,0.009507321794065953
AT3G16460,AT1G78900,0.00950435207683767
AT3G08850,AT5G48720,0.009501673498870263
AT4G30530,AT1G21395,0.00949964822388751
AT1G24460,AT5G01200,0.009499527793223942
AT4G27330,AT3G14415,0.009493146855939764
AT3G23980,AT5G10040,0.009482242137087968
AT3G17910,AT4G13430,0.009480496157108826
AT3G13235,AT1G07400,0.009477995473774634
AT1G80170,AT2G12420,0.00947648333982424
AT1G79850,AT4G25140,0.00947581752361458
AT5G03430,AT3G61470,0.009475768781444717
AT3G05530,AT1G32920,0.009469260402192835
AT5G22530,AT2G23240,0.009466554955069116
AT5G34869,AT5G45500,0.009463480171989041
AT1G49245,AT1G08150,0.009453255786632442
AT1G36095,AT4G08300,0.009452507769616288
AT3G15480,AT3G54890,0.009451438178878734
AT5G59570,AT2G25630,0.009450712209836397
AT3G14890,AT1G10522,0.009449481141836247
AT5G47920,AT2G47610,0.00944810942425151
AT3G18400,AT3G55790,0.00944575598786146
AT3G50110,AT3G54940,0.009442812633272974
AT5G28690,AT3G11630,0.009442168433444052
AT1G64810,AT1G06990,0.00943885427238537
AT5G48485,AT3G58660,0.009437152153250205
AT5G19430,AT4G10265,0.00943697132781372
AT3G05090,AT5G39890,0.009435465415900209
AT3G45110,AT5G48720,0.009434431648502719
AT3G24220,AT3G47833,0.009431249558339076
AT1G55180,AT2G28820,0.00942931969313039
AT5G53390,AT3G55790,0.009428855171237257
AT5G60280,AT4G23670,0.009427764490317302
AT5G61920,AT2G30615,0.00942641673011339
AT3G54200,AT3G08740,0.009424885122942003
AT5G56520,AT3G55280,0.009423357824310205
AT4G25750,AT3G47420,0.009422062873874879
AT2G12650,AT5G09530,0.009420186784206759
AT4G08560,AT2G39330,0.009418300262639104
AT5G66120,AT1G30870,0.009416175577196173
AT2G33870,AT2G41420,0.009415033006781176
AT1G65032,AT5G55240,0.00941211415441434
AT3G19210,AT2G37470,0.009411697777345318
AT5G61660,AT5G10040,0.009411141001736947
AT4G36960,AT5G14910,0.00940996136627556
AT5G06250,AT3G53830,0.009407913373912368
AT4G36160,AT1G70770,0.009406052118138315
AT5G63780,AT2G40300,0.009404827126472915
AT1G31230,AT1G15820,0.009401917872321313
AT2G12650,AT5G09520,0.009401341660337917
AT2G28900,AT5G07090,0.009400871176524397
AT1G73920,AT4G27652,0.009400005847579666
AT2G01790,AT3G56340,0.009396677817988423
AT3G57785,AT2G04400,0.009396013024129905
AT1G55620,AT3G05060,0.009393386077803456
AT5G17330,AT3G51240,0.009392221256366797
AT2G10240,AT2G46680,0.009390720142351868
AT2G42700,AT1G06890,0.009388378308463964
AT4G38950,AT3G22120,0.009387698151489628
AT1G30650,AT2G39310,0.009387525045558925
AT2G30120,AT1G21340,0.009384622859197788
AT1G77885,AT4G33070,0.009382149904111592
AT5G02200,AT3G54560,0.009376960245876606
AT1G58050,AT2G26530,0.00937235652440653
AT1G07230,AT2G02180,0.009370583485826096
AT1G72230,AT4G38080,0.009360837948967426
AT3G47990,AT3G18250,0.009359307615055351
AT1G05205,AT5G55240,0.009359184750661933
AT3G45890,AT5G48850,0.009359177663267581
AT1G23440,AT3G16140,0.009352265276079675
AT4G34940,AT5G44550,0.009351897535239923
AT2G44250,AT3G48080,0.009346806723425539
AT5G42250,AT2G47770,0.009345948710466767
AT5G14910,AT3G47470,0.00934514054628937
AT2G35350,AT3G54580,0.009344083474883476
AT1G35110,AT3G33004,0.009339107780015295
AT4G36360,AT3G46320,0.009337792485033124
AT5G44700,AT2G47770,0.009337336005155803
AT1G71940,AT2G07600,0.009337299245519475
AT1G20630,AT2G30990,0.0093266806357397
AT4G25020,AT5G54270,0.009325127909264663
AT3G54200,AT5G14910,0.009325045115073113
AT3G14200,AT4G02770,0.009324895356346879
AT4G33030,AT5G55240,0.009324760781230759
AT2G15440,AT3G59900,0.009324009634519912
AT5G54850,AT2G14640,0.009323819732979582
AT5G38240,AT4G25630,0.00932381354164853
AT2G16130,AT4G01985,0.009319852154066029
AT1G79850,AT5G44120,0.009316026069965157
AT1G71940,AT3G33000,0.00931360634663352
AT4G36360,AT3G45980,0.009306204359833311
AT1G63240,AT1G01580,0.009303420118944068
AT2G47380,AT4G28520,0.009303160594446495
AT3G23540,AT5G37690,0.009302446604113862
AT5G50370,AT1G78680,0.009300490682609002
AT2G19130,AT1G34047,0.009297262945954279
AT3G44530,AT4G02270,0.009297221469850545
AT2G18600,AT4G23650,0.00929491227283115
AT1G04310,AT4G23260,0.009294897794041265
AT2G27810,AT3G08940,0.009293975942891924
AT1G03990,AT4G03060,0.009292559858351363
AT2G12650,AT5G41040,0.009290891492426524
AT4G30935,AT1G16850,0.009289257905239186
AT2G29580,AT4G28520,0.009288400054313762
AT4G01500,AT2G46670,0.009288281927678155
AT5G52870,AT2G45570,0.00928656789175352
AT3G27010,AT5G06870,0.009285407454753522
AT2G39420,AT4G02270,0.009280192487987168
AT5G52570,AT3G28415,0.009274809487637132
AT1G56310,AT1G68850,0.009273083659988269
AT3G54880,AT4G02270,0.009271975891642217
AT5G63750,AT5G59870,0.00927135963231442
AT5G17330,AT3G55120,0.009267920897764114
AT3G59460,AT1G07400,0.009263324961623012
AT5G47870,AT5G17460,0.00926326840431548
AT1G68050,AT2G14760,0.009260364570339954
AT3G02700,AT3G54210,0.009260014921258015
AT3G11890,AT5G19110,0.009257272421026308
AT5G10950,AT5G47670,0.009256763007830208
AT3G14310,AT5G20250,0.009256447343583545
AT2G21820,AT5G62490,0.009256398126738542
AT3G14820,AT5G07340,0.009255119818936229
AT3G54200,AT5G24314,0.00925370826711116
AT1G11420,AT1G56190,0.009250504625931544
AT5G53850,AT1G66410,0.009250311237968382
AT2G17430,AT5G28300,0.009250245403895784
AT3G17910,AT3G03190,0.009247915809936535
AT4G38580,AT1G30870,0.009240365628725029
AT2G40830,AT3G57530,0.009239853213011382
AT3G50170,AT3G58810,0.009233799463096357
AT3G59460,AT2G20560,0.009233471229463105
AT2G12650,AT2G48130,0.009232935792235598
AT1G69630,AT5G57220,0.00923073133376685
AT3G29034,AT3G20890,0.009230095437284012
AT3G18400,AT3G03776,0.009228297994004302
AT1G54440,AT4G25140,0.009226922679344529
AT4G38890,AT4G29230,0.00922587624100013
AT2G16130,AT1G05420,0.009225853127143212
AT2G37030,AT5G09530,0.009224029953919516
AT5G53390,AT1G16510,0.009221647706385337
AT2G30200,AT2G37470,0.0092193129441658
AT4G05060,AT5G35360,0.009218661603500215
AT2G36820,AT1G79930,0.009218198859872734
AT1G23440,AT2G20260,0.009213467468441554
AT4G38950,AT4G01985,0.009213224966053193
AT5G26050,AT5G54810,0.009212952625812286
AT5G12040,AT1G20630,0.009210990467430579
AT2G03530,AT3G22500,0.00920886114740323
AT4G02485,AT1G70610,0.009207533846328895
AT5G26770,AT2G48130,0.009198841838121325
AT5G09580,AT4G30010,0.009197855618718073
AT2G24310,AT1G80310,0.009196635342234008
AT3G16490,AT2G36620,0.009190181695122665
AT1G04080,AT5G26690,0.009189674921820285
AT4G36710,AT5G47110,0.009189382958976717
AT2G42890,AT3G58450,0.009185075057092672
AT1G32030,AT4G39940,0.009183623008955609
AT5G01820,AT3G23050,0.009182370377657472
AT2G44900,AT1G32920,0.009180350854858061
AT1G08600,AT5G44120,0.009176803104913409
AT5G53390,AT5G11890,0.009175036546003431
AT5G38700,AT1G43790,0.009173768033126202
AT5G09580,AT1G02140,0.009171501658492589
AT4G10390,AT2G26340,0.009170871078534143
AT2G01850,AT3G53020,0.009169798831319277
AT2G45030,AT1G07400,0.009169478525874982
AT1G18690,AT4G29430,0.009167756537645901
AT3G14700,AT3G16050,0.009166704223796888
AT5G06380,AT1G64380,0.009166102332291275
AT1G55370,AT5G20250,0.009164162052422629
AT3G25620,AT2G28860,0.009162198278042839
AT1G32930,AT2G26760,0.009157707961717502
AT4G02060,AT1G72520,0.009157013695568218
AT3G15520,AT2G34480,0.009156411704993
AT5G21040,AT1G11475,0.009154414161873448
AT3G54880,AT5G22410,0.00915441085272307
AT5G53390,AT1G72600,0.009154394200889955
AT3G03810,AT3G53730,0.009151824135841832
AT3G12640,AT5G35090,0.009151321412871226
AT5G27540,AT5G24660,0.00914924296806546
AT5G46690,AT5G18180,0.0091484558481194
AT3G07450,AT2G10920,0.00914826670522721
AT2G15690,AT1G07400,0.009147699184714746
AT1G63105,AT5G45510,0.00914706886366544
AT3G48610,AT3G01670,0.009146689208313298
AT4G12130,AT4G39200,0.009138466521340675
AT2G44900,AT3G46620,0.009137992636334403
AT5G05720,AT1G30820,0.009136380142126024
AT1G26110,AT3G54210,0.009134803881728016
AT3G23980,AT3G27220,0.009132002963554568
AT3G14820,AT1G04980,0.009131484543218679
AT5G10780,AT5G07550,0.009128794234939218
AT4G01630,AT5G39050,0.009127292926749016
AT5G19630,AT5G19220,0.009127240466094786
AT3G13070,AT4G22505,0.009126993951679138
AT5G56520,AT3G53430,0.00912680063668634
AT1G07410,AT1G05450,0.009126543474022536
AT3G14230,AT3G09500,0.009126102496595982
AT1G09440,AT2G46240,0.009125934255400493
AT5G61560,AT5G56870,0.009125895215082471
AT3G54740,AT5G23740,0.009125625044861002
AT1G31730,AT1G15690,0.009122954940805304
AT3G20155,AT5G51190,0.009122471136355776
AT5G66920,AT2G41240,0.009121153145893008
AT5G06250,AT2G28740,0.009118258584312327
AT2G31725,AT1G48130,0.009115172526859144
AT4G13160,AT2G10920,0.009113644401830757
AT2G33420,AT1G77120,0.009110258277041363
AT3G62720,AT5G07690,0.009108783169844365
AT3G02450,AT5G14590,0.009108348229719964
AT2G39420,AT1G30870,0.009107964716301136
AT3G52360,AT3G53730,0.00910642103032448
AT1G06590,AT5G48720,0.00910588086057665
AT4G37280,AT3G24500,0.009105634604655603
AT5G61920,AT5G23010,0.009105481537762614
AT2G37430,AT3G20820,0.009105371328075656
AT5G61310,AT2G28740,0.009104809158016718
AT5G45060,AT4G23690,0.009102438509970712
AT4G13970,AT3G07180,0.009101585813673102
AT3G07160,AT1G09620,0.009097621148160354
AT1G65032,AT3G22640,0.009095908603293432
AT3G57640,AT3G17790,0.00909552527803468
AT1G68050,AT1G18590,0.009090233853346476
AT5G51990,AT3G18660,0.009090195517689347
AT3G15740,AT1G16510,0.009089993829524301
AT1G76920,AT4G03100,0.00908823935563673
AT5G51790,AT2G20550,0.009087909457330732
AT4G22720,AT4G21280,0.009087571541151026
AT2G27810,AT1G74470,0.009087316789823498
AT2G36250,AT3G61190,0.009087087980086582
AT4G38890,AT4G29840,0.00908683589224702
AT3G54790,AT2G23270,0.009083979583452473
AT2G44000,AT4G38860,0.00908029091501164
AT3G17430,AT3G19320,0.009079680793574867
AT5G51280,AT5G48850,0.009078743920516691
AT3G03790,AT1G72600,0.009076830213729667
AT2G35910,AT2G45510,0.009075686651112842
AT5G45070,AT1G78370,0.009075056007755215
AT3G44910,AT1G23720,0.009074225085376128
AT2G46490,AT3G17520,0.009069680283396076
AT5G40390,AT5G48930,0.009068927577381434
AT3G55850,AT3G55980,0.009067022628153879
AT4G36770,AT4G26010,0.009066194353206556
AT1G23440,AT5G54270,0.009066185693404148
AT5G56850,AT4G26010,0.009064905120969299
AT3G19553,AT2G20610,0.009062118593052832
AT4G07521,AT4G08540,0.009056428265422812
AT3G05090,AT5G64790,0.009054004769129504
AT1G23440,AT1G61520,0.009051579837188493
AT3G18400,AT4G24260,0.009044871669896386
AT3G13070,AT5G11890,0.00904231217820549
AT1G70610,AT4G26010,0.009039518180407114
AT5G15060,AT5G08640,0.009038631863434574
AT5G53390,AT5G09750,0.009038283738019879
AT5G62630,AT2G28820,0.009037637773314225
AT5G66675,AT1G74450,0.009036614204801296
AT2G47910,AT2G05935,0.00903652130428165
AT1G63220,AT1G08380,0.009033422201643212
AT5G62630,AT1G34680,0.00903310148789738
AT3G13070,AT1G72600,0.009031443840975708
AT5G45113,AT3G48930,0.009030070037294596
AT1G21990,AT3G17520,0.009029031905330196
AT1G02780,AT3G28715,0.009027960350534825
AT4G31300,AT3G60770,0.009027027787689936
AT1G42705,AT1G72600,0.009025439210004505
AT3G14680,AT3G02080,0.009023802760801256
AT3G18400,AT2G46630,0.009022884985772238
AT3G20155,AT2G38470,0.009019526611195474
AT2G21820,AT1G14940,0.009018187754164788
AT4G25750,AT2G26660,0.009017466746986353
AT2G39420,AT2G03720,0.009016211595487354
AT4G35720,AT2G23240,0.009013313919306149
AT3G17910,AT4G12030,0.009012972138093215
AT2G26960,AT2G46400,0.009012261724603881
AT4G33030,AT1G04560,0.009006906050979325
AT3G16000,AT5G59250,0.009004882347646282
AT5G66920,AT5G67330,0.009003535217094303
AT1G70260,AT5G12900,0.009002667396686492
AT4G30935,AT3G50970,0.009001331964832727
AT5G02200,AT5G59690,0.00899916389229518
AT5G44700,AT5G52300,0.00899701890328946
AT2G33420,AT5G10040,0.008994823049111771
AT1G56310,AT2G22510,0.008992918007392126
AT5G46910,AT4G14960,0.008991075662820815
AT5G38820,AT5G46280,0.008990313308593333
AT3G08740,AT4G37930,0.008987821294969313
AT2G29580,AT2G28490,0.008987560455311896
AT5G13110,AT4G39940,0.008987443161709126
AT2G02860,AT4G24680,0.008984227865228987
AT1G71950,AT5G42580,0.008984220071387437
AT1G10110,AT3G32043,0.008983979123779207
AT3G14440,AT4G36500,0.00898374453687192
AT5G39530,AT1G20940,0.008982361528672343
AT2G15690,AT4G25200,0.008981245246646076
AT1G12250,AT3G51280,0.008978341566110316
AT5G03930,AT2G33450,0.008977899907194898
AT4G25750,AT3G17790,0.008977826519404793
AT5G03360,AT1G77490,0.008975791340830078
AT4G36360,AT5G59970,0.008975726750987107
AT2G21880,AT2G34410,0.008974988126775435
AT2G24230,AT5G40950,0.00897485257971065
AT1G15200,AT4G13930,0.008974610794943301
AT3G26235,AT1G80480,0.008970691294926579
AT5G47920,AT5G58420,0.008968593432376661
AT2G21195,AT2G40360,0.008966393463925172
AT3G19553,AT2G46650,0.00896320612910108
AT2G45800,AT1G71740,0.008961878715139688
AT4G17900,AT3G28450,0.008961700968208834
AT1G42705,AT1G80310,0.00896102544438899
AT2G41230,AT4G28250,0.008958325362423409
AT5G08410,AT3G17520,0.008957981233500098
AT3G09650,AT1G34680,0.008957572591703924
AT1G48410,AT5G57930,0.00895547272255562
AT3G14200,AT2G34410,0.00895329146703159
AT3G07910,AT1G32990,0.008952224210221718
AT1G65032,AT2G28490,0.008950145382649459
AT2G44440,AT3G58660,0.00894841552606939
AT3G17490,AT5G42150,0.008947705405037379
AT3G14395,AT1G55670,0.008946858986010409
AT3G14310,AT5G22920,0.008945134866238276
AT4G38950,AT4G22505,0.00894286309033764
AT4G07521,AT2G26530,0.008942311497606251
AT1G07410,AT5G09530,0.008939886410259593
AT1G26570,AT3G17150,0.008937013089623523
AT3G22580,AT3G02040,0.008936473126365148
AT5G11980,AT3G55980,0.00893621899837334
AT5G66220,AT1G04560,0.008933997352875173
AT3G47430,AT5G55710,0.00893260820235196
AT1G70260,AT5G12210,0.008932556422488771
AT5G19430,AT4G33070,0.008929742665310783
AT1G56190,AT3G15518,0.008929709757621774
AT1G13920,AT4G11170,0.008928745245304643
AT2G28160,AT5G22650,0.008927687196449518
AT5G62350,AT3G32990,0.008925813567357221
AT5G07950,AT5G07330,0.008923956589920819
AT2G37250,AT3G02550,0.008923557419217144
AT1G17370,AT2G32060,0.008923474945461795
AT2G07669,AT4G23020,0.008923116672026866
AT4G11393,AT2G37470,0.008923069766159909
AT3G50920,AT5G54490,0.008921649683513982
AT4G13160,AT4G35390,0.008921206801312294
AT5G67320,AT5G51440,0.008921095755247258
AT2G21385,AT2G43400,0.008918446204417828
AT3G22580,AT5G20150,0.008910946226617625
AT4G35720,AT2G15010,0.008909466744724166
AT4G11930,AT4G29700,0.008909295104972835
AT4G01490,AT3G22640,0.008903936715565558
