gene1,gene2,value,rank
AT5G04140,AT5G07440,0.05109992918814647,1
AT4G08850,AT4G31550,0.05473223365871652,1
AT1G30730,AT5G44585,0.04582152744688224,1
AT2G30490,AT2G42360,0.04965343953429202,1
AT2G25000,AT4G27730,0.04439489198644902,1
AT1G66220,AT5G59100,0.023667489108102523,1
AT3G59880,AT1G65490,0.03689584893795697,1
AT1G64280,AT4G38560,0.041293720687328665,1
AT2G37040,AT1G51680,0.08818081209755445,1
AT3G45060,AT4G28140,0.03827715637269563,1
AT5G44530,AT2G39850,0.032280417117258764,1
AT1G20150,AT5G03620,0.03034869565217373,1
AT1G02450,AT3G25882,0.05928254801375438,1
AT1G30720,AT5G39580,0.05330801513237619,1
AT5G53460,AT2G15620,0.036883659712029185,1
AT3G29034,AT1G51890,0.04848302955539677,1
AT4G20000,AT5G67450,0.05932375480769684,1
AT1G15950,AT1G37130,0.0733922444705147,1
AT5G10450,AT5G20250,0.036233418013587086,1
AT3G14240,AT2G05920,0.046580780358009805,1
AT1G08090,AT5G59090,0.036350546690726564,1
AT5G59130,AT5G45650,0.06574124156960247,1
AT2G06050,AT2G30360,0.036019646882983675,1
AT1G70530,AT2G44490,0.038023591734441066,2
AT2G42360,AT1G65690,0.046805471707507235,2
AT1G30720,AT5G48430,0.04945031744067312,2
AT5G04140,AT5G44530,0.04089787512517791,2
AT3G50480,AT3G21080,0.021196459158873214,2
AT4G35180,AT3G25882,0.05751815395859624,2
AT1G12940,AT1G20160,0.027214179987208445,2
AT2G44370,AT2G36690,0.06946036801470654,2
AT4G39400,AT5G58820,0.016473925439401918,2
AT2G44370,AT5G44585,0.070720171438934,2
AT4G20000,AT1G49000,0.04563869080877502,2
AT3G26210,AT5G40780,0.04747027268232512,2
AT2G41220,AT2G39850,0.03079618780189835,2
AT4G38560,AT2G37710,0.043156928161334436,2
AT1G20150,AT2G38900,0.020785394606256,2
AT1G72300,AT1G37130,0.036492185690968036,2
AT2G06050,AT4G24160,0.02814666896324267,2
AT5G50200,AT5G40780,0.04243341993733829,2
AT3G52450,AT1G61360,0.05249038399821464,2
AT1G04110,AT5G03620,0.016840055795525742,2
AT5G13930,AT2G15620,0.0232851692092332,2
AT4G33430,AT1G35160,0.02236941923599975,2
AT5G06950,AT2G30360,0.013158408614584815,2
AT4G20850,AT5G58840,0.01892221085208481,2
AT4G20850,AT1G32950,0.025849947058703998,2
AT5G50200,AT3G29034,0.04650157372418278,2
AT5G20250,AT5G07440,0.02305250174552237,2
AT2G22122,AT5G59090,0.01938605595310136,2
AT1G70530,AT1G64280,0.044929146707216684,2
AT1G15950,AT5G54160,0.0366235211321535,2
AT4G34980,AT5G67360,0.039260039807517084,2
AT1G32970,AT5G59100,0.023211516946933124,2
AT5G59080,AT5G19660,0.029260242178664988,2
AT3G14240,AT3G49780,0.0400122599904448,2
AT3G46280,AT2G17740,0.03880795937269725,2
AT4G20860,AT3G22060,0.0472557675090708,2
AT2G39200,AT2G02220,0.0603446979356409,2
AT5G59190,AT5G20480,0.015360417728189428,2
AT2G19170,AT1G01900,0.02968863967156841,2
AT2G05920,AT5G67360,0.043125410394114085,2
AT3G14067,AT1G20160,0.029835126804353605,2
AT2G04160,AT2G41220,0.0346186739318034,2
AT5G39580,AT5G48430,0.04747320724316896,2
AT2G30360,AT5G67360,0.02539475366633573,3
AT2G30490,AT2G39530,0.036944174514174456,3
AT1G70530,AT2G02220,0.0341371494109384,3
AT4G20860,AT2G42360,0.05019335796267257,3
AT2G02220,AT2G36690,0.05272923231448132,3
AT3G45060,AT2G38900,0.027513880926309044,3
AT5G58820,AT5G59100,0.016365420636815526,3
AT5G55050,AT1G14780,0.03299471589950069,3
AT4G33430,AT4G39400,0.03894497269477033,3
AT5G55050,AT3G59880,0.021888767502556958,3
AT2G25470,AT1G05300,0.025969745045866143,3
AT5G58840,AT4G00230,0.01928753873256534,3
AT5G06950,AT5G59810,0.014261003062052168,3
AT1G51620,AT3G22060,0.05071093421688084,3
AT2G39530,AT2G17740,0.03440777487680026,3
AT5G45640,AT1G32970,0.013147479286856441,3
AT4G27730,AT3G19450,0.0250609140259962,3
AT1G72300,AT3G19930,0.02324706660455729,3
AT3G49780,AT2G05920,0.043971248263222525,3
AT1G62340,AT1G01900,0.012301849829267436,3
AT1G64170,AT1G05300,0.035649535933726675,3
AT1G64280,AT4G08850,0.03761822876323402,3
AT4G33430,AT4G20850,0.01804718940803675,3
AT2G19170,AT2G38900,0.024942648164756016,3
AT3G50470,AT4G31800,0.03535908122606485,3
AT3G19930,AT1G51680,0.03462471271553928,3
AT2G04160,AT5G19660,0.03457313282332758,3
AT1G30720,AT3G19930,0.04325910514930631,3
AT4G39400,AT2G01950,0.01263863005272379,3
AT1G51890,AT1G65690,0.04662408380436714,3
AT5G37600,AT1G05300,0.04688833266496068,3
AT1G49000,AT4G01700,0.039578788111364914,3
AT3G48650,AT4G24160,0.02699499572358886,3
AT5G54160,AT2G37040,0.03732934494440224,3
AT5G04140,AT3G19450,0.03324593521932264,3
AT5G20480,AT2G19190,0.023043021629570355,3
AT1G30600,AT4G21323,0.017131694774206598,3
AT3G26210,AT5G37600,0.05452823998144424,3
AT1G20150,AT5G58820,0.016486101877464115,3
AT3G50470,AT3G25882,0.0396326546456918,3
AT2G25000,AT1G64170,0.0316959013054761,3
AT4G01250,AT3G52450,0.05502659616679143,3
AT1G02450,AT2G37710,0.022991414816763932,3
AT1G66220,AT5G59090,0.01758371509642889,3
AT1G72300,AT1G20160,0.023642901883442848,3
AT1G15950,AT1G51680,0.03232494619659505,3
AT4G38560,AT4G08850,0.041385147635862166,3
AT2G41220,AT5G19660,0.026554104100300825,3
AT3G14240,AT4G34980,0.03825787826179888,3
AT4G39400,AT5G53460,0.010282295540026977,4
AT5G44530,AT5G51750,0.02060017896519301,4
AT2G01950,AT1G32970,0.01895030082562684,4
AT1G52200,AT2G17740,0.04350450642470377,4
AT4G21870,AT5G11940,0.014215076573098085,4
AT5G44530,AT5G59080,0.02800759651285113,4
AT3G25882,AT2G37710,0.02706127768959464,4
AT3G48650,AT5G01540,0.02690172706552144,4
AT4G26330,AT1G01900,0.010269376438689413,4
AT2G22122,AT1G51680,0.014060659126706185,4
AT1G12940,AT5G37600,0.021252555732881814,4
AT1G20150,AT4G00230,0.01558207382657342,4
AT5G13930,AT3G14067,0.014827629913376463,4
AT4G23210,AT1G51620,0.02589238855477032,4
AT3G52450,AT2G44490,0.047062940131550095,4
AT4G01250,AT4G31550,0.051133181898324484,4
AT2G25000,AT1G12940,0.03113779875563635,4
AT2G25000,AT2G41220,0.038142649564538805,4
AT5G59130,AT5G19660,0.032528077882486885,4
AT3G49780,AT1G51890,0.0351600551546056,4
AT5G66420,AT1G30720,0.03552726828274043,4
AT4G20430,AT2G04160,0.013506646333243041,4
AT3G46280,AT5G48430,0.030809258514732093,4
AT5G53110,AT1G49000,0.029621705407444007,4
AT5G37600,AT5G40780,0.030999597905692414,4
AT4G28140,AT1G01900,0.02154776722179925,4
AT1G66210,AT4G26330,0.014530772355770345,4
AT4G35180,AT4G38560,0.03753108645340282,4
AT4G01250,AT1G19380,0.05518539003086157,4
AT4G35180,AT5G01540,0.0364317765586708,4
AT5G51750,AT2G31400,0.0214062887271594,4
AT2G39200,AT2G36690,0.05841656673395081,4
AT5G59130,AT1G02450,0.024606364819998703,4
AT3G29034,AT2G05920,0.040498127039341185,4
AT2G19170,AT3G45060,0.021696162540641002,4
AT4G21326,AT1G66220,0.01692762499466251,4
AT4G21326,AT4G20850,0.020784882068122474,4
AT4G21326,AT1G08090,0.04186384257689524,4
AT1G51620,AT2G36690,0.046277798047892886,4
AT2G31400,AT1G20160,0.016160789710797274,4
AT2G25470,AT3G59880,0.02426808912164474,4
AT1G15950,AT2G37040,0.03036914846089215,4
AT5G66420,AT2G19190,0.02631488686949676,4
AT5G13930,AT1G35160,0.013404018687728392,4
AT5G58840,AT1G32950,0.013136139155363288,4
AT5G04140,AT2G15620,0.0312812634319613,4
AT2G30490,AT3G22060,0.035518796884988935,4
AT2G25470,AT4G27730,0.030382223057429287,5
AT2G25470,AT1G12940,0.03405072809146779,5
AT1G71950,AT2G15620,0.02470538472115557,5
AT1G64170,AT5G37600,0.02946065695769129,5
AT2G44370,AT1G49000,0.056442257481226624,5
AT3G48650,AT3G52450,0.028613131815632326,5
AT4G23210,AT1G61380,0.02351572820624513,5
AT1G37130,AT3G19930,0.029471076343286527,5
AT4G01250,AT1G61360,0.047824952346550084,5
AT5G66420,AT5G39580,0.024539167929050767,5
AT1G72300,AT4G20430,0.02007367457797101,5
AT5G45650,AT5G19660,0.02372976015211728,5
AT1G64170,AT2G25470,0.031113243047113194,5
AT5G54160,AT4G30190,0.030431327621995345,5
AT2G41220,AT4G27730,0.024334549652857026,5
AT1G19380,AT1G65490,0.04544670734293611,5
AT3G52450,AT2G39200,0.05202190178566042,5
AT5G10450,AT5G13930,0.02222756167873152,5
AT2G37040,AT2G19190,0.027369754542661245,5
AT1G51800,AT5G48430,0.048806713533308316,5
AT2G17740,AT3G22060,0.04184209597806485,5
AT4G35180,AT4G31800,0.05285771718255113,5
AT1G61360,AT2G44490,0.055529304612997536,5
AT5G10450,AT2G22122,0.02284260035394724,5
AT2G25000,AT3G26210,0.027679339023649385,5
AT4G38560,AT4G31800,0.027436293079934008,5
AT1G61380,AT2G37710,0.023960662711397046,5
AT1G21670,AT5G59080,0.01800429645547033,5
AT5G46330,AT4G28140,0.03106649517389672,5
AT1G32970,AT4G00230,0.012545393775519643,5
AT4G21410,AT1G61360,0.01353702280760237,5
AT3G50480,AT3G50470,0.02011619754641441,5
AT5G11940,AT4G20850,0.017707194958966506,5
AT4G21326,AT2G38900,0.013859145125863592,5
AT3G14240,AT5G67360,0.03016222677329044,5
AT5G59130,AT2G04160,0.026505949904018826,5
AT3G19010,AT4G08850,0.036098036197315886,5
AT3G19010,AT4G31550,0.03419434611331687,5
AT3G29034,AT1G65690,0.03577978084131301,5
AT4G34980,AT2G05920,0.03406796560007179,5
AT3G21080,AT3G25882,0.021635324623152603,5
AT5G59810,AT3G14067,0.01101165619883127,5
AT1G20150,AT5G59080,0.01287530884217424,5
AT1G04110,AT1G62340,0.011933033985420354,5
AT3G45060,AT4G30190,0.020782213161191915,5
AT3G21080,AT2G39850,0.0400725602746193,5
AT4G33430,AT5G58820,0.015173540508586837,5
AT4G01700,AT1G51680,0.020082696193329527,5
AT1G19380,AT3G59880,0.04656207106418987,5
AT5G11940,AT1G66220,0.01344092381908008,5
AT5G59130,AT1G32950,0.01907216847089727,6
AT5G59190,AT5G58820,0.011660090873043876,6
AT1G15950,AT1G20160,0.023336327306496287,6
AT2G04160,AT2G30360,0.023843455306006216,6
AT2G44370,AT1G51620,0.058126278896425985,6
AT5G44585,AT2G44380,0.0250608068960432,6
AT1G64170,AT3G26210,0.02890019462589385,6
AT5G67450,AT1G49000,0.021091157517546213,6
AT4G39400,AT1G66220,0.010037123815759287,6
AT4G34980,AT2G39850,0.029427510861055644,6
AT5G01540,AT3G19010,0.036180061149416236,6
AT4G33430,AT5G59090,0.015211933573010091,6
AT5G07440,AT2G37040,0.02293406201462653,6
AT2G06050,AT5G67360,0.022590611117060497,6
AT4G28140,AT4G30190,0.017038155807979277,6
AT5G20480,AT4G08850,0.016517009984830532,6
AT1G30730,AT2G39200,0.029648034953377086,6
AT2G06050,AT2G38900,0.014548904494339522,6
AT4G01250,AT2G39200,0.04593052127006799,6
AT5G13930,AT5G20250,0.01452950194115635,6
AT4G23210,AT3G21080,0.03358706326776078,6
AT3G52450,AT4G21410,0.041131521899487884,6
AT5G53460,AT2G41220,0.02918675472074356,6
AT1G64280,AT2G44490,0.026546644146839042,6
AT5G59190,AT1G32970,0.010416100724646963,6
AT2G15620,AT5G40780,0.016549315341990285,6
AT1G37130,AT1G51680,0.018124616325340667,6
AT2G01950,AT1G01900,0.01588156391522214,6
AT2G01950,AT5G59810,0.010903416815955374,6
AT4G21326,AT1G37130,0.013079296267030296,6
AT4G20430,AT5G45650,0.011662870989916887,6
AT2G25000,AT3G19450,0.024640667414795283,6
AT3G26210,AT3G50470,0.03294874960606009,6
AT1G19380,AT4G31550,0.03026680279417992,6
AT5G46330,AT5G67090,0.035221205824445316,6
AT4G20860,AT1G52200,0.04016631340356672,6
AT3G50480,AT5G37600,0.025571063466182462,6
AT4G20860,AT2G30490,0.04063306925887713,6
AT4G21323,AT5G45640,0.009496273855919087,6
AT4G21870,AT5G20250,0.011614511733971622,6
AT4G21323,AT5G59810,0.008346550050121443,6
AT1G12940,AT4G27730,0.025017280567308186,6
AT5G04140,AT1G65490,0.02676395332645997,6
AT1G04110,AT1G20160,0.010802235126266293,6
AT1G02450,AT3G50470,0.015851102418949655,6
AT1G61360,AT5G67090,0.03885317649810675,6
AT3G49780,AT3G29034,0.034781102597777155,6
AT4G00230,AT3G19450,0.014036265565701402,6
AT3G46280,AT5G66420,0.039399667211647976,6
AT1G04110,AT1G08090,0.014997513310706078,6
AT4G21323,AT4G20850,0.009995500337350796,6
AT5G11940,AT5G59090,0.02738174656914756,7
AT4G21326,AT5G59090,0.012531990084324464,7
AT2G22122,AT2G37040,0.010603501104425542,7
AT2G22122,AT3G45060,0.014079241429430763,7
AT3G49780,AT5G67360,0.033707934535398235,7
AT4G21870,AT5G19660,0.012259980858129965,7
AT1G30730,AT2G36690,0.02609465130651236,7
AT2G25470,AT2G44380,0.018137274738421368,7
AT1G64280,AT4G31800,0.025761364220307267,7
AT5G20480,AT4G39400,0.014207190633040975,7
AT5G11940,AT5G59810,0.012630400891392356,7
AT2G38900,AT5G67090,0.021654662195144583,7
AT5G03620,AT4G21323,0.009577975992998821,7
AT5G06950,AT1G66220,0.010070641632371835,7
AT5G04140,AT2G39850,0.02303842475182313,7
AT2G17740,AT5G48430,0.03966221117895018,7
AT2G19170,AT5G45640,0.015796386094677622,7
AT2G19170,AT2G39850,0.017208779595524158,7
AT4G00230,AT1G35160,0.013813855397704215,7
AT2G05920,AT5G51750,0.02634866951260574,7
AT3G14240,AT1G65690,0.025267433294456274,7
AT5G39580,AT4G31550,0.03188451218293538,7
AT3G46280,AT2G39530,0.028195193598833605,7
AT2G42360,AT2G19190,0.02490427052067536,7
AT2G04160,AT5G45650,0.02115511556071641,7
AT4G35180,AT3G50470,0.0345646849843617,7
AT3G50480,AT3G25882,0.01867096599769924,7
AT5G10450,AT1G21670,0.011623366614406428,7
AT1G51890,AT5G40780,0.04993296600245844,7
AT1G51890,AT2G39530,0.03276917783710593,7
AT3G52450,AT5G01540,0.03961117875938452,7
AT5G51750,AT1G20160,0.022513165436523548,7
AT3G49780,AT1G71950,0.03262849951966343,7
AT5G55050,AT2G39530,0.015194594271824378,7
AT5G13930,AT3G19450,0.011925647015023673,7
AT1G19380,AT2G44490,0.026410840069399262,7
AT5G58820,AT1G01900,0.011130797594560244,7
AT1G14780,AT4G21410,0.013836881080174735,7
AT1G72300,AT1G15950,0.013774504987371159,7
AT4G20860,AT2G17740,0.038765501997126486,7
AT3G48650,AT4G31800,0.02367238137794498,7
AT5G66420,AT4G01700,0.02331892862453584,7
AT4G20000,AT5G44585,0.03385416290267658,7
AT4G01250,AT2G36690,0.044985357520351515,7
AT1G30720,AT4G08850,0.0377522489550987,7
AT4G20000,AT1G30730,0.039544904803031036,7
AT1G14780,AT2G30360,0.014947390063850331,7
AT2G39200,AT1G51620,0.05184215415761795,7
AT4G34980,AT2G30360,0.0293492811971081,7
AT5G07440,AT1G37130,0.02301985186910473,7
AT1G30730,AT2G44370,0.03367005246135489,8
AT5G59080,AT1G62340,0.013905506308097613,8
AT1G20150,AT1G62340,0.011831653795273228,8
AT3G48650,AT4G38560,0.020597243373001912,8
AT4G35180,AT1G02450,0.027683312184956205,8
AT4G21326,AT1G20150,0.014534724607733527,8
AT5G55050,AT1G05300,0.01514534738363021,8
AT4G15040,AT5G59100,0.009856605719784656,8
AT4G08850,AT1G51680,0.034146613832201925,8
AT1G19380,AT5G39580,0.024616779013503023,8
AT1G72300,AT5G20480,0.013043172976951777,8
AT4G21870,AT3G19450,0.010171475287595185,8
AT1G51800,AT1G52200,0.0349214798210697,8
AT1G15950,AT3G19930,0.02052285725802916,8
AT5G66420,AT2G37040,0.030848925537910656,8
AT1G64170,AT4G27730,0.04481132626332207,8
AT1G77380,AT2G39850,0.017620994810996982,8
AT3G46280,AT1G52200,0.02226673107995745,8
AT4G01250,AT4G24160,0.05900847707988838,8
AT4G08850,AT3G19930,0.04431380116503345,8
AT1G64170,AT2G44380,0.01776340465334422,8
AT5G59810,AT1G66220,0.009257774529940137,8
AT5G66420,AT5G48430,0.02259525085841104,8
AT4G21323,AT1G20160,0.012506579799733356,8
AT2G02220,AT1G61360,0.04537760552064658,8
AT3G45060,AT1G32950,0.022311087988835326,8
AT1G30720,AT4G31550,0.027092320572421245,8
AT5G45640,AT1G62340,0.010505048250525692,8
AT5G11940,AT5G58840,0.011535415275777632,8
AT4G21870,AT2G31400,0.013314590014693569,8
AT4G01250,AT2G44490,0.037290835023670726,8
AT2G04160,AT1G32950,0.020939870135230045,8
AT1G21670,AT3G26210,0.010336824283216958,8
AT4G24160,AT1G61360,0.02765066541399376,8
AT4G24160,AT2G30360,0.02102460001782055,8
AT4G20430,AT4G00230,0.012521238147957556,8
AT4G39400,AT5G03620,0.008271094187822542,8
AT4G30190,AT5G59090,0.034742046655367134,8
AT2G44370,AT2G17740,0.060011652488448426,8
AT2G19170,AT1G62340,0.01540959207354885,8
AT2G41220,AT4G30190,0.017481965715219747,9
AT1G64170,AT4G30190,0.016154926297041947,9
AT5G67450,AT2G44380,0.019709306576523446,9
AT4G35180,AT4G23210,0.027108226897681702,9
AT3G14067,AT2G39850,0.01468992796883816,9
AT3G45060,AT5G45650,0.019880361282920624,9
AT3G19930,AT1G20160,0.02971816887670058,9
AT2G19170,AT4G30190,0.015252903098364438,9
AT5G50200,AT5G37600,0.03617668997106538,9
AT3G50470,AT5G40780,0.023054380417123214,9
AT2G44370,AT2G02220,0.053147992509785504,9
AT5G53110,AT1G05300,0.02580347591748958,9
AT5G53110,AT3G29034,0.02578280360246185,9
AT2G06050,AT4G28140,0.018584314596711976,9
AT5G04140,AT5G58840,0.022200789613811615,9
AT5G03620,AT4G15040,0.00840119373135835,9
AT5G04140,AT2G30360,0.02884404423241964,9
AT5G67450,AT1G65490,0.031052054695704264,9
AT1G51890,AT3G26210,0.03823619119224058,9
AT5G58820,AT1G32970,0.00942590348007285,9
AT3G26210,AT2G37710,0.029759199573353205,9
AT1G04110,AT2G01950,0.010385401549471427,9
AT1G64170,AT1G12940,0.022913312401133274,9
AT5G59810,AT4G00230,0.013899687298514882,9
AT4G33430,AT2G15620,0.009805618170333324,9
AT3G49780,AT1G65690,0.026544157243176828,9
AT4G24160,AT4G31800,0.0327260147835956,9
AT3G19010,AT2G44490,0.03204179731257787,9
AT3G19010,AT5G67090,0.051966626176271784,9
AT4G21326,AT5G45640,0.011833615628241078,9
AT5G11940,AT5G59100,0.010832161137958951,9
AT3G48650,AT1G61360,0.020307209521499853,9
AT5G11940,AT4G15040,0.014319901669290959,9
AT4G20860,AT1G51800,0.030560284757616775,9
AT1G14780,AT2G25470,0.013025489343878026,9
AT1G51800,AT2G19190,0.04316976595948375,9
AT2G22122,AT4G26330,0.009583583223076043,9
AT5G06950,AT4G27730,0.008790755509183144,9
AT1G51800,AT3G46280,0.03526152661216598,9
AT2G39200,AT2G44370,0.05023017595021762,9
AT5G06950,AT2G31400,0.010097157499764087,9
AT1G72300,AT4G39400,0.02118158438579081,9
AT5G45650,AT1G32950,0.016991920731773483,9
AT3G52450,AT4G31550,0.03834457975349554,9
AT5G51750,AT5G67360,0.016910871158690097,9
AT1G77380,AT3G45060,0.021756806000867827,9
AT2G30490,AT5G54160,0.048968112086225,9
AT4G20430,AT5G19660,0.010465219180929108,9
AT5G59080,AT5G58840,0.01304904033114852,9
AT3G45060,AT5G54160,0.01753598262996698,10
AT5G01540,AT1G61360,0.039045003616855985,10
AT1G14780,AT5G59080,0.012380921899781594,10
AT5G01540,AT2G37710,0.03272216215201158,10
AT4G20430,AT1G77380,0.009918132075531216,10
AT1G52200,AT3G29034,0.051340431818102564,10
AT1G77380,AT2G04160,0.02291385377999475,10
AT1G14780,AT1G35160,0.03723010329823345,10
AT1G52200,AT5G39580,0.034475122067107684,10
AT5G67450,AT4G38560,0.019042218219382286,10
AT2G05920,AT1G65690,0.02021777698969856,10
AT4G20000,AT1G05300,0.029004616147767563,10
AT4G20000,AT2G02220,0.03050704843751232,10
AT4G20000,AT5G53110,0.03773806359445536,10
AT4G20000,AT2G44370,0.04268649463942897,10
AT5G45650,AT3G19450,0.013600177658752769,10
AT2G01950,AT4G15040,0.009207320428165702,10
AT1G30720,AT4G01700,0.034633558005646777,10
AT1G04110,AT1G30600,0.009960250791894129,10
AT2G38900,AT5G67360,0.0174662198392053,10
AT1G62340,AT1G32970,0.008823905683052217,10
AT4G21326,AT5G58840,0.011663881403817144,10
AT4G20850,AT5G59100,0.011744225488466788,10
AT4G15040,AT1G01900,0.015604226820350875,10
AT1G65490,AT3G19450,0.012803076048751057,10
AT2G25000,AT2G37710,0.01956307119529,10
AT4G38560,AT1G61380,0.01832105837343344,10
AT4G08850,AT2G19190,0.03137198222001907,10
AT5G10450,AT1G15950,0.011204497585105994,10
AT4G00230,AT5G59100,0.01107519722272723,10
AT1G70530,AT4G35180,0.018519453079636625,10
AT1G51680,AT2G19190,0.017771967591996198,10
AT5G40780,AT3G25882,0.021410436390019844,10
AT5G04140,AT5G59080,0.02055414764415259,10
AT1G51620,AT2G02220,0.03688273340167363,10
AT5G67450,AT3G21080,0.022349489081570167,10
AT2G19170,AT5G53460,0.015123645771190875,10
AT3G48650,AT5G67450,0.01958699259244555,10
AT5G06950,AT5G07440,0.008867951923100909,10
AT4G39400,AT5G67360,0.008061727496332091,10
AT5G20480,AT5G58840,0.012261869940458652,10
AT2G30490,AT2G17740,0.02449988257439339,10
AT2G22122,AT1G15950,0.009251445965735045,10
AT5G20480,AT5G45640,0.015924999906583682,10
AT3G52450,AT2G02220,0.037796712432217536,10
AT1G20150,AT5G45640,0.008858137124771369,10
AT1G30600,AT1G20160,0.017242315921029122,10
AT4G28140,AT5G54160,0.013216564261687266,10
AT3G48650,AT1G64280,0.02730655292572199,10
AT5G07440,AT3G19930,0.031235966668579963,10
AT1G66210,AT5G06950,0.010802732544560758,10
AT5G44530,AT2G41220,0.012131441356763148,10
AT5G58840,AT3G19450,0.0089798002167954,11
AT1G66220,AT1G20160,0.00851686802405719,11
AT4G15040,AT5G58820,0.010575042736493349,11
AT2G36690,AT1G61360,0.0508478869595952,11
AT5G07440,AT2G30360,0.020792376436111367,11
AT3G46280,AT2G44370,0.021511596333550414,11
AT1G64280,AT5G20480,0.030537443786443682,11
AT3G14067,AT1G01900,0.010927731256346909,11
AT1G32950,AT5G19660,0.019418551472317427,11
AT1G32950,AT2G39850,0.01460586736579082,11
AT3G21080,AT3G50470,0.014970603496032013,11
AT4G28140,AT5G51750,0.016707152032671688,11
AT4G31550,AT2G44490,0.026948379526329704,11
AT1G66210,AT4G21323,0.013817525929288971,11
AT4G38560,AT3G50480,0.025013527570483696,11
AT5G01540,AT1G51620,0.029448901397905992,11
AT4G24160,AT4G31550,0.018674650776306752,11
AT2G37040,AT4G01700,0.015177493910117109,11
AT5G67450,AT3G50470,0.020603210736971675,11
AT5G44585,AT2G36690,0.0232519687001036,11
AT5G03620,AT1G32970,0.009273998341803298,11
AT5G54160,AT1G51680,0.01603300195493611,11
AT5G50200,AT3G26210,0.0225538959158652,11
AT5G50200,AT1G65690,0.024008897018426786,11
AT4G23210,AT2G37710,0.037340429784412,11
AT4G39400,AT5G45640,0.008006309100304185,11
AT2G41220,AT3G14067,0.015984252664863297,11
AT5G66420,AT1G51680,0.031376912684996226,11
AT5G59130,AT3G25882,0.013342776037369232,11
AT5G66420,AT2G17740,0.017309519336796964,11
AT1G37130,AT4G27730,0.013073241474681014,11
AT1G30600,AT5G59100,0.010723424566712093,11
AT4G26330,AT5G45640,0.008738827017622764,11
AT1G64170,AT5G67450,0.015003230618938568,11
AT2G38900,AT5G51750,0.015434553306756091,11
AT1G62340,AT5G59090,0.009692171833246084,11
AT5G44530,AT5G45650,0.011357828058599296,11
AT1G62340,AT4G20850,0.008125352270591591,11
AT5G53460,AT4G30190,0.01283276551443962,11
AT1G77380,AT1G51890,0.017224531332584284,11
AT5G66420,AT3G19930,0.01932830060798009,11
AT5G67090,AT2G44490,0.00975581615490788,11
AT2G39200,AT2G17740,0.046019892426329284,11
AT1G30730,AT1G30720,0.0414759657295332,11
AT1G14780,AT3G19450,0.02505855858356193,11
AT5G55050,AT1G19380,0.011114802656754626,11
AT2G25000,AT3G21080,0.016876110372321146,11
AT1G04110,AT5G11940,0.014090940052377716,11
AT3G48650,AT3G50470,0.01814850655795408,11
AT5G10450,AT5G59130,0.010519282308540932,11
AT4G21326,AT1G30600,0.010516338116775223,11
AT4G35180,AT2G37710,0.0259488193961406,11
AT4G34980,AT5G59130,0.025849686514203614,11
AT1G14780,AT2G04160,0.014424957199129637,11
AT5G53110,AT1G51890,0.024440314064131486,11
AT4G21870,AT5G53460,0.010352718989247259,11
AT1G04110,AT5G06950,0.009834856704919076,11
AT1G72300,AT5G19660,0.011057905975084695,12
AT4G20430,AT5G58840,0.01016870907165867,12
AT4G20430,AT4G21323,0.009479285349035896,12
AT5G45650,AT1G02450,0.01255554937178118,12
AT5G03620,AT2G38900,0.007474770499526525,12
AT1G72300,AT5G59190,0.015119149987291315,12
AT1G12940,AT3G59880,0.014575049672908003,12
AT2G19170,AT4G28140,0.012576882046235029,12
AT2G04160,AT5G51750,0.014026285205661449,12
AT2G06050,AT4G27730,0.013073195866525694,12
AT1G51890,AT2G42360,0.02791655989400046,12
AT2G19170,AT5G51750,0.01261433913054525,12
AT3G48650,AT2G44490,0.017787257898263173,12
AT1G30600,AT1G37130,0.009330977609343628,12
AT4G21870,AT2G15620,0.008074048929771621,12
AT1G77380,AT3G49780,0.020390228692963887,12
AT1G77380,AT1G65690,0.018632453469157758,12
AT4G34980,AT1G65690,0.025529332658488883,12
AT2G22122,AT5G54160,0.008335844432633037,12
AT1G51620,AT1G19380,0.0371492649850365,12
AT1G51800,AT1G30720,0.03836580786960776,12
AT2G01950,AT5G59100,0.009619676521130936,12
AT2G01950,AT4G26330,0.00799981441610992,12
AT5G04140,AT5G53460,0.020517327527310482,12
AT5G04140,AT4G34980,0.01966341747832572,12
AT1G61360,AT3G22060,0.034435509212509124,12
AT1G20160,AT5G59100,0.011356842096118976,12
AT4G21410,AT1G61380,0.009283973956826166,12
AT3G50470,AT2G37710,0.0190599476064544,12
AT1G70530,AT4G20860,0.0140867996520174,12
AT5G39580,AT4G01700,0.030160262973708125,12
AT5G01540,AT4G38560,0.032480771762107626,12
AT2G01950,AT1G62340,0.008053624017545915,12
AT2G25000,AT2G25470,0.016256358527314455,12
AT5G01540,AT2G44490,0.02986709946991193,12
AT4G21326,AT1G32970,0.009750225516148056,12
AT4G08850,AT5G39580,0.032266206844361885,12
AT2G44380,AT3G26210,0.01965504449235689,12
AT4G26330,AT1G66220,0.007365426099903758,12
AT1G52200,AT5G48430,0.03930005488305055,12
AT3G19010,AT1G61360,0.03144174161318582,12
AT3G19010,AT4G24160,0.027791264994087208,12
AT3G45060,AT2G30360,0.013179802201637152,12
AT5G53110,AT5G50200,0.0237932726562668,12
AT1G64280,AT3G50480,0.018154084063910805,12
AT1G02450,AT3G21080,0.010403379027562356,12
AT2G39200,AT3G22060,0.04196111762627629,13
AT2G30490,AT1G65690,0.02957130727104809,13
AT2G39200,AT5G39580,0.05163424986794765,13
AT3G52450,AT1G30730,0.03447202328776443,13
AT5G53110,AT2G44380,0.02238484726480037,13
AT2G05920,AT5G07440,0.021458130930386444,13
AT5G53110,AT3G26210,0.029980321066780155,13
AT1G51800,AT2G42360,0.029083708736471675,13
AT5G13930,AT1G71950,0.008336734641866189,13
AT1G66210,AT5G59100,0.007263155368497927,13
AT1G51800,AT3G19010,0.033924302305289485,13
AT5G06950,AT5G58820,0.0088396575104111,13
AT2G05920,AT3G19450,0.021473069499137142,13
AT4G35180,AT5G40780,0.02501547048669315,13
AT1G08090,AT1G62340,0.010574660937722807,13
AT5G20250,AT5G58840,0.014144302880839581,13
AT1G70530,AT3G48650,0.0185339733275624,13
AT1G65690,AT5G67360,0.0341917875639918,13
AT2G42360,AT3G22060,0.02333743003379974,13
AT4G08850,AT2G44490,0.030063738646959364,13
AT5G10450,AT2G25000,0.010420307591093936,13
AT5G55050,AT4G21410,0.01066927363383428,13
AT4G15040,AT1G66220,0.012996304228388074,13
AT5G45640,AT4G15040,0.008008575472484342,13
AT2G15620,AT2G39850,0.014503387250115471,13
AT2G15620,AT2G38900,0.0160464813724685,13
AT1G04110,AT1G66210,0.007671751206122125,13
AT3G19010,AT1G19380,0.031648126037160565,13
AT2G01950,AT1G20160,0.013540930244136587,13
AT5G06950,AT5G03620,0.007324742173845625,13
AT4G20860,AT2G39200,0.02527570569607243,13
AT2G41220,AT5G59090,0.0220673913567076,13
AT5G03620,AT1G65490,0.007620731403922151,13
AT5G03620,AT2G30360,0.010116775265586271,13
AT5G03620,AT2G01950,0.015492811547136082,13
AT5G67450,AT2G37710,0.020563307160146985,13
AT1G71950,AT5G53460,0.021417298631364885,13
AT5G07440,AT5G54160,0.01764123666429896,13
AT1G30600,AT1G01900,0.009385365410706677,13
AT5G44530,AT3G19450,0.01109081371428846,13
AT4G33430,AT2G37710,0.008925901641509795,13
AT5G20480,AT1G32970,0.013869952473603332,13
AT2G22122,AT5G59810,0.008332468201763482,13
AT5G20250,AT5G59080,0.013651256888316568,13
AT2G41220,AT4G26330,0.014059809753746629,13
AT1G15950,AT5G59190,0.01478813048511174,13
AT1G66210,AT5G11940,0.008638011868123867,13
AT4G20430,AT3G19930,0.009515272071245692,13
AT2G19170,AT5G20250,0.01252086372157744,13
AT3G14240,AT2G04160,0.019188895365706303,14
AT1G20150,AT4G26330,0.008443928822584322,14
AT1G14780,AT1G19380,0.010204248505044066,14
AT5G46330,AT5G54160,0.010387706541033085,14
AT1G64170,AT1G02450,0.01417041836574037,14
AT5G59190,AT1G20160,0.007560658046295242,14
AT1G71950,AT5G67360,0.011100435356696404,14
AT5G51750,AT2G39850,0.017274752037114306,14
AT2G25000,AT5G37600,0.013191236829370637,14
AT1G30730,AT5G40780,0.017156360741298046,14
AT5G59810,AT1G32970,0.0080341688012156,14
AT2G38900,AT2G30360,0.017420240900568276,14
AT4G20000,AT2G39200,0.026796398719160404,14
AT3G14240,AT3G29034,0.016768503589632645,14
AT2G36690,AT4G31550,0.03822374387766435,14
AT3G52450,AT5G67090,0.03335446257689675,14
AT5G01540,AT4G24160,0.029097962670299075,14
AT3G29034,AT2G39530,0.02409463432448136,14
AT3G26210,AT1G61380,0.021335791940773417,14
AT4G23210,AT3G22060,0.02012400894000817,14
AT3G29034,AT1G71950,0.04049044949920098,14
AT1G30720,AT1G51680,0.03440718267562765,14
AT2G02220,AT2G44490,0.05222490911677108,14
AT5G10450,AT4G27730,0.010383400429154487,14
AT4G01250,AT2G02220,0.0309424948381943,14
AT4G01700,AT2G19190,0.024122755687968383,14
AT3G14240,AT5G51750,0.03738246273029176,14
AT5G58840,AT5G58820,0.008217807362153171,14
AT4G30190,AT2G37040,0.011417929794311566,14
AT1G52200,AT5G50200,0.04825168013444235,14
AT5G45650,AT2G39530,0.01081983585729506,14
AT5G59080,AT1G37130,0.010684557753859243,14
AT4G20000,AT2G36690,0.024304798511939816,14
AT4G20860,AT3G46280,0.026306991708505083,14
AT1G08090,AT5G11940,0.01358563045930068,14
AT5G67450,AT2G44370,0.018276382887322414,14
AT2G37040,AT3G19930,0.019510829992124324,14
AT1G21670,AT5G20250,0.022331959477524636,14
AT1G72300,AT1G30600,0.011948026328001096,14
AT5G07440,AT4G27730,0.015465899679604073,14
AT1G51800,AT3G22060,0.028898266081139736,14
AT1G04110,AT5G59190,0.007570890170416105,14
AT5G46330,AT2G38900,0.028360511710897318,14
AT1G70530,AT2G37710,0.017036225556585658,14
AT5G06950,AT1G37130,0.007310653365647028,14
AT5G59080,AT5G59090,0.013046316165811934,14
AT2G06050,AT3G19010,0.010882650127207336,14
AT5G45650,AT4G20850,0.018533501632980467,14
AT1G72300,AT5G59130,0.011338025302507188,14
AT1G20150,AT5G58840,0.007783680266800717,14
AT1G52200,AT1G51890,0.042980219623799804,14
AT1G62340,AT1G65490,0.007539145258795317,14
AT4G21870,AT1G35160,0.007810380534889617,14
AT4G21326,AT4G21323,0.008458454461576366,14
AT4G35180,AT1G64280,0.02825278836147873,15
AT5G03620,AT1G62340,0.007256355102511797,15
AT5G59190,AT4G20850,0.006482499476445732,15
AT4G35180,AT1G51890,0.02808416274633636,15
AT4G38560,AT5G37600,0.014904549528052313,15
AT2G36690,AT3G22060,0.0354624058956689,15
AT1G66210,AT1G20160,0.006634241049961574,15
AT2G38900,AT5G58820,0.01310450548890325,15
AT5G45640,AT2G19190,0.007741330081715272,15
AT5G53110,AT5G44585,0.01846030287888261,15
AT5G55050,AT1G35160,0.0181200269732492,15
AT1G66210,AT1G20150,0.02528138800495084,15
AT2G25470,AT2G19190,0.013453707316507859,15
AT5G55050,AT3G46280,0.010295731989213993,15
AT5G67450,AT5G44585,0.017497479516309908,15
AT1G08090,AT5G20250,0.007390374602232537,15
AT1G08090,AT2G31400,0.008221536887384438,15
AT2G44370,AT1G30720,0.03764774333639701,15
AT4G20430,AT1G32970,0.008584563510729568,15
AT1G52200,AT5G40780,0.031837355032550384,15
AT5G44585,AT1G51620,0.018278689599550663,15
AT5G59080,AT5G45640,0.01054944052097358,15
AT2G04160,AT2G39850,0.012512515656575688,15
AT4G39400,AT3G14067,0.006271677372542793,15
AT2G39200,AT1G61360,0.0590065553689106,15
AT1G72300,AT5G45650,0.010180511084154659,15
AT1G20150,AT5G59090,0.00834118734453979,15
AT3G19010,AT4G01700,0.03356283882962851,15
AT4G39400,AT5G59810,0.007585195228190503,15
AT3G19010,AT5G39580,0.02702504447528837,15
AT4G27730,AT5G19660,0.01449210097177312,15
AT1G61380,AT5G40780,0.01851022925137557,15
AT4G21870,AT5G06950,0.007818584077278937,15
AT1G12940,AT5G51750,0.014129476424818004,15
AT4G34980,AT1G32950,0.03517468041433626,15
AT5G13930,AT5G03620,0.007804690675543553,15
AT1G51800,AT4G08850,0.03564024853196386,15
AT2G39530,AT1G65690,0.019899305269995327,15
AT4G20860,AT2G39530,0.04078314316166096,15
AT1G30730,AT2G17740,0.016426838854769744,15
AT4G34980,AT3G29034,0.021721078781533967,15
AT4G23210,AT3G25882,0.03033611612668609,15
AT5G59130,AT2G39530,0.012035596226536922,15
AT3G26210,AT1G05300,0.021153267402327505,15
AT3G45060,AT2G30490,0.011617198818887241,15
AT1G30730,AT2G02220,0.019841776143684414,15
AT5G44530,AT1G65490,0.010914148798252456,15
AT4G21323,AT5G58840,0.007713227424275839,15
AT3G52450,AT2G36690,0.0317607071883792,15
AT5G59190,AT1G66210,0.011665648111451129,15
AT4G28140,AT4G31800,0.01104119975412352,15
AT4G38560,AT3G50470,0.019115106103276044,15
AT5G59810,AT5G58820,0.007216360018911014,16
AT2G05920,AT5G58840,0.015446017182704209,16
AT4G24160,AT4G27730,0.0188793550337164,16
AT4G20860,AT1G51620,0.02645288510880028,16
AT2G04160,AT1G35160,0.012186079253890286,16
AT3G49780,AT2G42360,0.014986241607369152,16
AT1G04110,AT5G59100,0.010284464316308693,16
AT1G51800,AT1G51620,0.0282778781955176,16
AT3G19010,AT1G30720,0.02553265594085909,16
AT5G06950,AT4G30190,0.006851197177522213,16
AT4G35180,AT4G24160,0.021135767809668686,16
AT1G64280,AT2G37710,0.02219879100731795,16
AT5G03620,AT1G66220,0.009978373406387443,16
AT1G04110,AT4G21323,0.007293344370154481,16
AT3G52450,AT4G24160,0.03135215705567231,16
AT1G72300,AT3G14067,0.010115036231834568,16
AT5G45640,AT4G20850,0.007707867685083291,16
AT1G08090,AT1G32970,0.016531644506923328,16
AT5G59080,AT5G59100,0.0097478715793034,16
AT2G39530,AT2G36690,0.01808658163002729,16
AT2G44370,AT5G48430,0.03327951370057942,16
AT2G36690,AT2G17740,0.04510875838242962,16
AT4G33430,AT5G53460,0.00832619434251133,16
AT4G21326,AT5G03620,0.012447119705382814,16
AT1G20150,AT5G19660,0.009314841250439116,16
AT5G58820,AT4G00230,0.009129053531828621,16
AT3G14240,AT1G30600,0.018733068550634842,16
AT1G71950,AT5G45650,0.010056863556971326,16
AT3G14240,AT3G19450,0.014638823544988962,16
AT5G01540,AT2G02220,0.028011363290619817,16
AT5G59190,AT2G01950,0.008953071489095977,16
AT1G21670,AT1G30730,0.008310867020554289,16
AT4G23210,AT3G50480,0.016954566643665157,16
AT5G07440,AT1G20160,0.024226304918103715,16
AT4G01250,AT1G51620,0.022364005230130844,16
AT3G26210,AT4G27730,0.020639856528345057,16
AT1G70530,AT1G61380,0.012720484544514046,16
AT1G77380,AT5G59130,0.015508880768908566,16
AT1G65690,AT5G40780,0.02591638923632858,16
AT1G51800,AT5G39580,0.03365098042814392,16
AT1G15950,AT5G07440,0.012905376617261677,16
AT3G46280,AT2G30490,0.01739439575854574,16
AT1G77380,AT1G05300,0.015336076265379238,16
AT4G20850,AT1G35160,0.008390281287616113,16
AT5G04140,AT2G05920,0.016066957320022036,16
AT4G39400,AT5G59090,0.01013320243925976,16
AT5G50200,AT2G42360,0.02022715024459201,16
AT1G19380,AT4G21410,0.016749720290649254,16
AT1G04110,AT1G01900,0.00689113083555493,17
AT3G14240,AT2G06050,0.014301068939870178,17
AT5G50200,AT5G48430,0.015586511146124738,17
AT2G31400,AT2G39850,0.008668477607258076,17
AT5G48430,AT3G22060,0.015332960200664318,17
AT3G52450,AT3G19010,0.02989674534192076,17
AT1G30600,AT2G01950,0.008054709571261377,17
AT1G51800,AT2G17740,0.02787806522155781,17
AT4G28140,AT1G32950,0.012014923733439457,17
AT3G14067,AT1G35160,0.008520140230225778,17
AT4G34980,AT1G71950,0.020362202617840736,17
AT1G72300,AT1G01900,0.00930978687975902,17
AT2G19170,AT1G15950,0.01063680286192967,17
AT3G19930,AT5G48430,0.011912169191853316,17
AT4G21410,AT2G44490,0.012525305312089669,17
AT2G39200,AT1G52200,0.039947987939661166,17
AT1G20150,AT1G66220,0.007257550214829119,17
AT2G39200,AT5G44585,0.03825072961052856,17
AT1G15950,AT3G45060,0.016596332765970938,17
AT4G28140,AT2G38900,0.019935332165355747,17
AT1G04110,AT1G66220,0.007306764802311595,17
AT1G77380,AT5G40780,0.013243730695445441,17
AT1G64280,AT3G50470,0.01373604769910116,17
AT5G53460,AT5G59090,0.015637689202226114,17
AT5G10450,AT4G15040,0.012229046203756672,17
AT5G20480,AT1G51680,0.007323543829365441,17
AT3G29034,AT5G44585,0.017684836170879438,17
AT5G20250,AT3G19930,0.01170838669266188,17
AT4G20430,AT1G01900,0.007832167506581902,17
AT3G59880,AT1G49000,0.009086031473811932,17
AT2G25470,AT3G50480,0.010256389989625778,17
AT2G25470,AT1G61380,0.01221459817729557,17
AT4G21326,AT5G59810,0.007510775042837748,17
AT5G55050,AT5G37600,0.009614633359167877,17
AT4G20850,AT3G19450,0.0077854817373819015,17
AT4G21326,AT1G15950,0.008946362124569856,17
AT1G14780,AT1G77380,0.00962418986425448,17
AT2G22122,AT2G04160,0.008046472053214822,17
AT2G36690,AT2G44490,0.032589913933832634,17
AT1G77380,AT2G41220,0.015116686631975018,17
AT4G01250,AT3G48650,0.03692664918105625,17
AT5G58820,AT5G59090,0.006993416769717205,17
AT5G07440,AT1G51680,0.013125412182822677,17
AT5G59810,AT4G15040,0.0066625205593719705,17
AT1G30600,AT4G26330,0.008923762099068477,17
AT2G44380,AT3G59880,0.01476697339487814,17
AT5G59080,AT2G39850,0.009747450831327208,17
AT5G59190,AT4G21323,0.007247063936787515,17
AT1G65490,AT2G37710,0.010728481313303688,17
AT2G06050,AT1G65690,0.009657415051373004,17
AT3G49780,AT3G26210,0.01525986585317554,17
AT4G01250,AT5G39580,0.02656183431460727,17
AT4G34980,AT5G40780,0.019327202770171137,18
AT1G72300,AT3G45060,0.009081288953911464,18
AT5G59080,AT2G41220,0.011991246839320116,18
AT3G48650,AT5G67090,0.024064611773934118,18
AT5G45650,AT5G59100,0.012714500273751643,18
AT1G51800,AT5G66420,0.04305779842992991,18
AT5G53460,AT1G37130,0.009989602713521437,18
AT1G08090,AT1G66220,0.007106181331391769,18
AT5G06950,AT2G01950,0.007857656128651734,18
AT3G48650,AT3G19010,0.015100151849997162,18
AT5G20250,AT5G19660,0.013703096647104205,18
AT1G20150,AT1G01900,0.0072199130651916426,18
AT4G21323,AT5G58820,0.007494908929732095,18
AT4G21323,AT1G66220,0.006200080301130062,18
AT3G48650,AT1G02450,0.016809022332188634,18
AT2G04160,AT2G31400,0.01194982010392196,18
AT1G37130,AT1G20160,0.016290614365791652,18
AT5G01540,AT4G31550,0.02402171852556315,18
AT1G04110,AT4G20850,0.006736987469143465,18
AT3G52450,AT5G46330,0.027415113382256048,18
AT4G20850,AT1G01900,0.007353039001655756,18
AT1G04110,AT5G59080,0.01016302347932397,18
AT3G45060,AT4G27730,0.010753366118487713,18
AT1G02450,AT3G26210,0.01379260656841381,18
AT1G02450,AT1G32950,0.012257167678332624,18
AT4G38560,AT3G21080,0.016700503931173213,18
AT1G52200,AT3G22060,0.025424610683163158,18
AT2G02220,AT4G24160,0.030442555702867687,18
AT1G65490,AT5G67360,0.014496145344165219,18
AT1G66210,AT5G03620,0.017738933700022746,18
AT3G29034,AT3G25882,0.01808167166356664,18
AT3G29034,AT1G05300,0.018062582894874987,18
AT5G53110,AT5G37600,0.02512449896928073,18
AT3G46280,AT5G39580,0.016266043626743002,18
AT5G59130,AT2G39850,0.011028827583347427,18
AT3G59880,AT1G05300,0.00904247423303032,18
AT1G19380,AT1G49000,0.013426091232572136,18
AT3G25882,AT4G31800,0.018732703933033085,18
AT3G14240,AT5G58840,0.017769238182298797,18
AT1G30720,AT2G36690,0.016785782729112686,18
AT4G30190,AT4G27730,0.008959774452717558,18
AT2G39200,AT4G31550,0.03706151118013308,18
AT4G28140,AT5G45640,0.010516208536711471,18
AT2G30360,AT5G19660,0.012521833301343236,18
AT1G65690,AT3G25882,0.02353958003316813,18
AT5G13930,AT5G51750,0.007502677199013869,18
AT1G37130,AT2G15620,0.01096518031623952,18
AT1G51800,AT2G39200,0.02572917993289792,18
AT1G30730,AT1G61360,0.014504291254258754,18
AT1G49000,AT2G44490,0.019458725499855004,18
AT1G49000,AT2G37710,0.022085737933802682,18
AT5G50200,AT1G51890,0.015574140555618022,18
AT3G59880,AT4G38560,0.011771227076073207,19
AT5G50200,AT2G39530,0.017029698122119106,19
AT5G59190,AT5G20250,0.006208139205494639,19
AT3G29034,AT2G30490,0.01713674658467144,19
AT3G48650,AT2G37710,0.013735698484950584,19
AT1G08090,AT4G15040,0.007152512093386772,19
AT2G19170,AT5G59080,0.010024372725373085,19
AT5G53110,AT1G52200,0.018369939624975386,19
AT5G58820,AT5G67090,0.006011728931569474,19
AT5G04140,AT5G11940,0.013457743552141079,19
AT5G37600,AT2G37710,0.013945146503086231,19
AT1G66220,AT1G01900,0.005457640821436476,19
AT1G15950,AT2G31400,0.012073080655982152,19
AT1G21670,AT3G50470,0.008034027157106832,19
AT1G20150,AT5G59810,0.007215926338808012,19
AT1G70530,AT3G50470,0.011468568591520302,19
AT4G38560,AT2G19190,0.015241537124029137,19
AT1G14780,AT1G64170,0.013126829982762545,19
AT3G45060,AT2G04160,0.011167566447515256,19
AT5G07440,AT5G66420,0.012765240084706793,19
AT5G10450,AT1G20150,0.009302221759609087,19
AT1G05300,AT1G61380,0.011021046245247985,19
AT2G31400,AT4G27730,0.00840564646575829,19
AT3G14067,AT4G00230,0.012410462660592168,19
AT2G25000,AT1G35160,0.020600540518880918,19
AT2G06050,AT1G32970,0.009611955930524937,19
AT5G11940,AT5G59080,0.010583438819903156,19
AT1G51890,AT3G21080,0.0261233066277146,19
AT3G52450,AT1G19380,0.02732353589060358,19
AT4G28140,AT5G19660,0.012419641377140194,19
AT4G21323,AT4G15040,0.006093263282427511,19
AT4G28140,AT2G30360,0.009826972991462174,19
AT1G72300,AT4G00230,0.009080323873207298,19
AT1G04110,AT2G41220,0.006652150942752814,19
AT3G52450,AT1G51620,0.03860080250852317,19
AT5G46330,AT4G30190,0.01228574301557158,19
AT5G46330,AT3G19930,0.010331693537379774,19
AT2G30490,AT1G32950,0.035108346214641366,19
AT5G06950,AT5G45640,0.006393971814655446,19
AT4G26330,AT1G62340,0.008036574441338453,19
AT2G01950,AT2G31400,0.0062501848677539535,19
AT4G21870,AT1G20150,0.007232362808103921,19
AT5G45650,AT4G15040,0.009074583155329424,19
AT2G44380,AT1G05300,0.013236806476529462,19
AT4G20000,AT4G01700,0.023782178420521088,19
AT1G30600,AT5G51750,0.009827840487868358,19
AT5G20250,AT3G19450,0.012838490289613138,19
AT5G03620,AT5G58840,0.0064826896878793505,19
AT4G20430,AT4G26330,0.00729110284222027,19
AT1G62340,AT5G59100,0.007326656786003771,19
AT4G21326,AT5G06950,0.007406594573871334,19
AT5G44585,AT2G17740,0.015427440783367531,19
AT2G05920,AT1G30600,0.02019595462640905,19
AT4G20860,AT4G01250,0.02132575638878292,19
AT5G59130,AT2G30360,0.013399692864712777,19
AT1G04110,AT5G59090,0.020236545404679958,19
AT2G05920,AT1G51890,0.014521754935707966,19
AT4G21870,AT4G15040,0.007620526776101129,20
AT5G46330,AT3G19010,0.008460871627628302,20
AT2G19170,AT2G41220,0.011316887335005866,20
AT1G19380,AT4G08850,0.012826984618330562,20
AT3G46280,AT1G05300,0.0151186165117577,20
AT4G20860,AT1G61360,0.022274345429992726,20
AT4G21870,AT1G32970,0.0071898351977961236,20
AT1G71950,AT4G31800,0.008872879884155806,20
AT1G62340,AT1G66220,0.006825095973533821,20
AT1G72300,AT5G54160,0.008912549407981902,20
AT5G39580,AT2G44490,0.017224073055558186,20
AT5G45640,AT1G66220,0.006776905426683736,20
AT4G21323,AT1G32970,0.007118624698723938,20
AT4G23210,AT2G44370,0.0177504729591431,20
AT5G67450,AT1G02450,0.01831113025021369,20
AT4G20000,AT1G51620,0.02265324328665896,20
AT4G20000,AT2G44380,0.03431300679593124,20
AT1G32970,AT1G01900,0.009344539020423521,20
AT4G20000,AT5G37600,0.026296913321237368,20
AT2G25000,AT2G44380,0.011357902350805242,20
AT5G55050,AT5G50200,0.009556252269485664,20
AT1G08090,AT5G59080,0.008782669735369014,20
AT1G51890,AT4G23210,0.02062238231416543,20
AT3G29034,AT5G40780,0.016744285421827206,20
AT2G06050,AT1G37130,0.013838312901697169,20
AT2G39200,AT5G01540,0.03646966461261703,20
AT5G13930,AT5G20480,0.00736855539094843,20
AT2G06050,AT5G19660,0.012347910646607623,20
AT4G21870,AT1G65490,0.008599185262762888,20
AT4G34980,AT4G31800,0.01844492660673236,20
AT1G64170,AT2G37710,0.015073338596824741,20
AT5G20480,AT4G21323,0.0070319299723379395,20
AT5G20250,AT5G59810,0.01276424560064069,20
AT1G20150,AT4G15040,0.007115540101348118,20
AT4G34980,AT5G07440,0.029086580430157237,20
AT3G45060,AT2G37040,0.009892654470918572,20
AT2G39200,AT3G46280,0.03610789335547536,20
AT1G64170,AT2G41220,0.011774505365271295,20
AT1G30600,AT4G39400,0.012894385700483705,20
AT2G04160,AT4G00230,0.010512202987980336,20
AT2G06050,AT2G42360,0.009255944113604492,20
AT3G49780,AT2G30360,0.017969313741330692,20
AT2G25470,AT4G38560,0.011802978935559932,21
AT1G19380,AT2G36690,0.012539376084859263,21
AT5G44530,AT5G07440,0.00983879995903689,21
AT2G31400,AT1G01900,0.01248532359258424,21
AT1G14780,AT5G59810,0.00867529379306624,21
AT5G55050,AT1G08090,0.03106887282322209,21
AT5G67450,AT1G05300,0.018195886690411167,21
AT2G31400,AT5G67360,0.008321520376044599,21
AT1G71950,AT1G37130,0.01048987518815613,21
AT5G01540,AT1G49000,0.02253127632999373,21
AT1G71950,AT1G65490,0.01088213753494835,21
AT1G30730,AT5G48430,0.012470166193645105,21
AT5G59080,AT2G01950,0.01151305225857058,21
AT5G59090,AT5G59100,0.007087530253097253,21
AT4G20430,AT1G35160,0.0071210718020985955,21
AT1G51620,AT5G39580,0.0256969301748046,21
AT5G55050,AT1G64170,0.009560771312002916,21
AT2G22122,AT5G20250,0.006849229616377011,21
AT5G03620,AT5G58820,0.006120525197213289,21
AT5G46330,AT2G44490,0.008354568416737863,21
AT4G21870,AT5G13930,0.008421777346503427,21
AT5G06950,AT5G58840,0.006401523389018073,21
AT1G72300,AT1G66220,0.01141935519454167,21
AT1G77380,AT5G58840,0.012073375289472818,21
AT3G26210,AT3G21080,0.0160849997884249,21
AT5G10450,AT1G14780,0.00890332131703565,21
AT5G06950,AT5G59100,0.006103543871040561,21
AT1G51800,AT4G23210,0.034374603037196125,21
AT4G21870,AT5G59090,0.009980650163280844,21
AT1G72300,AT4G26330,0.008345722430353435,21
AT5G10450,AT1G04110,0.010463237142467332,21
AT4G21326,AT1G04110,0.006968600916766514,21
AT3G48650,AT4G31550,0.011905175267729122,21
AT4G20430,AT2G30360,0.008932812346553009,21
AT2G19170,AT5G19660,0.009956262280366763,21
AT5G44585,AT2G02220,0.01348673750833067,21
AT1G66210,AT4G20850,0.005813445270425904,21
AT2G15620,AT3G19450,0.010374192931206179,21
AT5G59190,AT4G26330,0.006390843648216999,21
AT4G24160,AT5G67360,0.012363381974506878,21
AT4G35180,AT2G02220,0.018521776163500123,21
AT4G21323,AT1G62340,0.007783201746553166,21
AT4G23210,AT2G25470,0.01745919588588211,21
AT4G39400,AT4G00230,0.0057202195549896214,21
AT1G66210,AT4G39400,0.005627504463811175,21
AT4G21323,AT2G01950,0.006031014949248223,21
AT1G21670,AT5G54160,0.00783139064123029,21
AT1G08090,AT5G59810,0.007705974677545022,21
AT1G15950,AT5G20480,0.011134730708251588,21
AT1G52200,AT5G44585,0.022872898925472385,22
AT5G59090,AT1G01900,0.009159098180278479,22
AT1G08090,AT4G20430,0.00844060517121072,22
AT2G38900,AT5G58840,0.00997696057520178,22
AT1G66210,AT4G21410,0.005567394707597592,22
AT5G20250,AT5G45640,0.010322439267012708,22
AT2G25470,AT4G31800,0.014918361847404929,22
AT1G70530,AT4G38560,0.012840801318356715,22
AT1G72300,AT5G11940,0.008248275008858733,22
AT1G51800,AT3G19930,0.031072902201584436,22
AT2G39530,AT5G48430,0.013021339473471644,22
AT3G21080,AT4G31800,0.01243667546295008,22
AT4G21323,AT4G26330,0.005826160418773907,22
AT1G37130,AT1G05300,0.009977254871835995,22
AT5G59090,AT5G48430,0.006888604174600533,22
AT1G64280,AT1G61380,0.022249615118893968,22
AT5G54160,AT1G37130,0.009822879584372534,22
AT5G46330,AT3G50470,0.00819209806873795,22
AT4G30190,AT1G35160,0.009180169764207269,22
AT4G26330,AT5G59100,0.0074881849321669905,22
AT4G20000,AT5G01540,0.0196069247203116,22
AT1G04110,AT1G32950,0.006204292278330685,22
AT1G30720,AT2G19190,0.01644435872813455,22
AT1G12940,AT2G31400,0.012104543378164785,22
AT3G46280,AT1G51620,0.014460032357882572,22
AT5G06950,AT4G15040,0.006057680990120671,22
AT4G23210,AT2G17740,0.017573909136204314,22
AT1G71950,AT1G19380,0.008636978451331878,22
AT5G59190,AT4G00230,0.005654820287032588,22
AT5G59190,AT5G59810,0.007582684902795536,22
AT5G53110,AT5G67450,0.01760688469981057,22
AT4G34980,AT1G51890,0.017872523452862082,22
AT5G53110,AT1G77380,0.015625730872100382,22
AT4G35180,AT1G61380,0.018101676619517403,22
AT2G06050,AT2G01950,0.009337305823152878,22
AT5G55050,AT2G30490,0.009093087280151969,22
AT5G01540,AT2G36690,0.024392209689292288,22
AT4G01250,AT3G22060,0.01793424806166561,22
AT3G45060,AT2G06050,0.009484388179727129,22
AT2G25000,AT4G30190,0.011158528847075407,22
AT5G10450,AT3G26210,0.008701824984877643,22
AT5G01540,AT4G23210,0.02931758777485782,22
AT1G66210,AT5G13930,0.011222037228881142,22
AT1G30730,AT2G44380,0.018600465145678983,22
AT5G53110,AT3G25882,0.014790924409146228,22
AT2G19170,AT1G20160,0.025738398601306462,22
AT1G51800,AT1G51680,0.02364953134246915,23
AT4G01250,AT4G08850,0.017847545879222798,23
AT1G66210,AT5G58840,0.008293234954407628,23
AT5G20250,AT2G39850,0.012318975886117202,23
AT1G04110,AT5G58820,0.005899507187866312,23
AT1G14780,AT1G61380,0.00860135914579012,23
AT2G01950,AT1G66220,0.005846936190933095,23
AT2G22122,AT3G14067,0.00665735659522088,23
AT5G45640,AT5G59100,0.006682177788730682,23
AT5G54160,AT3G19930,0.009438414979517765,23
AT4G23210,AT4G38560,0.016871974850492806,23
AT5G44530,AT2G01950,0.009599342396422024,23
AT2G06050,AT2G41220,0.014351257142915332,23
AT4G21870,AT4G39400,0.006927857798098227,23
AT5G53110,AT2G37710,0.01596665050155085,23
AT4G21323,AT1G32950,0.005823519001301371,23
AT1G37130,AT5G19660,0.014394092710913138,23
AT5G50200,AT1G61380,0.014072131016138129,23
AT1G70530,AT1G49000,0.010324264662675236,23
AT2G19170,AT1G30600,0.012035857621672906,23
AT4G08850,AT5G48430,0.015167123252571009,23
AT1G30600,AT1G62340,0.01247277721616998,23
AT1G30600,AT2G31400,0.011470517205687264,23
AT4G23210,AT4G31800,0.01588114706181642,23
AT4G01250,AT5G48430,0.023284739819674168,23
AT2G38900,AT4G00230,0.009529670604505169,23
AT5G20480,AT5G59090,0.006644873256685524,23
AT4G35180,AT1G51620,0.016268824635517255,23
AT1G66210,AT1G66220,0.005544765793607968,23
AT5G04140,AT2G38900,0.011807989737270385,23
AT5G11940,AT4G26330,0.007548465729622275,23
AT5G59130,AT2G17740,0.010722157867624016,23
AT5G20250,AT4G24160,0.009645046080000608,23
AT2G44370,AT2G44380,0.0500298858698224,23
AT4G01250,AT5G01540,0.03026964440799183,23
AT1G08090,AT1G01900,0.0062042338165717295,23
AT5G55050,AT3G29034,0.009034014258114498,23
AT4G21326,AT3G45060,0.007544034399875066,23
AT4G24160,AT2G44490,0.012143995037322854,23
AT3G14240,AT2G30360,0.017149174616855504,23
AT2G02220,AT4G31550,0.030277480984764925,23
AT5G55050,AT2G25470,0.009474503022598193,23
AT5G59080,AT5G53460,0.008788496676335706,23
AT3G14240,AT1G77380,0.01892299566485285,23
AT3G46280,AT1G30720,0.017898146116888013,23
AT4G15040,AT1G32970,0.006972120216068469,23
AT4G20430,AT3G45060,0.007019501133098302,23
AT1G14780,AT5G67360,0.009248425450391055,23
AT4G20000,AT2G17740,0.01937957034984583,23
AT2G25470,AT3G21080,0.009215665941339863,23
AT1G30720,AT2G37040,0.026096339789421302,23
AT5G11940,AT5G58820,0.006348952246183013,23
AT1G61380,AT3G22060,0.013280834939074318,23
AT3G14067,AT5G67360,0.007646279879761351,24
AT5G06950,AT5G11940,0.00925863855138856,24
AT5G10450,AT5G59080,0.010880989894941295,24
AT3G26210,AT3G25882,0.013970570597091891,24
AT5G53110,AT2G44370,0.014684478766418181,24
AT1G32970,AT5G59090,0.005409960753084965,24
AT5G13930,AT5G40780,0.007043910901099261,24
AT5G66420,AT3G59880,0.014624974623631697,24
AT1G51800,AT4G01700,0.020352106224065625,24
AT5G10450,AT1G01900,0.012641373101464385,24
AT3G14240,AT1G51890,0.011602011188868895,24
AT1G04110,AT5G46330,0.0058186178135509825,24
AT4G01700,AT4G31550,0.008805801648894579,24
AT3G49780,AT5G53460,0.021543664758997813,24
AT2G37040,AT2G31400,0.016163241630058472,24
AT5G53110,AT3G50470,0.027164004205752417,24
AT1G37130,AT5G45640,0.01159367241204539,24
AT5G53110,AT5G40780,0.02954579424494303,24
AT4G20430,AT1G30600,0.024030227936825577,24
AT4G20860,AT1G65690,0.031042618795123145,24
AT1G12940,AT2G37710,0.011411674067244993,24
AT1G14780,AT5G11940,0.008514168589596003,24
AT5G53110,AT5G67090,0.037321025575312784,24
AT3G46280,AT2G42360,0.014073166328345208,24
AT5G13930,AT4G21323,0.00900920788423716,24
AT5G58840,AT1G32970,0.006805167470472925,24
AT5G13930,AT5G58820,0.008227650161802944,24
AT1G01900,AT5G59100,0.008127349756572089,24
AT5G44530,AT1G20150,0.009952073433080626,24
AT4G20430,AT2G31400,0.0069272072349284034,24
AT1G64280,AT4G24160,0.011041738048045577,24
AT1G51620,AT2G17740,0.020714978068806227,24
AT4G20000,AT3G46280,0.01909820985790449,24
AT4G01250,AT2G39530,0.019925709358756517,24
AT5G44530,AT1G32950,0.010337004487616815,24
AT5G44585,AT3G50480,0.01741190024579453,24
AT5G50200,AT5G44585,0.013919159838318384,24
AT5G44530,AT1G62340,0.012511389216039576,24
AT2G39200,AT5G48430,0.03369931338261458,24
AT5G67450,AT4G31800,0.012668515206799793,24
AT5G67450,AT2G19190,0.015023221238415844,24
AT5G50200,AT1G05300,0.0171172245074126,24
AT1G72300,AT5G03620,0.007928127813956933,24
AT5G54160,AT1G12940,0.009126243820717242,24
AT2G39200,AT2G44490,0.03361991523654625,24
AT1G77380,AT5G07440,0.015275030387498159,24
AT5G20480,AT2G01950,0.0064665619060019905,24
AT5G50200,AT3G25882,0.02580217151044164,24
AT5G03620,AT4G20850,0.0070530128384685455,24
AT5G20250,AT4G26330,0.00930793777154566,24
AT4G20000,AT1G64170,0.02297505320191716,24
AT2G39200,AT1G30720,0.03356271662200752,24
AT1G30600,AT1G66220,0.007627778616742678,24
AT2G19170,AT5G44530,0.009208815412904551,24
AT5G01540,AT2G44370,0.020066388445195284,25
AT5G53460,AT3G14067,0.01738544397742926,25
AT4G20850,AT5G19660,0.006513578534400053,25
AT5G53460,AT2G39850,0.011085838559908771,25
AT5G53460,AT1G66220,0.010729178355896514,25
AT5G59810,AT1G62340,0.005372487771978084,25
AT5G20250,AT4G39400,0.01434675344244485,25
AT5G55050,AT5G53110,0.00860315518064241,25
AT2G01950,AT5G58820,0.005469672666654155,25
AT2G04160,AT3G14067,0.00906771584610193,25
AT1G04110,AT5G58840,0.005812595269791906,25
AT1G30730,AT3G46280,0.01179079726480755,25
AT4G33430,AT1G20150,0.009159532609475423,25
AT4G15040,AT5G59090,0.00976109012943732,25
AT3G46280,AT2G36690,0.017323089266495874,25
AT5G59080,AT1G65490,0.008589446914499655,25
AT5G59810,AT2G15620,0.005365182890270189,25
AT5G01540,AT5G67450,0.02931609604508935,25
AT1G32950,AT2G30360,0.01100328425985818,25
AT4G21326,AT5G20480,0.0068563821105820395,25
AT1G64280,AT2G02220,0.010942601740370908,25
AT5G53110,AT4G38560,0.018319670176117648,25
AT5G45640,AT5G19660,0.010663464264199854,25
AT5G10450,AT4G21870,0.009395678083493295,25
AT5G20250,AT5G20480,0.009273589192493192,25
AT5G53110,AT1G12940,0.014642875899480984,25
AT1G30600,AT3G14067,0.006983636201478982,25
AT1G70530,AT2G39200,0.012220606359393087,25
AT1G15950,AT4G28140,0.010028039824550285,25
AT4G34980,AT5G51750,0.02917195783585576,25
AT2G22122,AT1G32970,0.007793497633009123,25
AT4G00230,AT5G67090,0.0068078214407419155,25
AT2G41220,AT1G32950,0.008794079482322166,25
AT3G48650,AT3G21080,0.009640928604842714,25
AT2G39530,AT1G32950,0.031328757383372034,25
AT2G41220,AT4G15040,0.01513389193787013,25
AT1G72300,AT1G71950,0.007715645314902086,25
AT5G07440,AT5G58840,0.01253372410601092,25
AT3G50480,AT1G20160,0.012320443856378852,25
AT4G21870,AT1G01900,0.00705835923815353,25
AT4G34980,AT2G15620,0.017859332268816922,25
AT5G45640,AT1G01900,0.006444368867005818,25
AT1G65490,AT4G31800,0.007747600812670184,25
AT2G22122,AT2G01950,0.006634399291564519,25
AT3G46280,AT2G19190,0.02104600151577256,25
AT3G46280,AT3G21080,0.020288478385570085,25
AT4G20860,AT3G49780,0.024462971505211387,25
AT4G21323,AT1G12940,0.007538329988102053,25
AT1G08090,AT5G03620,0.0072570874637755,25
AT5G06950,AT4G21323,0.0060367221168104975,25
AT1G52200,AT1G49000,0.02179475209806524,25
AT3G52450,AT3G22060,0.0227961707866697,25
AT5G46330,AT3G45060,0.020007801072698898,25
AT3G50480,AT5G40780,0.009518499864251968,25
AT1G08090,AT4G00230,0.00588090436267998,25
AT5G06950,AT4G01700,0.005920795768492577,26
AT4G21326,AT5G59190,0.006745967067829698,26
AT5G67450,AT3G59880,0.011779157783886695,26
AT5G39580,AT1G51680,0.0240466622498776,26
AT1G08090,AT2G22122,0.007600576723010788,26
AT2G22122,AT5G58820,0.00824830956298413,26
AT1G66210,AT2G01950,0.00832063439850629,26
AT4G21326,AT3G14067,0.007015452732197598,26
AT4G01250,AT4G31800,0.022878264447687625,26
AT4G21326,AT1G01900,0.00748224284455095,26
AT5G53110,AT1G65690,0.014610698301751353,26
AT5G10450,AT5G59810,0.00787122557335778,26
AT4G38560,AT4G01700,0.010014325833576887,26
AT4G34980,AT1G77380,0.026536289100463625,26
AT1G66220,AT3G14067,0.004867759161331474,26
AT1G21670,AT2G05920,0.007281344193281306,26
AT4G23210,AT5G44585,0.014791938157850655,26
AT5G59190,AT4G15040,0.006173899987424826,26
AT4G01250,AT1G30730,0.015427048466750875,26
AT4G35180,AT3G21080,0.022238447000988183,26
AT2G36690,AT5G39580,0.026555028718246058,26
AT5G01540,AT2G42360,0.01979943993506872,26
AT5G55050,AT1G12940,0.019811143798843377,26
AT5G07440,AT4G24160,0.010922694641978445,26
AT3G59880,AT5G37600,0.00782063021854972,26
AT4G34980,AT3G49780,0.015235845094404482,26
AT5G67360,AT1G35160,0.01287668106148852,26
AT2G06050,AT1G32950,0.008690529693068619,26
AT5G59080,AT5G51750,0.008467466108360747,26
AT1G08090,AT5G45640,0.006698947072328026,26
AT2G31400,AT4G00230,0.008978614925402003,26
AT5G44585,AT3G26210,0.015777089881959087,26
AT4G21870,AT5G58820,0.006847325906950088,26
AT1G04110,AT5G45640,0.005708321668098302,26
AT1G51890,AT3G25882,0.033236414466681595,26
AT1G51890,AT2G30490,0.01764731977112855,26
AT4G31550,AT1G61360,0.0222263783435876,26
AT1G49000,AT1G61380,0.018277734138285026,26
AT1G37130,AT2G37040,0.009114032890157416,26
AT5G13930,AT1G20150,0.00856441402576707,26
AT1G70530,AT1G52200,0.009624349863389585,26
AT3G19010,AT2G02220,0.018570759770860718,26
AT5G54160,AT4G01700,0.008616371909804852,26
AT1G72300,AT1G62340,0.007520360034772966,26
AT4G31550,AT5G48430,0.013934956970684831,26
AT4G28140,AT5G44530,0.008177235116251475,26
AT1G64280,AT3G19010,0.010912892042428162,26
AT5G59090,AT4G00230,0.006163848605472517,26
AT2G44380,AT4G27730,0.015360544297417927,26
AT1G72300,AT5G59100,0.010333447321866815,26
AT4G26330,AT5G58840,0.007861392600691762,26
AT2G22122,AT4G28140,0.008055605096846255,26
AT5G44585,AT1G05300,0.014270876329251262,26
AT3G19010,AT2G42360,0.033312342492680606,26
AT3G46280,AT5G44585,0.01212859271236148,26
AT1G66210,AT2G38900,0.005355224728621559,26
AT5G13930,AT5G59810,0.01017738645124265,26
AT5G13930,AT4G20850,0.008403185960064667,26
AT5G66420,AT4G08850,0.012851177241709418,26
AT5G06950,AT2G41220,0.006409021561612138,26
AT5G04140,AT5G20250,0.01133013527057623,26
AT4G20860,AT5G48430,0.03351074974300322,27
AT4G34980,AT3G25882,0.01430363033411044,27
AT5G03620,AT5G67360,0.005579288343427212,27
AT1G12940,AT1G05300,0.010672321521819251,27
AT5G07440,AT5G39580,0.010582991422495424,27
AT2G36690,AT5G48430,0.02391063764065225,27
AT5G58840,AT1G66220,0.006375639558136411,27
AT1G15950,AT2G38900,0.016102736641093855,27
AT3G52450,AT5G39580,0.01917205282768436,27
AT5G59190,AT5G66420,0.0053043797842269105,27
AT4G21870,AT2G30360,0.006815483778551914,27
AT1G72300,AT4G21323,0.010247725643013069,27
AT1G52200,AT1G61380,0.026541707029932717,27
AT2G39850,AT3G25882,0.009233215672021785,27
AT5G06950,AT5G20480,0.005575481614725938,27
AT5G10450,AT5G45640,0.008549353469550582,27
AT2G41220,AT1G02450,0.008436732314657568,27
AT1G77380,AT3G29034,0.010926929936044069,27
AT3G21080,AT2G17740,0.014735478752602803,27
AT5G45650,AT4G27730,0.008556029539089476,27
AT1G20150,AT1G35160,0.00626623114305798,27
AT3G45060,AT5G51750,0.008912562011168334,27
AT4G20860,AT1G51890,0.02123641470654821,27
AT1G52200,AT1G51620,0.02128086920160918,27
AT4G20430,AT5G59090,0.0064881619650113105,27
AT4G21323,AT1G01900,0.005354664342863983,27
AT5G13930,AT5G59100,0.007099733803978286,27
AT2G06050,AT2G30490,0.008178230326882955,27
AT1G72300,AT5G20250,0.007489184326628647,27
AT1G12940,AT1G35160,0.015059232669540162,27
AT5G59190,AT1G62340,0.005443128732302873,27
AT2G25000,AT5G53110,0.011463473208801459,27
AT2G25000,AT5G13930,0.013713502642444824,27
AT1G04110,AT5G59810,0.0056501432981874615,27
AT1G62340,AT5G19660,0.01020473200707448,27
AT2G05920,AT5G48430,0.01201525742824241,27
AT4G20000,AT3G48650,0.017402384879989158,27
AT5G11940,AT2G30360,0.005845269665388782,27
AT5G11940,AT2G01950,0.006003467377847752,27
AT5G45640,AT5G67090,0.0067353077598801036,27
AT4G33430,AT4G21870,0.006171975602621308,27
AT1G51620,AT1G49000,0.01943218215403944,27
AT2G19170,AT5G59810,0.02104974998105424,27
AT1G04110,AT2G31400,0.00827486452641175,27
AT5G55050,AT5G66420,0.00827561492892752,27
AT2G04160,AT4G27730,0.008645972364488285,27
AT4G20430,AT1G66220,0.008851075520369445,27
AT1G71950,AT3G59880,0.007746661981029717,27
AT1G64170,AT4G23210,0.010586263627792816,27
AT1G51800,AT2G44370,0.01878602473257389,27
AT1G49000,AT1G05300,0.018531544634460315,27
AT5G37600,AT3G50470,0.010369632131023009,27
AT2G22122,AT2G30360,0.007554287286203625,27
AT1G77380,AT5G50200,0.015664407243570724,27
AT2G02220,AT4G08850,0.026075865574808545,27
AT1G02450,AT3G50480,0.0074950293477593685,27
AT5G01540,AT3G22060,0.030391047482535263,27
AT4G21326,AT1G20160,0.006587645127746031,27
AT1G37130,AT1G62340,0.008854191385842852,28
AT2G22122,AT5G07440,0.0065074962101247715,28
AT2G30360,AT3G19450,0.018656474857066604,28
AT5G44530,AT1G12940,0.009584809972319502,28
AT4G21870,AT5G58840,0.006986408008557379,28
AT1G64170,AT5G44530,0.014736951587735806,28
AT2G19170,AT5G54160,0.007316258451360128,28
AT3G49780,AT2G39530,0.01339245674946901,28
AT4G20430,AT5G59130,0.0064064578598943475,28
AT5G53110,AT1G64170,0.014081556908409166,28
AT5G06950,AT4G39400,0.005640680298110235,28
AT1G30600,AT1G32970,0.007680188601481701,28
AT2G44380,AT2G19190,0.010597375056246576,28
AT2G04160,AT5G44530,0.008438602449415218,28
AT4G21870,AT4G26330,0.007506786815187195,28
AT4G38560,AT2G42360,0.012158115337962502,28
AT4G21326,AT4G33430,0.006520170442543829,28
AT1G08090,AT1G20150,0.0076227662254458655,28
AT1G30600,AT5G58820,0.007827550478776254,28
AT1G71950,AT2G30360,0.014021685742258226,28
AT1G70530,AT5G40780,0.009132149471715196,28
AT4G30190,AT5G59810,0.012689847907323006,28
AT5G03620,AT2G31400,0.005558049202513193,28
AT1G19380,AT1G61360,0.010293064519760736,28
AT5G20480,AT1G37130,0.006221230125836217,28
AT3G14240,AT1G71950,0.014146882588742403,28
AT1G70530,AT4G24160,0.01852303996371791,28
AT2G30490,AT4G01700,0.013699199576263294,28
AT5G20250,AT1G35160,0.008277145099998079,28
AT5G55050,AT1G77380,0.010483176904628437,28
AT5G03620,AT5G59100,0.006064281682098053,28
AT2G37040,AT4G08850,0.008880692755377935,28
AT1G77380,AT5G45650,0.013988683170481535,28
AT1G14780,AT3G19930,0.009951408232284244,28
AT5G59080,AT4G15040,0.008413750733468613,28
AT2G06050,AT3G22060,0.008063886026695501,28
AT4G20850,AT1G32970,0.00599129126365454,28
AT4G20850,AT1G66220,0.008951520183472781,28
AT4G35180,AT1G65690,0.014799731794635684,28
AT5G67450,AT2G25470,0.011713656059833264,28
AT1G12940,AT4G38560,0.012971411149086615,28
AT5G44530,AT1G30600,0.010084980132681548,28
AT5G53460,AT2G30360,0.007951378946250158,28
AT2G22122,AT5G59190,0.008460122601914038,28
AT1G08090,AT5G59100,0.005475793833053483,28
AT3G29034,AT3G26210,0.01879446581548841,28
AT3G29034,AT5G67360,0.025059341548554208,28
AT1G72300,AT1G51680,0.007426161650824164,28
AT5G53460,AT4G15040,0.0128979827243917,28
AT2G05920,AT1G65490,0.013590442968186546,28
AT4G33430,AT5G67090,0.006114585122248221,28
AT3G19930,AT5G40780,0.010161872063632385,29
AT2G42360,AT4G31800,0.013639072307884506,29
AT5G04140,AT2G31400,0.0130566699325884,29
AT1G30730,AT1G51620,0.011990041822369022,29
AT1G51680,AT4G31550,0.008343206105262454,29
AT5G10450,AT4G20850,0.013228026895466276,29
AT5G04140,AT1G37130,0.018852760507815317,29
AT5G04140,AT3G45060,0.010915256514484521,29
AT4G21870,AT5G67360,0.006336384435693127,29
AT1G70530,AT3G19010,0.009734685867076015,29
AT5G50200,AT2G17740,0.012674398597646032,29
AT3G14240,AT5G11940,0.009717259018088046,29
AT2G39200,AT1G49000,0.02559876815689437,29
AT5G10450,AT2G01950,0.00850256300665877,29
AT4G20430,AT4G39400,0.0071341414950268685,29
AT3G46280,AT2G25470,0.014340782900648726,29
AT2G15620,AT1G32970,0.008964697646419694,29
AT2G04160,AT5G59080,0.0134463867710572,29
AT5G59810,AT5G67090,0.005194904286984617,29
AT2G04160,AT5G11940,0.008402787504388234,29
AT1G30720,AT5G59090,0.015977451357411236,29
AT4G28140,AT4G15040,0.008284983186115237,29
AT4G28140,AT1G65490,0.006434104788715633,29
AT4G20000,AT2G19190,0.016833693257016433,29
AT5G53460,AT1G35160,0.008134056919255922,29
AT4G26330,AT5G58820,0.005270157240189581,29
AT2G30490,AT4G23210,0.013506111997193569,29
AT5G20250,AT1G62340,0.008192092117868414,29
AT5G01540,AT4G08850,0.019250675203537317,29
AT4G20430,AT1G62340,0.013080910539983543,29
AT4G20430,AT5G59100,0.007334241258031711,29
AT4G20430,AT5G03620,0.007389178654558403,29
AT5G03620,AT3G14067,0.005755221829759471,29
AT2G39530,AT2G42360,0.012261529518355666,29
AT5G06950,AT4G20850,0.0055476360318134285,29
AT2G22122,AT4G30190,0.006266531326888024,29
AT1G04110,AT3G14067,0.005468454181336544,29
AT4G21326,AT1G14780,0.006506151284470596,29
AT5G67450,AT1G19380,0.011248227807024962,29
AT5G45640,AT5G58840,0.005482502677579348,29
AT4G38560,AT3G26210,0.008968923114751828,29
AT1G52200,AT5G67360,0.02761216660562404,29
AT4G20430,AT5G59190,0.006285006938458486,29
AT1G30600,AT5G19660,0.0062007437406031325,29
AT1G21670,AT4G00230,0.01833055556328928,29
AT1G66220,AT1G32970,0.004741281767690544,29
AT1G21670,AT4G30190,0.007089823431639774,29
AT5G51750,AT3G50480,0.00853996267251585,29
AT1G20150,AT2G15620,0.006068326369610239,29
AT4G34980,AT3G45060,0.013684179347333212,29
AT5G58840,AT1G20160,0.006360818097344139,29
AT3G59880,AT4G01700,0.007647888160242477,29
AT4G21323,AT5G59100,0.005141946459552418,29
AT2G06050,AT1G01900,0.009962024481208441,29
AT4G23210,AT2G02220,0.01382309375451482,29
AT4G35180,AT1G61360,0.014266484196689059,29
AT2G05920,AT5G11940,0.01375960541390357,29
AT5G04140,AT1G32950,0.022148912440945787,30
AT5G44530,AT5G19660,0.01345736917121075,30
AT5G50200,AT1G64170,0.035827736550214234,30
AT5G03620,AT5G45650,0.005316165295433868,30
AT4G27730,AT2G39850,0.008563286621270597,30
AT5G44530,AT4G30190,0.00980300507563698,30
AT5G11940,AT1G20150,0.005654637621810618,30
AT1G51620,AT4G31550,0.0186893680343016,30
AT2G22122,AT5G59080,0.006103923561723611,30
AT1G20160,AT2G39850,0.006751714936893877,30
AT5G11940,AT1G30600,0.006368188919425221,30
AT1G20150,AT4G21323,0.0059404974031855035,30
AT2G44370,AT4G01700,0.028656712313116943,30
AT5G04140,AT5G67360,0.0104450436796074,30
AT5G44585,AT3G25882,0.019773661103539456,30
AT4G39400,AT4G26330,0.005066846816642021,30
AT4G20000,AT1G52200,0.015744418111391077,30
AT4G01250,AT3G19010,0.01470544107182195,30
AT4G39400,AT4G15040,0.0061659950133526546,30
AT5G13930,AT2G38900,0.008656874817883048,30
AT5G06950,AT4G26330,0.005365437349857361,30
AT1G66210,AT5G45640,0.0057194329811299524,30
AT1G66210,AT5G59810,0.008668122428534134,30
AT4G35180,AT3G26210,0.020042923722668686,30
AT1G62340,AT4G15040,0.005682993302902922,30
AT2G05920,AT4G20850,0.018827206656190115,30
AT4G15040,AT4G00230,0.006230775861444924,30
AT4G21326,AT2G04160,0.006412491095742015,30
AT3G59880,AT3G50480,0.007793937360321639,30
AT2G25000,AT5G54160,0.010173060146558324,30
AT5G59190,AT1G66220,0.006182593029656993,30
AT5G59190,AT5G59080,0.0064558710394967906,30
AT3G45060,AT5G19660,0.00878320290625168,30
AT5G01540,AT1G51890,0.01944261819248854,30
AT5G10450,AT5G53460,0.007155026735933344,30
AT1G52200,AT2G05920,0.03608814545164008,30
AT1G30730,AT1G49000,0.016113398257589596,30
AT1G66210,AT1G01900,0.005392893812973201,30
AT2G15620,AT1G35160,0.0091754858474603,30
AT2G41220,AT2G01950,0.010675703177789032,30
AT2G41220,AT5G67360,0.00794786614775664,30
AT1G77380,AT1G65490,0.010326935644410408,30
AT1G15950,AT5G59100,0.009331600585363527,30
AT2G39530,AT3G59880,0.014382266922932803,30
AT1G15950,AT4G08850,0.009081702582700498,30
AT5G13930,AT1G32970,0.006391718491795603,30
AT2G19170,AT1G37130,0.007146206021165212,30
AT1G37130,AT4G08850,0.007747389165608386,30
AT1G04110,AT1G32970,0.005406225298320529,30
AT4G26330,AT1G32970,0.0069686820853928745,30
AT1G51800,AT1G61380,0.018058160512508324,30
AT3G19010,AT3G22060,0.020464546312597528,30
AT5G59810,AT5G58840,0.00663114043864432,30
AT2G44380,AT3G19450,0.014776683766233997,30
AT4G21323,AT2G31400,0.004857658071427282,30
AT4G20430,AT5G20480,0.006101943168283093,30
