gene1,gene2,value
AT2G37040,AT1G51680,0.08818081209755445
AT3G25882,AT1G02450,0.0815851253498983
AT1G51680,AT2G37040,0.07933358428673362
AT1G15950,AT1G37130,0.0733922444705147
AT2G44370,AT5G44585,0.070720171438934
AT2G02220,AT1G70530,0.07057292028776098
AT2G44370,AT2G36690,0.06946036801470654
AT2G36690,AT2G44370,0.06809165807504056
AT2G36690,AT2G39200,0.06807292698938405
AT2G39200,AT4G01250,0.06686818194641345
AT1G37130,AT1G15950,0.0658199742204928
AT5G59130,AT5G45650,0.06574124156960247
AT2G36690,AT2G02220,0.06379826568638239
AT3G52450,AT4G01250,0.06357616106830097
AT5G01540,AT4G35180,0.06351627428309366
AT2G36690,AT1G51620,0.06089795107316324
AT1G61360,AT3G52450,0.06035509372553921
AT2G39200,AT2G02220,0.0603446979356409
AT2G44370,AT2G17740,0.060011652488448426
AT4G20000,AT5G67450,0.05932375480769684
AT1G02450,AT3G25882,0.05928254801375438
AT4G01250,AT4G24160,0.05900847707988838
AT2G39200,AT1G61360,0.0590065553689106
AT3G49780,AT3G14240,0.058560501796758375
AT2G39200,AT2G36690,0.05841656673395081
AT2G44370,AT1G51620,0.058126278896425985
AT2G39200,AT3G52450,0.05799678942693321
AT4G35180,AT3G25882,0.05751815395859624
AT5G45650,AT5G59130,0.05738442982396531
AT2G44370,AT1G49000,0.056442257481226624
AT2G36690,AT4G01250,0.05641843340486584
AT2G44370,AT2G39200,0.05614283662684166
AT1G52200,AT1G51800,0.05569284686187111
AT1G61360,AT2G44490,0.055529304612997536
AT4G01250,AT1G19380,0.05518539003086157
AT2G02220,AT2G39200,0.05504789279713631
AT4G01250,AT3G52450,0.05502659616679143
AT4G34980,AT3G14240,0.054981617036248105
AT5G01540,AT3G48650,0.05493510526833533
AT4G08850,AT4G31550,0.05473223365871652
AT3G26210,AT5G37600,0.05452823998144424
AT2G39200,AT1G30730,0.05437840867840797
AT4G08850,AT4G38560,0.054298283821966116
AT1G30720,AT5G39580,0.05330801513237619
AT2G44370,AT2G02220,0.053147992509785504
AT4G35180,AT4G31800,0.05285771718255113
AT2G02220,AT2G36690,0.05272923231448132
AT5G39580,AT1G30720,0.052599212244558435
AT3G52450,AT1G61360,0.05249038399821464
AT2G17740,AT3G46280,0.052450368908316884
AT2G02220,AT3G52450,0.052440149614188636
AT2G02220,AT5G01540,0.05240203716438386
AT2G02220,AT2G44490,0.05222490911677108
AT4G38560,AT1G64280,0.05208797679940328
AT3G52450,AT2G39200,0.05202190178566042
AT3G19010,AT5G67090,0.051966626176271784
AT1G37130,AT1G72300,0.05190341858772805
AT2G39200,AT1G51620,0.05184215415761795
AT2G42360,AT2G30490,0.05172069188958344
AT2G44370,AT1G30730,0.051682450644636425
AT2G39200,AT5G39580,0.05163424986794765
AT1G52200,AT3G29034,0.051340431818102564
AT1G65690,AT1G51890,0.051301869218409984
AT5G48430,AT1G30720,0.051212434161319854
AT4G01250,AT4G31550,0.051133181898324484
AT5G04140,AT5G07440,0.05109992918814647
AT3G19930,AT1G72300,0.05086706794816962
AT2G36690,AT1G61360,0.0508478869595952
AT1G51620,AT3G22060,0.05071093421688084
AT1G51890,AT3G29034,0.05059477038859162
AT2G44490,AT1G70530,0.05057627339700566
AT2G39200,AT2G44370,0.05023017595021762
AT5G07440,AT5G04140,0.05021865050307679
AT4G20860,AT2G42360,0.05019335796267257
AT2G44370,AT2G44380,0.0500298858698224
AT2G36690,AT1G30730,0.05000509230184274
AT1G51890,AT5G40780,0.04993296600245844
AT2G30490,AT2G42360,0.04965343953429202
AT1G30720,AT5G48430,0.04945031744067312
AT2G36690,AT1G19380,0.04907451645186689
AT2G36690,AT4G20000,0.049062313513240176
AT2G30490,AT5G54160,0.048968112086225
AT2G17740,AT1G52200,0.04888766506920423
AT1G51800,AT5G48430,0.048806713533308316
AT2G02220,AT1G51620,0.048806249231624715
AT2G36690,AT3G52450,0.0486869830559158
AT2G44490,AT1G64280,0.0484845714173096
AT3G29034,AT1G51890,0.04848302955539677
AT5G44585,AT1G30730,0.04828242948935019
AT1G52200,AT5G50200,0.04825168013444235
AT5G48430,AT5G39580,0.04790241184105151
AT5G67450,AT4G20000,0.04789323906364736
AT4G01250,AT1G61360,0.047824952346550084
AT1G49000,AT4G20000,0.04774396966202808
AT2G44370,AT4G20000,0.047654943202841686
AT2G37040,AT1G15950,0.047617385063289136
AT2G37710,AT4G38560,0.047579806017261764
AT3G50470,AT3G26210,0.04754803441685297
AT5G39580,AT5G48430,0.04747320724316896
AT3G26210,AT5G40780,0.04747027268232512
AT5G37600,AT1G12940,0.04727007112254165
AT4G20860,AT3G22060,0.0472557675090708
AT2G05920,AT3G14240,0.04724318454186333
AT3G26210,AT2G25000,0.047143370477526834
AT2G17740,AT2G39530,0.047086078654188734
AT3G52450,AT2G44490,0.047062940131550095
AT1G65690,AT2G42360,0.04699457601877599
AT2G19190,AT2G37040,0.04696535480529957
AT5G37600,AT1G05300,0.04688833266496068
AT2G42360,AT1G65690,0.046805471707507235
AT5G44585,AT2G44370,0.04671491832348098
AT1G51890,AT1G65690,0.04662408380436714
AT3G14240,AT2G05920,0.046580780358009805
AT1G19380,AT3G59880,0.04656207106418987
AT3G25882,AT4G35180,0.046513872082393035
AT5G50200,AT3G29034,0.04650157372418278
AT4G08850,AT1G64280,0.04642700122710365
AT2G17740,AT2G30490,0.046332510467223566
AT1G51620,AT4G23210,0.046331031159513834
AT1G51620,AT2G36690,0.046277798047892886
AT2G39200,AT1G19380,0.046272322368301325
AT4G31550,AT4G08850,0.04626331402264276
AT3G19010,AT5G01540,0.046073826392235256
AT4G01250,AT2G39200,0.04593052127006799
AT5G48430,AT5G66420,0.04592184085290602
AT1G51890,AT3G49780,0.04582927602643426
AT1G30730,AT5G44585,0.04582152744688224
AT3G52450,AT3G48650,0.04575604267656557
AT4G31550,AT4G01250,0.04568243807088584
AT4G20000,AT1G49000,0.04563869080877502
AT1G19380,AT1G65490,0.04544670734293611
AT1G51680,AT1G15950,0.045379812810495294
AT2G02220,AT1G61360,0.04537760552064658
AT1G65690,AT3G14240,0.0451961260199668
AT4G31550,AT5G39580,0.04515794657200441
AT4G01250,AT2G36690,0.044985357520351515
AT1G65690,AT3G29034,0.04496740135229236
AT1G70530,AT1G64280,0.044929146707216684
AT1G64170,AT4G27730,0.04481132626332207
AT3G25882,AT3G50470,0.044802653706186905
AT5G54160,AT1G15950,0.04473450082459377
AT1G49000,AT5G53110,0.04470079708891929
AT2G25000,AT4G27730,0.04439489198644902
AT1G12940,AT2G25000,0.04437588240776167
AT4G08850,AT3G19930,0.04431380116503345
AT2G02220,AT2G44370,0.04427205764039618
AT3G49780,AT2G05920,0.043971248263222525
AT5G39580,AT5G66420,0.0437742358797692
AT1G52200,AT2G17740,0.04350450642470377
AT1G30720,AT3G19930,0.04325910514930631
AT1G51800,AT2G19190,0.04316976595948375
AT4G38560,AT2G37710,0.043156928161334436
AT1G61360,AT3G48650,0.04315134166933152
AT2G05920,AT5G67360,0.043125410394114085
AT1G51800,AT5G66420,0.04305779842992991
AT4G31550,AT3G52450,0.043033339662129334
AT1G52200,AT1G51890,0.042980219623799804
AT1G30720,AT5G66420,0.04294611745338652
AT1G61360,AT4G01250,0.042870438939684063
AT4G20000,AT2G44370,0.04268649463942897
AT5G40780,AT5G50200,0.04265592319971839
AT1G51680,AT3G19930,0.042528431149190866
AT2G15620,AT5G53460,0.04249040181652008
AT1G51620,AT4G21410,0.04248087561403008
AT5G50200,AT5G40780,0.04243341993733829
AT1G52200,AT4G20860,0.042410953094098376
AT1G61360,AT4G21410,0.04219813373747716
AT2G44490,AT3G48650,0.04214979258713904
AT5G40780,AT3G26210,0.042136597219130316
AT5G01540,AT3G52450,0.04195171555787516
AT4G21326,AT1G08090,0.04186384257689524
AT2G17740,AT3G22060,0.04184209597806485
AT3G21080,AT3G50480,0.041735711229549034
AT1G65690,AT3G49780,0.04169475725373442
AT1G30730,AT1G30720,0.0414759657295332
AT1G65690,AT2G05920,0.0414147055954453
AT4G38560,AT4G08850,0.041385147635862166
AT2G02220,AT4G20000,0.04137948846006053
AT1G51620,AT5G01540,0.041339673591686665
AT3G29034,AT5G50200,0.04133751577608633
AT1G64280,AT4G38560,0.041293720687328665
AT4G28140,AT3G45060,0.04129359068298808
AT3G22060,AT4G20860,0.041232833502364966
AT3G52450,AT4G21410,0.041131521899487884
AT5G04140,AT5G44530,0.04089787512517791
AT4G20860,AT2G39530,0.04078314316166096
AT2G42360,AT4G20860,0.040704067056614834
AT4G20860,AT2G30490,0.04063306925887713
AT3G29034,AT2G05920,0.040498127039341185
AT3G29034,AT1G71950,0.04049044949920098
AT1G64280,AT1G70530,0.04042625687883015
AT4G27730,AT2G25000,0.04036917415446824
AT4G20860,AT1G52200,0.04016631340356672
AT4G08850,AT3G19010,0.04007949226504898
AT3G21080,AT2G39850,0.0400725602746193
AT3G14240,AT3G49780,0.0400122599904448
AT2G05920,AT3G49780,0.04000770609969818
AT2G37710,AT1G02450,0.03989935056352128
AT3G26210,AT1G64170,0.039852937074744084
AT1G51620,AT2G44370,0.03978284642945718
AT2G17740,AT5G48430,0.03966221117895018
AT3G50470,AT3G25882,0.0396326546456918
AT3G52450,AT5G01540,0.03961117875938452
AT1G49000,AT4G01700,0.039578788111364914
AT4G20000,AT1G30730,0.039544904803031036
AT3G46280,AT5G66420,0.039399667211647976
AT4G08850,AT5G20480,0.03930559917362151
AT1G52200,AT5G48430,0.03930005488305055
AT4G34980,AT5G67360,0.039260039807517084
AT5G39580,AT5G07440,0.03922612910447941
AT1G05300,AT2G25470,0.03916949966957985
AT5G01540,AT1G61360,0.039045003616855985
AT4G33430,AT4G39400,0.03894497269477033
AT3G21080,AT2G25000,0.03889415868161936
AT1G52200,AT3G46280,0.03887365661167487
AT4G31800,AT1G66210,0.03887210651937936
AT1G61360,AT5G67090,0.03885317649810675
AT3G46280,AT2G17740,0.03880795937269725
AT4G31800,AT3G50470,0.03878942851956817
AT4G20860,AT2G17740,0.038765501997126486
AT4G31550,AT3G19010,0.03874889550912442
AT5G07440,AT5G20250,0.03870541316032189
AT3G52450,AT1G51620,0.03860080250852317
AT5G40780,AT3G50480,0.03852126791326324
AT1G65690,AT4G34980,0.038507127482371714
AT1G51800,AT1G30720,0.03836580786960776
AT3G52450,AT4G31550,0.03834457975349554
AT3G45060,AT4G28140,0.03827715637269563
AT3G14240,AT4G34980,0.03825787826179888
AT1G51890,AT3G26210,0.03823619119224058
AT2G25000,AT2G41220,0.038142649564538805
AT1G70530,AT2G44490,0.038023591734441066
AT3G52450,AT2G02220,0.037796712432217536
AT1G30720,AT4G08850,0.0377522489550987
AT4G20000,AT5G53110,0.03773806359445536
AT5G01540,AT1G61380,0.03771266024238207
AT5G40780,AT5G37600,0.03768431443800992
AT1G64280,AT4G08850,0.03761822876323402
AT1G64170,AT2G25000,0.03760113880546818
AT4G34980,AT5G04140,0.037565970713044634
AT1G51620,AT2G39200,0.03753408734348073
AT4G35180,AT4G38560,0.03753108645340282
AT1G51620,AT4G33430,0.03747323121964564
AT3G14240,AT5G51750,0.03738246273029176
AT1G49000,AT5G67450,0.03736230159721539
AT2G15620,AT5G13930,0.0373620657836124
AT4G23210,AT2G37710,0.037340429784412
AT2G39530,AT2G30490,0.03733656675399912
AT5G54160,AT2G37040,0.03732934494440224
AT5G53110,AT5G67090,0.037321025575312784
AT1G19380,AT1G14780,0.03731814989873188
AT4G01250,AT2G44490,0.037290835023670726
AT1G14780,AT1G35160,0.03723010329823345
AT1G51620,AT1G19380,0.0371492649850365
AT2G30490,AT2G39530,0.036944174514174456
AT4G01250,AT3G48650,0.03692664918105625
AT3G59880,AT1G65490,0.03689584893795697
AT5G53460,AT2G15620,0.036883659712029185
AT1G51620,AT2G02220,0.03688273340167363
AT4G24160,AT2G06050,0.03678271656660787
AT1G15950,AT5G54160,0.0366235211321535
AT1G72300,AT1G37130,0.036492185690968036
AT2G30360,AT2G06050,0.036473946914839496
AT4G35180,AT5G01540,0.0364317765586708
AT1G08090,AT5G59090,0.036350546690726564
AT2G37040,AT5G54160,0.03627135611598575
AT5G10450,AT5G20250,0.036233418013587086
AT5G37600,AT3G26210,0.0361918713486417
AT5G01540,AT3G19010,0.036180061149416236
AT5G50200,AT5G37600,0.03617668997106538
AT3G19010,AT4G08850,0.036098036197315886
AT1G52200,AT2G05920,0.03608814545164008
AT1G05300,AT1G64170,0.036027813214857735
AT4G31550,AT1G19380,0.03602496212053809
AT2G06050,AT2G30360,0.036019646882983675
AT5G20250,AT5G10450,0.03593464416082077
AT2G37040,AT5G07440,0.035891246757448814
AT2G37710,AT3G25882,0.03587884089448772
AT5G50200,AT1G64170,0.035827736550214234
AT5G19660,AT2G04160,0.03579684971957208
AT3G29034,AT1G65690,0.03577978084131301
AT2G44490,AT3G52450,0.03576126047118285
AT1G05300,AT5G37600,0.03572488583145362
AT5G48430,AT3G46280,0.03566449932488867
AT1G64170,AT1G05300,0.035649535933726675
AT1G51800,AT4G08850,0.03564024853196386
AT1G61360,AT2G02220,0.035616282311196235
AT2G17740,AT4G20860,0.03554536983165952
AT2G04160,AT1G08090,0.035539812749469164
AT5G66420,AT1G30720,0.03552726828274043
AT2G30490,AT3G22060,0.035518796884988935
AT1G51800,AT4G20860,0.03542382981054608
AT3G50470,AT4G31800,0.03535908122606485
AT2G44490,AT1G61360,0.035307549899576414
AT1G51800,AT3G46280,0.03526152661216598
AT2G30360,AT5G06950,0.03525048657392338
AT5G46330,AT5G67090,0.035221205824445316
AT4G08850,AT1G30720,0.03520042460279752
AT4G34980,AT1G32950,0.03517468041433626
AT3G49780,AT1G51890,0.0351600551546056
AT2G30490,AT1G32950,0.035108346214641366
AT3G29034,AT3G49780,0.03506556190561451
AT1G51800,AT1G52200,0.0349214798210697
AT5G67360,AT4G34980,0.034897459084699
AT2G44490,AT1G19380,0.034871873200649266
AT3G49780,AT3G29034,0.034781102597777155
AT1G61360,AT4G24160,0.03474583078572874
AT4G30190,AT5G59090,0.034742046655367134
AT5G39580,AT1G19380,0.0347227764937804
AT1G30720,AT4G01700,0.034633558005646777
AT3G19930,AT1G51680,0.03462471271553928
AT2G04160,AT2G41220,0.0346186739318034
AT2G04160,AT5G19660,0.03457313282332758
AT1G49000,AT2G44370,0.03456608000465336
AT4G35180,AT3G50470,0.0345646849843617
AT3G19010,AT3G52450,0.034479973220251516
AT1G52200,AT5G39580,0.034475122067107684
AT1G61360,AT3G22060,0.034435509212509124
AT2G39530,AT2G17740,0.03440777487680026
AT1G30720,AT1G51680,0.03440718267562765
AT1G51800,AT4G23210,0.034374603037196125
AT3G26210,AT1G30600,0.034327618501368874
AT4G20000,AT2G44380,0.03431300679593124
AT3G19010,AT4G31550,0.03419434611331687
AT1G65690,AT5G67360,0.0341917875639918
AT4G08850,AT1G51680,0.034146613832201925
AT1G70530,AT2G02220,0.0341371494109384
AT1G61360,AT5G01540,0.034101295668952064
AT4G34980,AT2G05920,0.03406796560007179
AT2G25470,AT1G12940,0.03405072809146779
AT1G51800,AT3G19010,0.033924302305289485
AT3G22060,AT2G30490,0.033885657377044576
AT2G39850,AT5G44530,0.033869635188348436
AT5G40780,AT3G50470,0.03385451152365936
AT4G20000,AT5G44585,0.03385416290267658
AT3G49780,AT5G67360,0.033707934535398235
AT1G30730,AT2G44370,0.03367005246135489
AT5G67360,AT2G05920,0.03366160265809657
AT4G23210,AT3G21080,0.03358706326776078
AT3G19010,AT4G01700,0.03356283882962851
AT4G20860,AT5G48430,0.03351074974300322
AT3G49780,AT4G34980,0.03346878530004695
AT5G54160,AT4G28140,0.03340298803625017
AT3G19010,AT2G42360,0.033312342492680606
AT3G19930,AT1G30720,0.03329923891954093
AT5G19660,AT5G59080,0.0332923660941804
AT5G04140,AT3G19450,0.03324593521932264
AT1G51890,AT3G25882,0.033236414466681595
AT3G45060,AT2G19170,0.03313806689918868
AT4G24160,AT3G48650,0.033071631705710265
AT4G01250,AT4G20860,0.033024487468636884
AT5G48430,AT1G51800,0.033003300928276316
AT5G55050,AT1G14780,0.03299471589950069
AT3G26210,AT3G50470,0.03294874960606009
AT2G30490,AT4G20860,0.032901904299662985
AT3G29034,AT3G14240,0.03288757160616985
AT3G50470,AT3G21080,0.032769369606716815
AT1G51890,AT2G39530,0.03276917783710593
AT4G24160,AT4G31800,0.0327260147835956
AT5G01540,AT2G37710,0.03272216215201158
AT3G22060,AT1G51620,0.03270140645386289
AT5G48430,AT5G07440,0.03262882871479613
AT3G49780,AT1G71950,0.03262849951966343
AT2G17740,AT2G44370,0.032587362871121316
AT5G59130,AT5G19660,0.032528077882486885
AT5G01540,AT4G38560,0.032480771762107626
AT3G19930,AT1G15950,0.032432708202594814
AT1G01900,AT1G62340,0.032358487813204426
AT1G15950,AT1G51680,0.03232494619659505
AT5G44530,AT2G39850,0.032280417117258764
AT4G08850,AT5G39580,0.032266206844361885
AT1G51890,AT4G34980,0.03226038376738427
AT3G50470,AT3G50480,0.03220905785509988
AT4G28140,AT2G19170,0.03218404391937086
AT3G19010,AT2G44490,0.03204179731257787
AT1G65690,AT2G06050,0.031991089416930844
AT5G54160,AT3G45060,0.03198395712991112
AT5G39580,AT1G52200,0.03189113315800113
AT5G39580,AT4G31550,0.03188451218293538
AT3G22060,AT2G17740,0.03182178018332536
AT1G51890,AT3G14240,0.0317825262469986
AT2G25000,AT1G64170,0.0316959013054761
AT2G17740,AT2G39200,0.031690535832882234
AT3G19010,AT1G19380,0.031648126037160565
AT3G19010,AT4G35180,0.031582781961052984
AT2G38900,AT1G20150,0.03157147128006668
AT3G49780,AT2G19170,0.031537840850161286
AT3G29034,AT4G34980,0.03152970660578527
AT5G19660,AT2G41220,0.03152683645919615
AT3G29034,AT5G53110,0.03149877660846721
AT2G30490,AT3G29034,0.03143357189312858
AT5G44585,AT4G20000,0.031411719295778295
AT5G66420,AT1G51680,0.031376912684996226
AT4G08850,AT2G19190,0.03137198222001907
AT3G22060,AT4G33430,0.03136640120249574
AT5G58820,AT1G20150,0.031353817087977444
AT5G40780,AT2G15620,0.03133030678989274
AT2G39530,AT1G32950,0.031328757383372034
AT2G17740,AT1G51800,0.03132813652378225
AT5G50200,AT1G08090,0.03130372579194826
AT3G19930,AT1G37130,0.031298167167653435
AT5G04140,AT2G15620,0.0312812634319613
AT1G51680,AT2G22122,0.0312649331584209
AT4G27730,AT2G41220,0.03126015277168743
AT5G07440,AT3G19930,0.031235966668579963
AT4G26330,AT1G66210,0.031216154606710886
AT2G25000,AT1G12940,0.03113779875563635
AT1G64170,AT2G25470,0.031113243047113194
AT5G55050,AT1G08090,0.03106887282322209
AT5G46330,AT4G28140,0.03106649517389672
AT5G67450,AT1G65490,0.031052054695704264
AT4G20860,AT1G65690,0.031042618795123145
AT5G37600,AT5G40780,0.030999597905692414
AT5G66420,AT2G37040,0.030848925537910656
AT2G37710,AT4G33430,0.030825369654933637
AT3G46280,AT5G48430,0.030809258514732093
AT2G41220,AT2G39850,0.03079618780189835
AT5G67360,AT2G30360,0.03077617831129825
AT1G49000,AT5G37600,0.0307732377657037
AT1G65690,AT5G53110,0.030666023961152075
AT5G53110,AT1G14780,0.030592287386376336
AT4G20860,AT1G51800,0.030560284757616775
AT1G64280,AT5G20480,0.030537443786443682
AT1G30730,AT1G21670,0.03052009253125568
AT1G19380,AT4G01250,0.030519198290132405
AT4G20000,AT2G02220,0.03050704843751232
AT5G54160,AT4G30190,0.030431327621995345
AT5G44530,AT5G04140,0.03041636529525456
AT5G01540,AT3G22060,0.030391047482535263
AT2G25470,AT4G27730,0.030382223057429287
AT1G15950,AT2G37040,0.03036914846089215
AT5G03620,AT1G20150,0.03036667399389398
AT1G20150,AT5G03620,0.03034869565217373
AT4G23210,AT3G25882,0.03033611612668609
AT1G19380,AT5G46330,0.030269663838253805
AT1G19380,AT4G31550,0.03026680279417992
AT3G14240,AT5G67360,0.03016222677329044
AT5G39580,AT4G01700,0.030160262973708125
AT5G48430,AT2G17740,0.030137028604065856
AT5G53460,AT4G33430,0.029997794865965
AT5G53110,AT3G26210,0.029980321066780155
AT5G67360,AT3G14240,0.02993490568862495
AT5G44585,AT5G67450,0.029890885976171788
AT5G01540,AT2G44490,0.02986709946991193
AT3G14067,AT1G20160,0.029835126804353605
AT3G26210,AT2G37710,0.029759199573353205
AT2G38900,AT2G19170,0.029727126006139706
AT3G19930,AT1G20160,0.02971816887670058
AT2G19170,AT1G01900,0.02968863967156841
AT1G05300,AT1G12940,0.029663033638263142
AT1G30730,AT2G39200,0.029648034953377086
AT5G53110,AT1G49000,0.029621705407444007
AT2G30490,AT1G65690,0.02957130727104809
AT5G53110,AT5G40780,0.02954579424494303
AT1G37130,AT3G19930,0.029471076343286527
AT1G64170,AT5G37600,0.02946065695769129
AT4G34980,AT2G39850,0.029427510861055644
AT4G34980,AT2G30360,0.0293492811971081
AT2G39850,AT2G41220,0.02931233237363368
AT5G59080,AT5G19660,0.029260242178664988
AT5G40780,AT1G51890,0.029187784687951045
AT5G53460,AT2G41220,0.02918675472074356
AT2G44490,AT5G67090,0.02917515083712512
AT4G34980,AT5G51750,0.02917195783585576
AT4G34980,AT5G07440,0.029086580430157237
AT4G20000,AT1G05300,0.029004616147767563
AT1G64170,AT3G26210,0.02890019462589385
AT4G30190,AT3G45060,0.02889645249139734
AT4G30190,AT4G28140,0.02885852357368357
AT5G04140,AT2G30360,0.02884404423241964
AT5G37600,AT1G64170,0.02873364225515239
AT3G50470,AT1G02450,0.028724780296038782
AT1G51890,AT5G53110,0.0286652156923294
AT2G44490,AT4G01250,0.028651380094416187
AT3G48650,AT3G52450,0.028613131815632326
AT2G37710,AT1G61380,0.028448247027911683
AT1G51680,AT4G01700,0.0284412909513092
AT2G37710,AT2G25000,0.028437644825436762
AT5G46330,AT2G38900,0.028360511710897318
AT4G31550,AT1G30720,0.028342191296063995
AT4G00230,AT1G32970,0.028333149218800945
AT2G44380,AT2G25470,0.02832268189521113
AT2G37710,AT4G35180,0.028304957741132918
AT5G39580,AT3G19010,0.0282989290378323
AT5G59090,AT1G08090,0.028293769776534927
AT2G38900,AT3G45060,0.028273997747890318
AT4G35180,AT1G64280,0.02825278836147873
AT1G51680,AT1G37130,0.028228278803179307
AT3G46280,AT2G39530,0.028195193598833605
AT2G06050,AT4G24160,0.02814666896324267
AT2G37710,AT1G65490,0.02809600385154356
AT2G04160,AT4G20430,0.02808464969996204
AT4G35180,AT1G51890,0.02808416274633636
AT5G44530,AT5G59080,0.02800759651285113
AT5G44585,AT2G39200,0.027957125645483118
AT4G21870,AT4G33430,0.027901574317975963
AT1G61380,AT5G55050,0.02789622000130204
AT2G42360,AT2G06050,0.02789047533622884
AT3G29034,AT1G52200,0.02779784446178317
AT4G31800,AT4G28140,0.02771234192292354
AT4G35180,AT1G02450,0.027683312184956205
AT2G25000,AT3G26210,0.027679339023649385
AT4G24160,AT1G61360,0.02765066541399376
AT5G46330,AT2G19170,0.027625008992039485
AT3G59880,AT1G12940,0.02762044784007016
AT3G21080,AT1G02450,0.027616309231262275
AT2G39850,AT1G77380,0.027610233218095286
AT2G05920,AT3G29034,0.027604659849664016
AT4G38560,AT4G35180,0.02759925096250837
AT3G45060,AT2G38900,0.027513880926309044
AT1G61380,AT1G05300,0.027510585051652343
AT5G51750,AT5G44530,0.027477770236162345
AT4G38560,AT4G31800,0.027436293079934008
AT2G41220,AT2G04160,0.027417860110662527
AT3G14240,AT1G32950,0.02740926841856549
AT5G11940,AT5G59090,0.02738174656914756
AT2G37040,AT2G19190,0.027369754542661245
AT3G48650,AT1G64280,0.02730655292572199
AT4G20000,AT3G29034,0.027243203916087932
AT1G12940,AT1G20160,0.027214179987208445
AT5G53110,AT3G50470,0.027164004205752417
AT4G35180,AT4G23210,0.027108226897681702
AT1G30720,AT4G31550,0.027092320572421245
AT3G25882,AT2G37710,0.02706127768959464
AT3G26210,AT1G21670,0.027043211390783826
AT3G48650,AT4G24160,0.02699499572358886
AT1G64280,AT4G21870,0.026980693496849083
AT4G31550,AT2G44490,0.026948379526329704
AT3G48650,AT5G01540,0.02690172706552144
AT2G42360,AT1G51800,0.0268713191599504
AT1G32950,AT2G04160,0.026868804878601518
AT3G22060,AT2G39200,0.026856551201166888
AT4G35180,AT1G70530,0.026777932602087138
AT5G04140,AT1G65490,0.02676395332645997
AT3G22060,AT2G36690,0.0267449855310384
AT2G04160,AT5G59130,0.026723583132525087
AT2G15620,AT5G04140,0.026673997530338986
AT2G05920,AT4G34980,0.02667380026819636
AT2G44380,AT5G44585,0.026589611196568816
AT2G44380,AT1G64170,0.0265737334991058
AT2G41220,AT5G19660,0.026554104100300825
AT2G44490,AT3G19010,0.02655310251452833
AT1G64280,AT2G44490,0.026546644146839042
AT3G49780,AT1G65690,0.026544157243176828
AT4G34980,AT1G77380,0.026536289100463625
AT5G59130,AT2G04160,0.026505949904018826
AT3G19930,AT5G20250,0.026500624621252918
AT4G20860,AT1G51620,0.02645288510880028
AT5G48430,AT3G19930,0.026425712183241263
AT1G19380,AT2G44490,0.026410840069399262
AT5G67360,AT3G14067,0.0263970289069672
AT2G05920,AT5G51750,0.02634866951260574
AT4G01700,AT1G49000,0.026337706779748355
AT3G19450,AT4G27730,0.02632332749930255
AT5G66420,AT2G19190,0.02631488686949676
AT2G42360,AT1G51890,0.026306652459908427
AT2G05920,AT5G04140,0.026284114237506692
AT2G44490,AT5G46330,0.02623242880134403
AT1G49000,AT3G26210,0.026216974161062608
AT4G30190,AT5G54160,0.026180915202314047
AT1G30720,AT2G37040,0.026096339789421302
AT1G30730,AT2G36690,0.02609465130651236
AT3G19450,AT5G04140,0.026084481355139674
AT3G26210,AT1G51890,0.026065967241049558
AT2G25470,AT1G05300,0.025969745045866143
AT4G23210,AT1G51620,0.02589238855477032
AT4G20850,AT1G32950,0.025849947058703998
AT5G53110,AT1G05300,0.02580347591748958
AT5G50200,AT3G25882,0.02580217151044164
AT3G46280,AT2G39200,0.025798763347381203
AT2G19190,AT1G51680,0.025788801772549573
AT5G53110,AT3G29034,0.02578280360246185
AT1G64280,AT4G31800,0.025761364220307267
AT2G19170,AT1G20160,0.025738398601306462
AT2G30490,AT5G55050,0.025727061468371358
AT3G50470,AT4G35180,0.025671942141450608
AT2G19190,AT5G20480,0.025639327083330655
AT3G50480,AT5G37600,0.025571063466182462
AT1G30720,AT3G19010,0.025570083513656583
AT3G22060,AT1G51800,0.02556187968527529
AT1G77380,AT1G14780,0.025497110350720675
AT3G22060,AT5G44585,0.025453535474814968
AT1G49000,AT3G59880,0.02540977658176916
AT5G59090,AT2G22122,0.0254018679473746
AT2G30360,AT5G67360,0.02539475366633573
AT4G24160,AT3G19010,0.025308517653029727
AT2G15620,AT4G33430,0.025289430488687682
AT1G66210,AT1G20150,0.02528138800495084
AT3G14240,AT1G65690,0.025267433294456274
AT2G39850,AT4G34980,0.025264648352599388
AT3G59880,AT5G55050,0.025191922886200164
AT4G31800,AT4G38560,0.025126599534339215
AT5G53110,AT5G37600,0.02512449896928073
AT4G27730,AT3G19450,0.0250609140259962
AT5G44585,AT2G44380,0.0250608068960432
AT2G19190,AT5G66420,0.02505909019627021
AT1G14780,AT3G19450,0.02505855858356193
AT1G12940,AT4G27730,0.025017280567308186
AT4G38560,AT3G50480,0.025013527570483696
AT1G02450,AT5G59130,0.02498103633225544
AT5G45650,AT2G04160,0.0249724439210254
AT3G26210,AT5G10450,0.024949851205271267
AT2G19170,AT2G38900,0.024942648164756016
AT2G41220,AT2G25000,0.02492564342663869
AT3G22060,AT5G48430,0.02492561704019213
AT2G42360,AT2G19190,0.02490427052067536
AT2G37040,AT2G22122,0.024878194989742843
AT4G31800,AT4G35180,0.024775211469226417
AT3G46280,AT5G55050,0.024761345750851472
AT1G49000,AT2G02220,0.024747226252948645
AT3G19450,AT4G00230,0.02471952587632353
AT1G71950,AT2G15620,0.02470538472115557
AT2G39530,AT1G51890,0.02465706008986064
AT5G37600,AT3G50480,0.02464860150230809
AT2G25000,AT3G19450,0.024640667414795283
AT1G19380,AT5G39580,0.024616779013503023
AT5G59130,AT1G02450,0.024606364819998703
AT5G19660,AT5G59130,0.024604280249699014
AT4G31800,AT1G64280,0.024590399252053783
AT5G53110,AT4G20000,0.02455205419576643
AT5G40780,AT5G13930,0.02454738911098027
AT5G66420,AT5G39580,0.024539167929050767
AT2G30490,AT2G17740,0.02449988257439339
AT2G39850,AT3G21080,0.02444586465395808
AT5G66420,AT3G46280,0.02434770978586173
AT3G19930,AT4G08850,0.02434373200428205
AT2G41220,AT4G27730,0.024334549652857026
AT2G25470,AT3G59880,0.02426808912164474
AT3G14240,AT2G31400,0.024245776739915816
AT1G65490,AT3G59880,0.024228968458571986
AT5G07440,AT1G20160,0.024226304918103715
AT2G30360,AT4G34980,0.024173136100545348
AT4G01700,AT2G19190,0.024122755687968383
AT5G48430,AT5G50200,0.024096421640790063
AT5G37600,AT2G25000,0.024079137061137724
AT5G59080,AT1G20150,0.024066910697648127
AT3G48650,AT5G67090,0.024064611773934118
AT5G39580,AT1G51680,0.0240466622498776
AT4G20430,AT1G30600,0.024030227936825577
AT5G50200,AT1G65690,0.024008897018426786
AT1G61380,AT2G37710,0.023960662711397046
AT2G37710,AT3G26210,0.023882949648325186
AT2G04160,AT2G30360,0.023843455306006216
AT5G45650,AT5G19660,0.02372976015211728
AT3G48650,AT4G31800,0.02367238137794498
AT1G66220,AT5G59100,0.023667489108102523
AT1G72300,AT1G20160,0.023642901883442848
AT2G25470,AT1G64170,0.023623428875619662
AT2G39530,AT4G30190,0.023621636944580932
AT3G50470,AT3G48650,0.0236025686306496
AT4G31550,AT5G46330,0.023524018370798084
AT5G53460,AT4G39400,0.023523601143317682
AT4G23210,AT1G61380,0.02351572820624513
AT1G61380,AT4G23210,0.02342084651408777
AT3G25882,AT3G21080,0.02337924737627302
AT5G19660,AT5G45650,0.02336281488646804
AT3G19930,AT5G19660,0.023342925240427644
AT2G42360,AT3G22060,0.02333743003379974
AT1G15950,AT1G20160,0.023336327306496287
AT5G66420,AT4G01700,0.02331892862453584
AT5G13930,AT2G15620,0.0232851692092332
AT5G44585,AT2G36690,0.0232519687001036
AT1G72300,AT3G19930,0.02324706660455729
AT5G40780,AT4G34980,0.023235248451143758
AT1G32970,AT5G59100,0.023211516946933124
AT2G39530,AT5G55050,0.023210715997802528
AT1G37130,AT1G30600,0.023169986593676986
AT1G49000,AT1G19380,0.023150015353129258
AT2G41220,AT5G53460,0.023114109152738302
AT5G67360,AT2G06050,0.02309278980563896
AT5G37600,AT3G21080,0.02306196723123371
AT3G46280,AT2G44380,0.023059936636485586
AT3G50470,AT5G40780,0.023054380417123214
AT5G20250,AT5G07440,0.02305250174552237
AT5G20480,AT2G19190,0.023043021629570355
AT5G04140,AT2G39850,0.02303842475182313
AT5G07440,AT1G37130,0.02301985186910473
AT2G44380,AT5G59080,0.0229955643206355
AT2G15620,AT1G71950,0.02299540815038209
AT1G02450,AT2G37710,0.022991414816763932
AT1G05300,AT1G21670,0.02295893263087803
AT5G07440,AT2G37040,0.02293406201462653
AT1G77380,AT2G04160,0.02291385377999475
AT1G64170,AT1G12940,0.022913312401133274
AT3G14067,AT5G59810,0.022869837278961604
AT1G15950,AT2G19170,0.022864656029533425
AT4G38560,AT5G67450,0.02284588746356164
AT5G10450,AT2G22122,0.02284260035394724
AT2G39530,AT3G46280,0.02280777305043045
AT2G19190,AT2G42360,0.02275891379718728
AT2G37710,AT5G01540,0.022729679425025025
AT2G38900,AT4G21326,0.022728515980773616
AT5G67450,AT3G48650,0.0226677506827142
AT4G23210,AT4G35180,0.02264280590552803
AT2G31400,AT5G51750,0.02263339035814349
AT5G66420,AT5G48430,0.02259525085841104
AT2G06050,AT5G67360,0.022590611117060497
AT1G32950,AT4G20850,0.022583282164699736
AT2G42360,AT2G39530,0.022556810737437517
AT5G50200,AT3G26210,0.0225538959158652
AT4G23210,AT5G59130,0.02254401430318797
AT5G37600,AT5G50200,0.022525238830447908
AT5G51750,AT1G20160,0.022513165436523548
AT5G07440,AT1G15950,0.02246470720846381
AT2G39530,AT5G59130,0.02237896514967236
AT5G59100,AT1G66220,0.0223747285949425
AT4G33430,AT1G35160,0.02236941923599975
AT5G67450,AT3G21080,0.022349489081570167
AT1G21670,AT5G20250,0.022331959477524636
AT2G38900,AT5G03620,0.022313910454118114
AT3G45060,AT1G32950,0.022311087988835326
AT1G15950,AT1G72300,0.022291382600096943
AT3G46280,AT1G52200,0.02226673107995745
AT2G37040,AT1G37130,0.02225841282562404
AT1G64280,AT1G61380,0.022249615118893968
AT1G61380,AT3G59880,0.022248043108134937
AT5G10450,AT5G13930,0.02222756167873152
AT4G31550,AT1G61360,0.0222263783435876
AT1G30730,AT4G20000,0.022215007268322973
AT2G44380,AT5G53110,0.022202830365413918
AT5G04140,AT5G58840,0.022200789613811615
AT1G64280,AT2G37710,0.02219879100731795
AT5G04140,AT1G32950,0.022148912440945787
AT1G61380,AT4G21410,0.022120349497954068
AT2G44380,AT1G30600,0.022110893969222275
AT1G02450,AT5G45650,0.02210237921356657
AT2G42360,AT5G54160,0.022098793921633133
AT3G19930,AT5G07440,0.022088609301873976
AT2G37040,AT5G66420,0.022086660692914224
AT2G41220,AT5G59090,0.0220673913567076
AT4G21410,AT1G14780,0.022008747331676112
AT5G55050,AT3G59880,0.021888767502556958
AT5G44585,AT5G53110,0.021834768816512348
AT2G19190,AT2G17740,0.02181286933615699
AT1G61380,AT5G37600,0.021761266179377386
AT1G77380,AT3G45060,0.021756806000867827
AT4G23210,AT2G15620,0.0217515428836374
AT2G38900,AT2G06050,0.02173376698967509
AT4G24160,AT3G52450,0.021731704942389032
AT2G19170,AT3G45060,0.021696162540641002
AT2G38900,AT5G67090,0.021654662195144583
AT3G50470,AT1G71950,0.02164213595360665
AT3G21080,AT3G25882,0.021635324623152603
AT5G03620,AT1G04110,0.021626048687286403
AT5G58840,AT4G20850,0.02162384356078824
AT2G31400,AT2G04160,0.021613519264939363
AT4G28140,AT1G01900,0.02154776722179925
AT3G49780,AT5G53460,0.021543664758997813
AT3G46280,AT1G51800,0.02154062861472411
AT3G46280,AT2G44370,0.021511596333550414
AT1G19380,AT5G55050,0.021504254091738558
AT1G05300,AT5G55050,0.02150065091949728
AT2G05920,AT3G19450,0.021473069499137142
AT5G67450,AT1G64170,0.0214593414413758
AT1G19380,AT3G52450,0.021458289683628288
AT2G05920,AT5G07440,0.021458130930386444
AT5G51750,AT2G38900,0.021429185578284254
AT1G71950,AT5G53460,0.021417298631364885
AT5G40780,AT3G25882,0.021410436390019844
AT5G51750,AT2G31400,0.0214062887271594
AT5G19660,AT2G30360,0.02139882520052851
AT2G25000,AT1G04110,0.021364079089819014
AT3G19450,AT5G58840,0.02136151553378516
AT5G67360,AT3G49780,0.021342487997325518
AT1G61380,AT4G38560,0.021273324853012282
AT1G12940,AT5G37600,0.021252555732881814
AT2G19190,AT1G65690,0.021209629894145297
AT3G50480,AT3G21080,0.021196459158873214
AT1G72300,AT4G39400,0.02118158438579081
AT4G23210,AT4G33430,0.02115597372358592
AT2G04160,AT5G45650,0.02115511556071641
AT5G67450,AT1G49000,0.021091157517546213
AT3G48650,AT5G46330,0.02105084133128829
AT2G19170,AT5G59810,0.02104974998105424
AT3G50480,AT2G25470,0.021026301841978703
AT4G24160,AT2G30360,0.02102460001782055
AT3G25882,AT1G71950,0.0210174562554844
AT5G37600,AT5G55050,0.021013417443957443
AT2G30360,AT2G04160,0.02098860736904439
AT5G48430,AT1G51680,0.020963329424394675
AT4G23210,AT5G45650,0.02095388391188048
AT2G04160,AT1G32950,0.020939870135230045
AT5G20250,AT4G21870,0.020815888855214067
AT5G07440,AT2G30360,0.020792376436111367
AT1G20150,AT2G38900,0.020785394606256
AT4G21326,AT4G20850,0.020784882068122474
AT3G45060,AT4G30190,0.020782213161191915
AT1G51680,AT4G08850,0.020743442215074667
AT5G20250,AT2G19170,0.020733942181940072
AT3G25882,AT3G50480,0.02072346848256025
AT1G30730,AT4G21410,0.02071520460916904
AT2G19190,AT4G08850,0.02068481685089925
AT3G59880,AT2G25470,0.020642790596866592
AT1G12940,AT2G25470,0.02062246094935285
AT5G67450,AT3G50470,0.020603210736971675
AT2G25000,AT1G35160,0.020600540518880918
AT5G44530,AT5G51750,0.02060017896519301
AT3G48650,AT4G38560,0.020597243373001912
AT5G67450,AT2G37710,0.020563307160146985
AT5G04140,AT5G59080,0.02055414764415259
AT1G05300,AT2G44380,0.020545182159707
AT1G15950,AT3G19930,0.02052285725802916
AT1G77380,AT4G20430,0.020439976847507882
AT5G07440,AT5G11940,0.02043643612423517
AT5G07440,AT5G06950,0.020436108520301283
AT4G01700,AT2G37040,0.02043530851624617
AT3G25882,AT5G59130,0.02041903687930556
AT1G61380,AT5G50200,0.020405468075660942
AT1G77380,AT3G49780,0.020390228692963887
AT3G19450,AT2G25000,0.02036456809124383
AT1G30730,AT3G52450,0.02032449638235353
AT3G59880,AT1G19380,0.02030899851429048
AT3G48650,AT1G61360,0.020307209521499853
AT3G50480,AT5G51750,0.02025142518953101
AT1G62340,AT2G19170,0.020236582375352592
AT1G04110,AT5G59090,0.020236545404679958
AT5G19660,AT4G21870,0.020230887177918145
AT5G50200,AT2G42360,0.02022715024459201
AT2G05920,AT1G65690,0.02021777698969856
AT1G65490,AT2G19170,0.020217252805729984
AT1G51680,AT5G54160,0.020158437265929717
AT5G54160,AT2G38900,0.02014701268788336
AT3G50480,AT3G50470,0.02011619754641441
AT4G27730,AT5G06950,0.02010981274573636
AT4G01700,AT1G51680,0.020082696193329527
AT1G72300,AT4G20430,0.02007367457797101
AT1G64280,AT3G48650,0.02004183892029152
AT3G19450,AT4G21870,0.020026007421744096
AT5G46330,AT3G45060,0.020007801072698898
AT5G54160,AT2G22122,0.01998232662644
AT4G30190,AT2G41220,0.01996795552739744
AT3G59880,AT1G71950,0.01995373923024788
AT4G28140,AT2G38900,0.019935332165355747
AT1G12940,AT3G45060,0.019921269178940004
AT2G39530,AT1G65690,0.019899305269995327
AT4G27730,AT2G25470,0.01989552580976916
AT4G31800,AT3G48650,0.019888228889466168
AT3G45060,AT5G45650,0.019880361282920624
AT5G45650,AT4G20430,0.019859071784502958
AT1G30730,AT2G02220,0.019841776143684414
AT4G01700,AT5G66420,0.01982896962571076
AT4G38560,AT3G48650,0.01982713104894216
AT5G55050,AT1G12940,0.019811143798843377
AT5G44585,AT3G25882,0.019773661103539456
AT5G67360,AT5G51750,0.01976899473145324
AT4G00230,AT1G20150,0.019764357770051345
AT3G50480,AT1G12940,0.019736433764357655
AT5G67450,AT2G44380,0.019709306576523446
AT1G30600,AT4G21326,0.019687994667950844
AT5G51750,AT5G59080,0.019679346223743385
AT2G44380,AT3G26210,0.01965504449235689
AT2G44380,AT5G67450,0.0195887050454738
AT3G48650,AT5G67450,0.01958699259244555
AT5G50200,AT5G53110,0.019577402738866045
AT2G25000,AT5G10450,0.019568150509350287
AT2G25000,AT2G37710,0.01956307119529
AT5G44530,AT2G19170,0.019525873190426115
AT2G37040,AT3G19930,0.019510829992124324
AT4G01700,AT5G54160,0.01945079337717616
AT4G24160,AT4G01250,0.01944057042979766
AT1G32950,AT5G19660,0.019418551472317427
AT2G22122,AT5G59090,0.01938605595310136
AT5G44585,AT4G23210,0.019382721759008327
AT5G54160,AT1G01900,0.019381320996333426
AT3G45060,AT2G22122,0.019375416476895158
AT1G61380,AT3G26210,0.01937212441766841
AT5G66420,AT3G19930,0.01932830060798009
AT2G19190,AT1G51800,0.019319573164998688
AT5G58840,AT4G00230,0.01928753873256534
AT3G21080,AT4G23210,0.0192123562636224
AT3G14240,AT2G04160,0.019188895365706303
AT2G39530,AT1G30730,0.019115160685912604
AT4G38560,AT3G50470,0.019115106103276044
AT5G59130,AT1G32950,0.01907216847089727
AT5G20250,AT1G08090,0.019069623490917315
AT4G30190,AT2G19170,0.019050703676694668
AT5G67450,AT4G38560,0.019042218219382286
AT3G21080,AT2G19190,0.018993660910964626
AT5G67090,AT4G00230,0.018991653737607167
AT4G27730,AT1G12940,0.01897815859206899
AT2G01950,AT1G32970,0.01895030082562684
AT3G14240,AT1G77380,0.01892299566485285
AT4G20850,AT5G58840,0.01892221085208481
AT1G15950,AT2G22122,0.018912465236474014
AT5G67360,AT4G39400,0.018907857784250102
AT4G24160,AT4G27730,0.0188793550337164
AT2G41220,AT5G44530,0.0187533977436446
AT3G25882,AT4G31800,0.018732703933033085
AT4G24160,AT4G31550,0.018674650776306752
AT3G50480,AT3G25882,0.01867096599769924
AT1G65490,AT5G04140,0.01866466295985121
AT5G19660,AT1G72300,0.01865748843982869
AT2G30360,AT3G19450,0.018656474857066604
AT1G51680,AT4G39400,0.01864075292645001
AT1G77380,AT1G65690,0.018632453469157758
AT3G14067,AT4G39400,0.0186313619921666
AT5G66420,AT1G15950,0.0186308718598498
AT2G19190,AT2G39530,0.018624925537677924
AT2G06050,AT4G28140,0.018584314596711976
AT1G77380,AT5G44530,0.018581358902428808
AT3G25882,AT5G40780,0.01858082157560034
AT2G30360,AT1G14780,0.018573442963363603
AT2G25470,AT1G14780,0.01855958897711161
AT1G70530,AT3G48650,0.0185339733275624
AT5G45650,AT4G20850,0.018533501632980467
AT1G70530,AT4G24160,0.01852303996371791
AT1G70530,AT4G35180,0.018519453079636625
AT5G19660,AT4G20430,0.018519210066192608
AT5G67360,AT2G38900,0.018486427347139543
AT1G65490,AT5G59080,0.018475410677579
AT1G12940,AT5G54160,0.018380952424682743
AT1G21670,AT4G00230,0.01833055556328928
AT4G38560,AT1G61380,0.01832105837343344
AT1G20160,AT1G12940,0.0182463169025042
AT1G32950,AT5G58840,0.018183384135831662
AT2G25470,AT2G44380,0.018137274738421368
AT1G37130,AT1G51680,0.018124616325340667
AT5G55050,AT1G35160,0.0181200269732492
AT4G33430,AT4G20850,0.01804718940803675
AT2G30360,AT4G24160,0.01801276325073239
AT1G21670,AT5G59080,0.01800429645547033
AT2G44380,AT2G25000,0.018003877863664714
AT1G37130,AT4G21326,0.01799283450202494
AT1G32970,AT1G62340,0.017977911776281358
AT3G45060,AT4G20430,0.01794048379420997
AT5G51750,AT2G04160,0.0178291586885656
AT1G01900,AT2G19170,0.017799766910322038
AT1G32970,AT5G45640,0.017781085976698925
AT1G51680,AT2G19190,0.017771967591996198
AT1G64170,AT2G44380,0.01776340465334422
AT1G66210,AT5G03620,0.017738933700022746
AT5G58820,AT4G39400,0.017734920513393808
AT3G45060,AT1G77380,0.017713560986952
AT5G11940,AT4G20850,0.017707194958966506
AT5G19660,AT1G30600,0.017633951619951717
AT1G77380,AT2G39850,0.017620994810996982
AT4G27730,AT1G37130,0.017613810233888427
AT5G20480,AT5G59190,0.01760408265727003
AT1G66220,AT5G59090,0.01758371509642889
AT1G12940,AT2G19190,0.017547170278157706
AT4G28140,AT5G46330,0.017546421786645356
AT1G35160,AT4G00230,0.017541255678071625
AT3G21080,AT2G39530,0.01753731462167593
AT3G45060,AT5G54160,0.01753598262996698
AT4G30190,AT1G64170,0.017525898207527604
AT3G21080,AT4G33430,0.01750377368014385
AT2G41220,AT4G30190,0.017481965715219747
AT2G38900,AT5G67360,0.0174662198392053
AT5G54160,AT2G30490,0.01742413503080424
AT2G38900,AT2G30360,0.017420240900568276
AT5G59130,AT5G10450,0.017394287411709543
AT5G53460,AT3G14067,0.01738544397742926
AT5G51750,AT2G05920,0.017375332778960962
AT1G12940,AT1G64170,0.017367620066792502
AT2G44380,AT5G46330,0.017300946736195172
AT5G51750,AT2G39850,0.017274752037114306
AT1G30600,AT1G20160,0.017242315921029122
AT1G77380,AT1G51890,0.017224531332584284
AT4G00230,AT5G58840,0.017217048623322597
AT4G27730,AT1G64170,0.017211284902472652
AT2G19170,AT2G39850,0.017208779595524158
AT1G30600,AT4G21323,0.017131694774206598
AT5G53460,AT2G19170,0.01710804547148736
AT2G04160,AT3G19450,0.017054896923343037
AT4G28140,AT4G30190,0.017038155807979277
AT1G70530,AT2G37710,0.017036225556585658
AT1G77380,AT4G30190,0.017023510631902845
AT5G59090,AT1G66220,0.01702129860172711
AT5G59080,AT2G19170,0.01702010930481756
AT5G45650,AT1G32950,0.016991920731773483
AT2G38900,AT4G26330,0.01698545738412495
AT4G21326,AT1G66220,0.01692762499466251
AT3G19450,AT5G13930,0.01692009612316931
AT5G51750,AT5G67360,0.016910871158690097
AT1G15950,AT5G10450,0.016891607394672367
AT2G04160,AT1G77380,0.016888902700875168
AT1G04110,AT5G03620,0.016840055795525742
AT5G59080,AT5G44530,0.01678544440209894
AT4G28140,AT5G51750,0.016707152032671688
AT3G50480,AT4G21870,0.016684297935101178
AT2G30360,AT5G04140,0.016660314053319195
AT1G37130,AT5G07440,0.016629914331005302
AT2G15620,AT5G40780,0.016549315341990285
AT1G08090,AT1G32970,0.016531644506923328
AT5G20250,AT5G13930,0.016527422644002615
AT5G20480,AT4G08850,0.016517009984830532
AT1G20150,AT5G58820,0.016486101877464115
AT5G59100,AT1G32970,0.01647601424072
AT4G39400,AT5G58820,0.016473925439401918
AT2G30360,AT4G28140,0.01640859526253188
AT5G58820,AT5G59100,0.016365420636815526
AT2G25470,AT2G25000,0.01635524385976202
AT4G20850,AT4G33430,0.016344655922834253
AT3G19450,AT5G44530,0.016339188997340198
AT5G55050,AT3G14067,0.016332541398570297
AT1G32950,AT2G41220,0.01632445679791449
AT1G37130,AT1G20160,0.016290614365791652
AT5G59080,AT1G21670,0.016217587280209098
AT3G19450,AT1G65490,0.01621341088608376
AT2G31400,AT3G19450,0.016201700024998645
AT2G37040,AT2G31400,0.016163241630058472
AT2G31400,AT1G20160,0.016160789710797274
AT1G64170,AT4G30190,0.016154926297041947
AT3G14067,AT5G13930,0.01615383306290327
AT1G32950,AT5G59130,0.016122317924820242
AT1G37130,AT5G59080,0.016114882815024798
AT5G54160,AT2G19170,0.016087589850124682
AT2G15620,AT2G38900,0.0160464813724685
AT4G27730,AT5G10450,0.015995444977001026
AT2G41220,AT3G14067,0.015984252664863297
AT5G59130,AT3G21080,0.015935585898195312
AT5G20480,AT5G45640,0.015924999906583682
AT2G01950,AT1G01900,0.01588156391522214
AT1G02450,AT3G50470,0.015851102418949655
AT3G21080,AT5G67450,0.015843779223546475
AT2G19170,AT5G45640,0.015796386094677622
AT1G66210,AT1G04110,0.015723759759488753
AT1G65490,AT1G19380,0.015707884536848283
AT1G12940,AT4G30190,0.015689031936710222
AT5G53460,AT5G59090,0.015637689202226114
AT2G39850,AT5G04140,0.015632511836944973
AT4G15040,AT1G01900,0.015604226820350875
AT1G20150,AT4G00230,0.01558207382657342
AT1G05300,AT2G19190,0.015565753828725937
AT5G51750,AT1G77380,0.015552072497124637
AT1G71950,AT1G72300,0.015496162539318962
AT5G03620,AT2G01950,0.015492811547136082
AT4G31800,AT1G71950,0.015480916793196166
AT1G65490,AT5G45640,0.015439166709196369
AT2G19170,AT1G62340,0.01540959207354885
AT1G35160,AT4G33430,0.015403638333735476
AT5G59090,AT4G21323,0.015382229513280306
AT5G59190,AT5G20480,0.015360417728189428
AT1G20160,AT3G14067,0.015349125541395572
AT1G14780,AT5G55050,0.015318304250546462
AT1G02450,AT4G35180,0.015262638067834797
AT5G46330,AT1G04110,0.015256941096048856
AT2G19170,AT4G30190,0.015252903098364438
AT5G59080,AT5G04140,0.01523363590120307
AT4G20850,AT4G21326,0.015220934542536356
AT4G31800,AT4G24160,0.015216126676315509
AT4G33430,AT5G59090,0.015211933573010091
AT5G55050,AT2G39530,0.015194594271824378
AT1G01900,AT4G26330,0.015184922021960975
AT3G50480,AT4G33430,0.015178378252838416
AT4G27730,AT5G07440,0.015174928130592744
AT4G33430,AT5G58820,0.015173540508586837
AT3G59880,AT2G44380,0.015154810463003874
AT5G67090,AT4G39400,0.015153530179496163
AT5G55050,AT1G05300,0.01514534738363021
AT4G31800,AT4G34980,0.015134305088402385
AT2G19170,AT5G53460,0.015123645771190875
AT1G72300,AT5G59190,0.015119149987291315
AT1G64170,AT2G37710,0.015073338596824741
AT1G32970,AT2G01950,0.015066855562759822
AT1G70530,AT4G28140,0.015031671406427678
AT1G20160,AT1G72300,0.015010943922345138
AT1G04110,AT1G08090,0.014997513310706078
AT1G20160,AT2G31400,0.014987239094119966
AT3G59880,AT1G32970,0.014985553833537838
AT1G14780,AT2G30360,0.014947390063850331
AT2G25470,AT4G31800,0.014918361847404929
AT3G50480,AT1G64280,0.014908095669217712
AT5G13930,AT3G14067,0.014827629913376463
AT1G70530,AT4G31800,0.014817319327939091
AT1G14780,AT3G14067,0.014789681973452188
AT1G05300,AT5G53110,0.01474988914582408
AT4G20430,AT1G72300,0.014710197900970327
AT1G05300,AT4G20000,0.014691292937475304
AT3G14067,AT2G39850,0.01468992796883816
AT1G20160,AT1G04110,0.014637679996430928
AT1G32950,AT2G39850,0.01460586736579082
AT1G32950,AT3G45060,0.014589939557262534
AT4G01700,AT3G59880,0.014579444859512188
AT5G55050,AT5G53460,0.01455847260338953
AT2G06050,AT2G38900,0.014548904494339522
AT5G59130,AT5G59080,0.014535470082780803
AT4G21326,AT1G20150,0.014534724607733527
AT1G66210,AT4G26330,0.014530772355770345
AT5G13930,AT5G20250,0.01452950194115635
AT4G00230,AT5G06950,0.014528773656813643
AT5G59130,AT4G34980,0.014516884783214869
AT2G15620,AT2G39850,0.014503387250115471
AT1G65490,AT5G67360,0.014496145344165219
AT4G28140,AT5G59190,0.014466791519922455
AT1G70530,AT1G21670,0.014441897142725696
AT1G14780,AT2G04160,0.014424957199129637
AT5G45640,AT4G39400,0.014418666638080134
AT1G37130,AT5G19660,0.014394092710913138
AT2G06050,AT2G41220,0.014351257142915332
AT5G20250,AT4G39400,0.01434675344244485
AT5G11940,AT4G15040,0.014319901669290959
AT4G00230,AT4G39400,0.014311186853767522
AT5G53460,AT5G59080,0.014282774782512431
AT1G20160,AT1G15950,0.014281884487027378
AT5G06950,AT5G59810,0.014261003062052168
AT5G11940,AT4G21870,0.0142430701086825
AT4G21870,AT5G11940,0.014215076573098085
AT5G20480,AT4G39400,0.014207190633040975
AT3G19450,AT5G45650,0.014193961455686037
AT2G31400,AT1G14780,0.014189139072573728
AT5G67090,AT2G38900,0.014177806965281581
AT5G20250,AT5G58840,0.014144302880839581
AT1G04110,AT5G11940,0.014090940052377716
AT2G22122,AT3G45060,0.014079241429430763
AT2G39850,AT2G19170,0.014076458647830654
AT2G22122,AT1G51680,0.014060659126706185
AT5G59080,AT1G14780,0.014052125687829393
AT2G39850,AT2G04160,0.014044742846353384
AT4G00230,AT3G19450,0.014036265565701402
AT1G71950,AT2G30360,0.014021685742258226
AT1G20160,AT5G51750,0.014000477272035487
AT5G59100,AT5G58820,0.013979901290099664
AT1G21670,AT5G10450,0.013979224910634929
AT1G21670,AT5G19660,0.013969643729548769
AT5G45650,AT5G44530,0.0139600641032991
AT5G59080,AT1G62340,0.013905506308097613
AT5G59810,AT4G00230,0.013899687298514882
AT5G20480,AT1G32970,0.013869952473603332
AT1G32950,AT5G45650,0.01386855866635739
AT4G21326,AT2G38900,0.013859145125863592
AT5G45640,AT2G19170,0.013846307586526722
AT2G06050,AT1G37130,0.013838312901697169
AT1G14780,AT4G21410,0.013836881080174735
AT1G66210,AT4G21323,0.013817525929288971
AT4G00230,AT1G35160,0.013813855397704215
AT1G20160,AT4G21323,0.013810240860945216
AT1G02450,AT3G26210,0.01379260656841381
AT4G20850,AT5G11940,0.01378855934945394
AT1G72300,AT1G15950,0.013774504987371159
AT2G31400,AT5G44530,0.01377088452888896
AT4G01700,AT4G38560,0.013764025770006216
AT1G71950,AT5G10450,0.013749439696514985
AT2G15620,AT1G37130,0.013742544624885285
AT5G67090,AT5G58820,0.01372442923060211
AT5G20250,AT5G19660,0.013703096647104205
AT1G35160,AT5G13930,0.013663113083597337
AT5G20250,AT5G59080,0.013651256888316568
AT1G65490,AT1G62340,0.013623651171099043
AT2G01950,AT4G39400,0.013615065220190431
AT5G45650,AT3G19450,0.013600177658752769
AT1G01900,AT4G28140,0.013593601285914936
AT2G39850,AT3G14067,0.0135866101381065
AT1G08090,AT5G11940,0.01358563045930068
AT2G39850,AT5G59130,0.0135668006179978
AT2G01950,AT1G20160,0.013540930244136587
AT4G21410,AT1G61360,0.01353702280760237
AT4G20430,AT2G04160,0.013506646333243041
AT5G45650,AT3G45060,0.01346266984454345
AT5G44530,AT5G19660,0.01345736917121075
AT2G25470,AT2G19190,0.013453707316507859
AT5G11940,AT1G66220,0.01344092381908008
AT1G30600,AT1G08090,0.013409171264221849
AT5G13930,AT1G35160,0.013404018687728392
AT5G59130,AT2G30360,0.013399692864712777
AT1G71950,AT3G14067,0.013374224030245348
AT2G15620,AT2G04160,0.013354172132309702
AT1G71950,AT3G49780,0.013348353604122369
AT4G21410,AT1G19380,0.013343010743364848
AT4G21870,AT2G31400,0.013314590014693569
AT5G44530,AT5G20250,0.0133115083341642
AT1G62340,AT5G59080,0.01326909996004077
AT4G28140,AT2G06050,0.01326725497646612
AT5G10450,AT4G20850,0.013228026895466276
AT4G28140,AT5G54160,0.013216564261687266
AT5G06950,AT2G30360,0.013158408614584815
AT5G45640,AT1G32970,0.013147479286856441
AT2G22122,AT1G66220,0.013144705361117424
AT5G58840,AT1G32950,0.013136139155363288
AT1G14780,AT1G64170,0.013126829982762545
AT1G02450,AT1G71950,0.013094569283153312
AT4G20430,AT1G62340,0.013080910539983543
AT1G21670,AT2G19170,0.013079349128077664
AT4G21326,AT1G37130,0.013079296267030296
AT2G06050,AT4G27730,0.013073195866525694
AT5G59080,AT5G58840,0.01304904033114852
AT4G20850,AT4G21323,0.013048065291492245
AT5G59080,AT5G59090,0.013046316165811934
AT5G45650,AT1G21670,0.01304399484663808
AT1G72300,AT5G20480,0.013043172976951777
AT4G33430,AT5G59810,0.01302612276136939
AT1G14780,AT2G25470,0.013025489343878026
AT2G22122,AT5G10450,0.013021599833059458
AT1G65490,AT5G67450,0.013018974429357979
AT5G44530,AT1G37130,0.013000757072846713
AT4G15040,AT1G66220,0.012996304228388074
AT1G35160,AT2G04160,0.012994205023013973
AT4G30190,AT2G25000,0.01298078276143279
AT5G59090,AT4G21326,0.012975422505830994
AT5G53460,AT4G15040,0.0128979827243917
AT1G30600,AT4G39400,0.012894385700483705
AT1G20150,AT5G59080,0.01287530884217424
AT3G14067,AT2G31400,0.012859927065740354
AT5G53460,AT4G30190,0.01283276551443962
AT3G59880,AT2G19190,0.012811303939803577
AT1G65490,AT3G19450,0.012803076048751057
AT5G46330,AT5G45640,0.012713612849127387
AT1G01900,AT1G08090,0.012701638072225605
AT4G30190,AT5G59810,0.012689847907323006
AT5G10450,AT1G01900,0.012641373101464385
AT4G39400,AT2G01950,0.01263863005272379
AT5G11940,AT5G59810,0.012630400891392356
AT5G46330,AT4G39400,0.012593273810607934
AT4G30190,AT5G06950,0.012561854169867269
AT1G32970,AT4G00230,0.012545393775519643
AT4G21326,AT5G59090,0.012531990084324464
AT4G21410,AT2G44490,0.012525305312089669
AT4G20430,AT4G00230,0.012521238147957556
AT4G21410,AT2G31400,0.012519737664841556
AT5G44530,AT1G62340,0.012511389216039576
AT4G21323,AT1G20160,0.012506579799733356
AT1G02450,AT2G41220,0.012501027307242984
AT2G31400,AT1G01900,0.01248532359258424
AT1G30600,AT1G62340,0.01247277721616998
AT4G21326,AT5G03620,0.012447119705382814
AT4G33430,AT4G21326,0.01243219864409379
AT3G14067,AT4G00230,0.012410462660592168
AT5G46330,AT5G51750,0.012403238178524937
AT1G08090,AT4G21326,0.012397294532163393
AT5G59810,AT1G20150,0.01238147593782477
AT1G14780,AT5G59080,0.012380921899781594
AT1G32950,AT5G58820,0.012369560629118231
AT2G06050,AT5G19660,0.012347910646607623
AT5G13930,AT5G10450,0.012336615027646295
AT5G58840,AT1G20150,0.012335641268992965
AT5G58820,AT2G38900,0.012323166041916528
AT1G62340,AT1G01900,0.012301849829267436
AT4G21870,AT1G77380,0.012299012826091185
AT1G20150,AT5G10450,0.012294698520526457
AT5G46330,AT4G30190,0.01228574301557158
AT1G20160,AT3G19930,0.012277022591163814
AT5G20480,AT5G58840,0.012261869940458652
AT4G21870,AT5G19660,0.012259980858129965
AT1G02450,AT1G32950,0.012257167678332624
AT5G45640,AT1G20150,0.012257041004234859
AT5G10450,AT4G15040,0.012229046203756672
AT1G35160,AT3G14067,0.012174882291374187
AT1G30600,AT1G04110,0.012167971346760308
AT5G44530,AT2G41220,0.012131441356763148
AT5G58820,AT4G33430,0.012128822248278515
AT2G31400,AT4G21870,0.012120043288404866
AT2G31400,AT5G06950,0.01207509631965153
AT1G71950,AT4G39400,0.012066384136262364
AT5G59100,AT5G59080,0.012059527753429907
AT2G06050,AT4G26330,0.012056515350418498
AT4G01700,AT3G14067,0.012055853693232534
AT1G71950,AT1G32950,0.01205338485548072
AT1G01900,AT2G01950,0.012017619061049006
AT1G66220,AT5G59810,0.012007416714646505
AT5G06950,AT1G04110,0.011969812314264779
AT1G72300,AT1G30600,0.011948026328001096
AT1G35160,AT2G01950,0.011936089851607849
AT1G04110,AT1G62340,0.011933033985420354
AT5G13930,AT3G19450,0.011925647015023673
AT5G13930,AT1G20160,0.011922874832569328
AT4G21410,AT3G52450,0.011865601863602377
AT5G58840,AT5G59080,0.011857418361327678
AT1G66220,AT4G21326,0.01185729549595247
AT4G21326,AT5G45640,0.011833615628241078
AT4G21410,AT4G33430,0.011832882985391424
AT1G20150,AT1G62340,0.011831653795273228
AT4G01700,AT1G30720,0.01182521172681533
AT5G59090,AT4G33430,0.011779945013843088
AT5G58840,AT5G03620,0.01177958723213812
AT3G59880,AT4G38560,0.011771227076073207
AT4G39400,AT4G33430,0.011769001040208069
AT4G20850,AT5G59100,0.011744225488466788
AT5G67090,AT1G61360,0.011716045657954907
AT5G59190,AT1G66210,0.011665648111451129
AT4G21326,AT5G58840,0.011663881403817144
AT4G20430,AT5G45650,0.011662870989916887
AT5G59190,AT5G58820,0.011660090873043876
AT4G15040,AT5G03620,0.011643720477952788
AT5G11940,AT3G19450,0.01162986479922125
AT5G10450,AT1G21670,0.011623366614406428
AT1G35160,AT5G59130,0.0116176911508678
AT4G21870,AT5G20250,0.011614511733971622
AT5G03620,AT4G39400,0.011605718420278195
AT4G00230,AT4G20430,0.011589807976774804
AT1G01900,AT5G58820,0.011554408816277131
AT5G11940,AT5G58840,0.011535415275777632
AT5G58840,AT4G21326,0.01150145594847113
AT5G20480,AT1G72300,0.011482898390864449
AT1G20160,AT1G30600,0.011482881417458063
AT4G26330,AT4G20430,0.011472633195773796
AT1G71950,AT5G13930,0.011471598119581669
AT1G30600,AT2G31400,0.011470517205687264
AT5G59090,AT5G11940,0.011467588396640627
AT5G59810,AT5G06950,0.011446296705411198
AT1G72300,AT1G66220,0.01141935519454167
AT4G21410,AT5G55050,0.011382230920264014
AT1G66220,AT5G11940,0.011377160859486368
AT5G58840,AT5G11940,0.011293587086356293
AT5G45640,AT5G59080,0.011274848813172986
AT5G55050,AT3G49780,0.011254220755434906
AT4G00230,AT5G59810,0.011238686992722673
AT1G66210,AT5G13930,0.011222037228881142
AT5G10450,AT1G15950,0.011204497585105994
AT5G58820,AT5G59190,0.011201108494552078
AT5G59810,AT2G01950,0.011182236745655664
AT5G67090,AT5G46330,0.011155440167026328
AT5G59090,AT4G30190,0.011132732717086995
AT5G58820,AT1G01900,0.011130797594560244
AT5G45640,AT4G21323,0.011084363605469794
AT4G00230,AT5G59100,0.01107519722272723
AT1G62340,AT1G04110,0.011037708051774887
AT5G59190,AT1G32950,0.011028315762390179
AT5G59810,AT3G14067,0.01101165619883127
AT1G21670,AT1G30720,0.010976470205356534
AT4G21410,AT1G08090,0.01095435706065043
AT5G59810,AT4G21323,0.010942583406289804
AT2G01950,AT5G67360,0.010934366306516648
AT3G14067,AT1G01900,0.010927731256346909
AT1G62340,AT5G45640,0.01092287140146888
AT2G01950,AT5G59810,0.010903416815955374
AT5G67090,AT1G32970,0.01089715156947926
AT5G10450,AT5G59080,0.010880989894941295
AT5G67090,AT4G26330,0.010863276902586944
AT5G11940,AT5G59100,0.010832161137958951
AT1G66210,AT5G06950,0.010802732544560758
AT1G04110,AT1G20160,0.010802235126266293
AT2G31400,AT2G01950,0.010788128694181694
AT1G35160,AT4G21870,0.010762250924301216
AT5G20480,AT5G20250,0.010751912482787552
AT1G30600,AT5G59100,0.010723424566712093
AT5G59090,AT5G58820,0.010701695968857452
AT5G45640,AT5G19660,0.010663464264199854
AT2G22122,AT4G21870,0.010662120348849785
AT5G10450,AT1G32950,0.010610246648581631
AT2G22122,AT2G37040,0.010603501104425542
AT5G67090,AT3G19010,0.010599458586508393
AT5G11940,AT5G59080,0.010583438819903156
AT4G15040,AT5G58820,0.010575042736493349
AT1G08090,AT1G62340,0.010574660937722807
AT5G45640,AT1G62340,0.010505048250525692
AT4G21410,AT5G59090,0.010481580865383812
AT4G20430,AT5G19660,0.010465219180929108
AT2G22122,AT1G01900,0.010456002636712257
AT1G35160,AT4G15040,0.010448220581108936
AT5G59190,AT1G32970,0.010416100724646963
AT1G04110,AT2G01950,0.010385401549471427
AT1G35160,AT1G14780,0.010367385139642462
AT4G21323,AT1G30600,0.010354437725153895
AT4G21870,AT5G53460,0.010352718989247259
AT4G26330,AT2G41220,0.010347559273221743
AT5G59100,AT1G20160,0.01033734074003294
AT1G21670,AT3G26210,0.010336824283216958
AT1G32970,AT5G59190,0.010331588283260496
AT3G14067,AT4G21323,0.010319165538918136
AT1G04110,AT5G59100,0.010284464316308693
AT4G39400,AT5G53460,0.010282295540026977
AT4G26330,AT1G01900,0.010269376438689413
AT5G59810,AT5G11940,0.010236932163157759
AT1G62340,AT5G19660,0.01020473200707448
AT5G13930,AT5G59810,0.01017738645124265
AT4G21870,AT3G19450,0.010171475287595185
AT4G20430,AT5G58840,0.01016870907165867
AT1G04110,AT5G59080,0.01016302347932397
AT5G59090,AT1G32970,0.01015277281153404
AT4G39400,AT5G59090,0.01013320243925976
AT5G03620,AT2G30360,0.010116775265586271
AT5G58840,AT5G04140,0.010108288231998956
AT5G06950,AT2G31400,0.010097157499764087
AT5G06950,AT1G66220,0.010070641632371835
AT4G33430,AT2G22122,0.01006280889600304
AT1G62340,AT2G39850,0.010061645178847584
AT4G39400,AT1G66220,0.010037123815759287
AT5G67090,AT5G58840,0.010027628358527616
AT4G21323,AT4G20850,0.009995500337350796
AT3G14067,AT2G04160,0.009984231520125857
AT4G21870,AT5G59090,0.009980650163280844
AT5G03620,AT1G66220,0.009978373406387443
AT4G20430,AT4G28140,0.009967059762770715
AT1G04110,AT1G30600,0.009960250791894129
AT4G20430,AT1G77380,0.009918132075531216
AT4G15040,AT5G59100,0.009856605719784656
AT5G45640,AT4G21326,0.009851884489987285
AT1G30600,AT5G51750,0.009827840487868358
AT4G33430,AT2G15620,0.009805618170333324
AT1G62340,AT1G20150,0.009787054167823772
AT1G66220,AT4G39400,0.009787047029390455
AT4G15040,AT5G59090,0.00976109012943732
AT1G66220,AT5G06950,0.00971415439090552
AT1G62340,AT5G59090,0.009692171833246084
AT1G21670,AT5G03620,0.00968208605332278
AT1G21670,AT5G58840,0.009656824954232358
AT4G15040,AT4G21323,0.009647200443660223
AT5G58840,AT5G20480,0.009644839864966424
AT2G01950,AT5G59100,0.009619676521130936
AT2G22122,AT4G26330,0.009583583223076043
AT5G03620,AT4G21323,0.009577975992998821
AT5G20480,AT1G66220,0.009542120899865664
AT5G58820,AT1G04110,0.009517830248886387
AT4G33430,AT1G01900,0.009509276759719442
AT4G21323,AT5G45640,0.009496273855919087
AT5G45640,AT5G20480,0.00947509216647168
AT1G01900,AT1G04110,0.00944827366051598
AT5G58820,AT1G32970,0.00942590348007285
AT1G20150,AT4G21326,0.009411983037903502
AT1G08090,AT1G04110,0.009393685667993382
AT1G32970,AT1G01900,0.009344539020423521
AT1G20150,AT5G19660,0.009314841250439116
AT5G03620,AT1G32970,0.009273998341803298
AT5G06950,AT5G11940,0.00925863855138856
AT5G59810,AT1G66220,0.009257774529940137
AT2G22122,AT1G15950,0.009251445965735045
AT1G66220,AT1G08090,0.009226515628103343
AT2G01950,AT4G15040,0.009207320428165702
AT1G01900,AT1G66220,0.009151302070078722
AT5G58820,AT4G00230,0.009129053531828621
AT1G01900,AT4G15040,0.009108667093654672
AT4G26330,AT2G01950,0.009102239171911929
AT4G15040,AT5G45640,0.009052645612161712
AT5G13930,AT4G21323,0.00900920788423716
AT1G32970,AT5G58820,0.008991280335249152
AT5G59190,AT2G01950,0.008953071489095977
AT4G20850,AT1G66220,0.008951520183472781
AT4G26330,AT4G21323,0.008943874413987236
AT1G32970,AT4G21870,0.008932519351740428
AT4G20850,AT1G62340,0.00892331109896383
AT5G06950,AT5G07440,0.008867951923100909
AT1G08090,AT4G20850,0.008866333714813025
AT1G20150,AT5G45640,0.008858137124771369
AT4G15040,AT5G11940,0.008855019337972026
AT5G06950,AT5G58820,0.0088396575104111
AT1G62340,AT1G32970,0.008823905683052217
AT1G32970,AT4G21326,0.008820337387193055
AT5G06950,AT4G27730,0.008790755509183144
AT1G08090,AT5G59080,0.008782669735369014
AT4G26330,AT5G45640,0.008738827017622764
AT5G59190,AT1G04110,0.008697410923018317
AT4G20850,AT5G06950,0.008693103108085545
AT4G26330,AT2G22122,0.008685906246699245
AT1G66210,AT5G59810,0.008668122428534134
AT5G13930,AT2G38900,0.008656874817883048
AT1G66210,AT5G11940,0.008638011868123867
AT4G21870,AT1G65490,0.008599185262762888
AT1G66210,AT4G21326,0.008575457171687199
AT4G15040,AT2G01950,0.008552101802281449
AT1G66220,AT1G20160,0.00851686802405719
AT1G08090,AT4G20430,0.00844060517121072
AT5G03620,AT4G15040,0.00840119373135835
AT4G39400,AT5G20480,0.008369544944141586
AT4G21323,AT5G59810,0.008346550050121443
AT5G59100,AT5G11940,0.008304614265030317
AT4G39400,AT5G03620,0.008271094187822542
AT5G59810,AT5G10450,0.008256206841966615
AT2G01950,AT1G04110,0.008228802984482609
AT1G08090,AT2G31400,0.008221536887384438
AT2G01950,AT1G65490,0.008181839921801623
AT5G59100,AT4G00230,0.008140398071729038
AT5G06950,AT1G66210,0.008103314305804868
AT4G39400,AT1G72300,0.008100258177947975
AT4G21323,AT5G03620,0.008086814342753339
AT4G39400,AT5G67360,0.008061727496332091
AT5G59100,AT4G15040,0.00804701363431961
AT4G26330,AT1G62340,0.008036574441338453
AT5G59810,AT1G32970,0.0080341688012156
AT4G21323,AT1G20150,0.007909713532581806
AT4G21323,AT4G20430,0.007895745585399723
AT5G59100,AT1G08090,0.007890480202431948
AT5G59100,AT4G20850,0.007881808655968329
AT4G26330,AT5G58840,0.007861392600691762
AT4G21323,AT1G62340,0.007783201746553166
AT4G21323,AT5G58840,0.007713227424275839
AT5G59190,AT1G15950,0.007692546053491551
AT1G66220,AT1G20150,0.007662099908973346
AT5G59190,AT5G59100,0.007645710496246236
AT5G03620,AT5G06950,0.007623492895443271
AT5G59190,AT5G59810,0.007582684902795536
