"AT4G16155",13
"AT2G07691",822
"AT1G45030",448
"AT2G35080",821
"AT1G73220",8
"AT5G64600",447
"AT1G23880",446
"AT1G27310",237
"AT1G65410",616
"AT4G35420",482
"AT1G80210",454
"AT5G58650",445
"AT5G06190",136
"AT5G39890",82
"AT1G35110",442
"AT4G13870",820
"AT3G04560",730
"AT4G00530",96
"AT1G52880",21
"AT1G09410",481
"AT3G55280",8
"AT1G79270",236
"AT1G09795",439
"AT1G54340",235
"AT2G24760",438
"AT2G07786",437
"AT3G11560",29
"AT5G08530",5
"AT4G16440",63
"AT3G49070",18
"AT1G23720",25
"AT2G34410",4
"AT4G14365",12
"AT1G08310",38
"AT2G25110",35
"AT3G19320",21
"AT1G61010",10
"AT3G20470",519
"AT1G72600",21
"AT2G20120",5
"AT5G25250",27
"AT1G76520",469
"AT5G51190",6
"AT2G16440",17
"AT5G40660",444
"AT2G44370",27
"AT2G29870",82
"AT3G28550",25
"AT3G47070",4
"AT3G55790",21
"AT2G33800",7
"AT3G60780",26
"AT1G52410",22
"AT4G24330",89
"AT1G07000",12
"AT2G24600",6
"AT1G80920",23
"AT4G24190",35
"AT3G48550",102
"AT5G46030",434
"AT4G12800",4
"AT1G54320",179
"AT5G24655",141
"AT1G06680",4
"AT1G08380",4
"AT2G09990",79
"AT4G12420",19
"AT5G61790",35
"AT5G12190",1
"AT1G05420",21
"AT2G14760",28
"AT3G06435",82
"AT5G04340",6
"AT1G16510",21
"AT3G02640",17
"AT2G10920",21
"AT1G27710",21
"AT1G48830",8
"AT5G10040",82
"AT1G57680",242
"AT3G22120",21
"AT2G30490",16
"AT1G02405",21
"AT1G32990",4
"AT1G64610",6
"AT5G48540",27
"AT4G09730",9
"AT5G47130",241
"AT4G23790",12
"AT1G48405",443
"AT2G18210",81
"AT4G37380",21
"AT5G12900",4
"AT5G24200",20
"AT1G61520",4
"AT3G47940",102
"AT3G24600",21
"AT3G15356",28
"AT1G30870",25
"AT5G13420",16
"AT1G80310",21
"AT4G29840",21
"AT2G39200",27
"AT5G28630",11
"AT2G05380",432
"AT1G55670",4
"AT1G23830",20
"AT3G03190",31
"AT2G39330",22
"AT1G52300",8
"AT3G11630",4
"AT4G01050",4
"AT2G13790",12
"AT1G19020",6
"AT3G24500",41
"AT3G27220",82
"AT2G31725",4
"AT3G59650",8
"AT5G55160",1
"AT5G45510",232
"AT5G01500",28
"AT3G12020",431
"AT4G34620",4
"AT4G19860",13
"AT2G37600",8
"AT4G39940",28
"AT1G01580",430
"AT2G43460",8
"AT4G39260",21
"AT1G76600",59
"AT4G13340",21
"AT2G37940",11
"AT3G57150",8
"AT5G05270",53
"AT2G16400",94
"AT3G48930",8
"AT4G31500",28
"AT5G59970",17
"AT4G15410",21
"AT3G04840",8
"AT5G64460",5
"AT1G79780",21
"AT5G09750",21
"AT1G20620",173
"AT3G23390",8
"AT2G39750",5
"AT4G25200",69
"AT3G54600",31
"AT3G14415",4
"AT3G60245",8
"AT5G61410",4
"AT1G43000",11
"AT2G41430",12
"AT1G73010",38
"AT1G30755",492
"AT3G06940",63
"AT5G15640",15
"AT1G72290",160
"AT4G28750",4
"AT5G06250",21
"AT1G13160",2
"AT5G07040",120
"AT1G02140",145
"AT1G21750",35
"AT1G65700",1
"AT3G54050",4
"AT3G23050",472
"AT2G05220",8
"AT3G46560",1
"AT2G38860",28
"AT1G72950",463
"AT1G24470",461
"AT1G62660",111
"AT3G46970",33
"AT1G06950",9
"AT1G20340",4
"AT2G06520",4
"AT3G59840",8
"AT2G47380",1
"AT1G27080",34
"AT3G21550",50
"AT3G54960",35
"AT4G04640",4
"AT2G47640",1
"AT3G02550",82
"AT1G06560",4
"AT3G48500",102
"AT4G24310",11
"AT2G46820",14
"AT3G15450",23
"AT2G21390",10
"AT1G21910",6
"AT5G63085",175
"AT3G55980",6
"AT5G58330",4
"AT3G06860",18
"AT4G38100",2
"AT3G33004",43
"AT2G32680",20
"AT3G55800",4
"AT3G50330",21
"AT5G35220",4
"AT3G57260",20
"AT2G36690",27
"AT2G39030",22
"AT5G45800",21
"AT4G01470",426
"AT2G25735",11
"AT3G48200",29
"AT5G23010",31
"AT2G43620",27
"AT1G55960",3
"AT4G19660",6
"AT3G01440",4
"AT5G06320",12
"AT5G54830",168
"AT1G08140",425
"AT1G07400",41
"AT2G20610",28
"AT5G42940",3
"AT2G26150",41
"AT5G59850",8
"AT3G16720",6
"AT4G04810",424
"AT5G48380",12
"AT3G06350",16
"AT3G06455",36
"AT2G26290",154
"AT3G19580",12
"AT1G64370",423
"AT1G17420",11
"AT1G77120",82
"AT5G02050",5
"AT1G42970",19
"AT4G38080",26
"AT1G27190",34
"AT1G08930",15
"AT3G47480",20
"AT3G54810",6
"AT1G15930",8
"AT2G22230",87
"AT1G17745",22
"AT2G28740",17
"AT3G55330",4
"AT2G34250",10
"AT5G61170",8
"AT1G62690",34
"AT2G05310",7
"AT2G33380",22
"AT5G64080",21
"AT5G54490",6
"AT1G64510",14
"AT5G58370",5
"AT4G21610",104
"AT1G09620",33
"AT5G10390",17
"AT3G51240",53
"AT3G09630",8
"AT3G54890",4
"AT4G33070",82
"AT2G02180",132
"AT3G18390",9
"AT5G64790",82
"AT4G34180",34
"AT5G15020",3
"AT3G25230",41
"AT5G11890",21
"AT4G01250",27
"AT4G32760",30
"AT2G40610",228
"AT1G67430",8
"AT3G16470",22
"AT1G44920",14
"AT1G32550",7
"AT1G04820",710
"AT3G52430",12
"AT1G80560",31
"AT4G38490",1
"AT1G67470",6
"AT1G19150",14
"AT5G26360",5
"AT2G28820",43
"AT1G79930",142
"AT5G63420",9
"AT1G70600",8
"AT4G23190",27
"AT5G11830",620
"AT1G52230",14
"AT3G49040",8
"AT5G08040",8
"AT3G02350",5
"AT4G23260",27
"AT4G26200",27
"AT1G51800",27
"AT5G20130",8
"AT4G12030",31
"AT4G35390",21
"AT5G13220",151
"AT1G72810",101
"AT1G75690",4
"AT1G16880",4
"AT5G06550",8
"AT1G76070",11
"AT5G46110",4
"AT2G02220",27
"AT3G53730",17
"AT4G30530",28
"AT4G30430",6
"AT4G02510",33
"AT5G19550",28
"AT3G56340",8
"AT1G34030",8
"AT3G06850",23
"AT5G44070",12
"AT1G74270",8
"AT1G07320",4
"AT3G56050",5
"AT4G01010",11
"AT1G56110",8
"AT5G39050",80
"AT5G15490",16
"AT2G34420",4
"AT4G10500",20
"AT3G56070",5
"AT2G33120",27
"AT3G56980",42
"AT5G64820",14
"AT1G79610",7
"AT1G09240",6
"AT3G57450",6
"AT5G10690",19
"AT1G02360",11
"AT3G18680",9
"AT5G24314",4
"AT1G30380",4
"AT5G20970",148
"AT5G64430",6
"AT1G72110",226
"AT1G09940",12
"AT5G37780",28
"AT1G21525",464
"AT2G46500",15
"AT2G37220",4
"AT5G02450",8
"AT1G35710",20
"AT5G59870",17
"AT3G47600",244
"AT2G34357",2
"AT5G57220",12
"AT2G18700",23
"AT5G04160",16
"AT1G30290",223
"AT5G45000",47
"AT3G29034",47
"AT2G21730",39
"AT2G43030",73
"AT2G38140",4
"AT4G08300",224
"AT3G10530",14
"AT3G50370",30
"AT2G31865",12
"AT4G20360",4
"AT1G09690",8
"AT3G46320",17
"AT2G24270",4
"AT2G35270",21
"AT4G21280",7
"AT1G20480",173
"AT1G51650",1
"AT5G19120",23
"AT4G00870",37
"AT5G40230",20
"AT5G40950",4
"AT1G74070",9
"AT4G00720",422
"AT5G35940",121
"AT2G37090",50
"AT4G01610",7
"AT3G47670",21
"AT5G65020",417
"AT5G08610",33
"AT1G54215",21
"AT3G07700",3
"AT5G05500",25
"AT5G64930",17
"AT3G53900",7
"AT3G01480",4
"AT1G68310",92
"AT4G28080",4
"AT5G51550",44
"AT5G54370",25
"AT2G42740",8
"AT1G25560",23
"AT3G22660",5
"AT5G20600",2
"AT1G67690",34
"AT1G71520",11
"AT4G23180",12
"AT5G55990",150
"AT1G51610",33
"AT3G53740",8
"AT3G05360",65
"AT1G26910",86
"AT2G25080",4
"AT4G33050",12
"AT3G28450",12
"AT2G26380",15
"AT1G76270",101
"AT3G28860",19
"AT5G61210",11
"AT5G10760",20
"AT3G20050",8
"AT2G16720",166
"AT1G10040",412
"AT4G05632",3
"AT2G27310",11
"AT1G67860",410
"AT3G53020",8
"AT2G45180",7
"AT3G44370",21
"AT5G18490",15
"AT4G19006",408
"AT2G41240",42
"AT4G19515",6
"AT3G02800",11
"AT3G59080",12
"AT5G19990",3
"AT5G22920",23
"AT2G32730",10
"AT2G37430",11
"AT2G36620",8
"AT2G46140",154
"AT1G69900",11
"AT2G24730",8
"AT2G31860",4
"AT4G24780",44
"AT4G23660",191
"AT4G14342",1
"AT4G32340",219
"AT1G15820",4
"AT4G18730",8
"AT3G10930",6
"AT1G73805",12
"AT2G41620",2
"AT2G31430",5
"AT4G21580",18
"AT3G01720",89
"AT2G04030",2
"AT1G77180",10
"AT2G34160",1
"AT5G63470",21
"AT3G51190",8
"AT5G67560",172
"AT2G32700",45
"AT4G21865",406
"AT2G27900",2
"AT1G50370",146
"AT1G52220",7
"AT2G37040",15
"AT2G20670",23
"AT2G26300",405
"AT2G30560",21
"AT5G23740",8
"AT2G31090",402
"AT4G21310",217
"AT5G19940",4
"AT1G33050",36
"AT1G51700",12
"AT4G17390",8
"AT5G35430",10
"AT1G74460",26
"AT5G53450",42
"AT3G06380",23
"AT5G13140",134
"AT1G06990",11
"AT4G27510",69
"AT3G07350",23
"AT3G54470",207
"AT4G35250",4
"AT5G08050",4
"AT2G35130",14
"AT2G25490",3
"AT2G05580",21
"AT5G22880",17
"AT1G08580",8
"AT2G34890",23
"AT3G52150",7
"AT1G23980",34
"AT1G06230",3
"AT3G28930",28
"AT3G58490",119
"AT2G24540",24
"AT1G78630",4
"AT2G44500",12
"AT5G48030",2
"AT2G34585",66
"AT3G61820",398
"AT1G03680",397
"AT2G34810",22
"AT2G38870",27
"AT3G07750",396
"AT5G16710",7
"AT5G63710",215
"AT1G30620",11
"AT3G23070",9
"AT3G10040",6
"AT2G33710",11
"AT1G75630",13
"AT5G07720",21
"AT3G30340",42
"AT5G27850",8
"AT4G25340",2
"AT4G05450",8
"AT1G11960",32
"AT3G06650",16
"AT1G67810",28
"AT5G12030",69
"AT2G37410",293
"AT5G42080",168
"AT3G02360",15
"AT3G33000",43
"AT5G27770",8
"AT1G32920",59
"AT3G22370",11
"AT3G27560",15
"AT5G02610",8
"AT2G14660",76
"AT1G21500",4
"AT4G01985",21
"AT1G18060",4
"AT1G33960",20
"AT2G47790",55
"AT3G46110",748
"AT1G04020",17
"AT1G12900",4
"AT5G14320",7
"AT3G52930",167
"AT3G01460",10
"AT3G28510",20
"AT2G31680",302
"AT1G63720",11
"AT2G01250",8
"AT3G16080",8
"AT5G23060",4
"AT5G49720",54
"AT3G18250",47
"AT3G50930",12
"AT1G75940",37
"AT3G27260",3
"AT3G62400",1
"AT1G29700",14
"AT2G44450",702
"AT1G52400",22
"AT1G69170",34
"AT3G51510",4
"AT4G19140",55
"AT2G46400",12
"AT5G55220",9
"AT3G28210",11
"AT2G46650",28
"AT1G70700",665
"AT2G42990",113
"AT5G13120",87
"AT4G36530",4
"AT5G49460",16
"AT1G70520",15
"AT5G03020",640
"AT1G11475",1
"AT1G04270",8
"AT3G09500",8
"AT2G21330",4
"AT5G06370",107
"AT1G55450",6
"AT5G60400",13
"AT1G74970",4
"AT5G08020",17
"AT2G34040",10
"AT5G50000",46
"AT3G56910",4
"AT3G01770",260
"AT4G25740",8
"AT1G22280",12
"AT4G08950",6
"AT4G22730",102
"AT1G79850",4
"AT5G20250",23
"AT4G30200",75
"AT1G27400",8
"AT5G04550",5
"AT5G04040",23
"AT5G06290",4
"AT4G13170",8
"AT5G13080",46
"AT1G16720",4
"AT2G46680",22
"AT3G07460",172
"AT2G39730",4
"AT5G22450",6
"AT5G52960",551
"AT3G22104",3
"AT5G14280",213
"AT1G74960",5
"AT3G16990",1
"AT1G18780",37
"AT2G19730",8
"AT3G46780",4
"AT5G56190",3
"AT3G18890",7
"AT1G60850",8
"AT4G29480",1
"AT5G01540",12
"AT2G31955",28
"AT5G15802",13
"AT1G58190",268
"AT1G18300",6
"AT3G01500",7
"AT5G58530",21
"AT5G64350",8
"AT1G15690",3
"AT3G32240",21
"AT2G33830",23
"AT2G27110",491
"AT4G36690",74
"AT3G12540",108
"AT1G22850",14
"AT1G32470",14
"AT2G14510",231
"AT1G80070",2
"AT2G17230",169
"AT1G56140",12
"AT4G08500",232
"AT5G08180",8
"AT1G19180",6
"AT4G23330",102
"AT5G54940",486
"AT2G28860",484
"AT3G03776",21
"AT3G44890",4
"AT1G06980",11
"AT2G40220",21
"AT5G61412",101
"AT4G26670",9
"AT5G42380",6
"AT3G02730",4
"AT1G05720",1
"AT1G13060",9
"AT3G07810",5
"AT3G57560",5
"AT5G24590",476
"AT4G00370",4
"AT1G16040",1
"AT3G17930",135
"AT1G73940",1
"AT5G24530",20
"AT1G12800",9
"AT1G79450",22
"AT3G62240",3
"AT5G42760",24
"AT2G15490",11
"AT2G30600",23
"AT3G05590",8
"AT3G49670",46
"AT2G26250",3
"AT3G44300",18
"AT3G02380",24
"AT3G47833",1
"AT1G74710",20
"AT4G04700",471
"AT2G40140",12
"AT2G46430",27
"AT1G51980",3
"AT2G40360",2
"AT1G80350",252
"AT1G14540",11
"AT3G53830",17
"AT3G47980",102
"AT3G62030",7
"AT4G05520",17
"AT1G17147",11
"AT2G26280",466
"AT5G38310",11
"AT5G42480",9
"AT3G05560",8
"AT5G55070",35
"AT4G29230",21
"AT5G43090",31
"AT5G15140",113
"AT5G14580",2
"AT1G65820",18
"AT5G60920",19
"AT5G51070",91
"AT1G04990",3
"AT1G20020",19
"AT5G51960",458
"AT4G30220",8
"AT5G27820",8
"AT4G27280",34
"AT1G03370",12
"AT4G29060",456
"AT5G09660",4
"AT2G03740",37
"AT1G43790",50
"AT5G46180",18
"AT4G38550",12
"AT5G44450",21
"AT5G22440",8
"AT2G27040",52
"AT1G70070",451
"AT1G32340",34
"AT3G02880",15
"AT1G20870",131
"AT5G20160",1
"AT3G57890",5
"AT4G29020",239
"AT5G11670",28
"AT4G15000",8
"AT4G26500",449
"AT1G66880",12
"AT5G60170",3
"AT4G00895",7
"AT1G79830",3
"AT3G50590",10
"AT1G07040",59
"AT2G26910",52
"AT5G56850",9
"AT5G67540",33
"AT1G07260",243
"AT3G47790",102
"AT5G07690",31
"AT1G79560",9
"AT1G26110",3
"AT2G33180",4
"AT1G36250",34
"AT4G13850",21
"AT1G05850",19
"AT4G25730",2
"AT3G48140",1
"AT5G44800",30
"AT2G39500",1
"AT3G01670",140
"AT2G45960",428
"AT5G40250",60
"AT3G45980",17
"AT4G09630",5
"AT3G10860",1
"AT2G46670",24
"AT5G35210",10
"AT1G03740",15
"AT5G03830",68
"AT3G22890",28
"AT1G03630",7
"AT2G34860",7
"AT1G15260",109
"AT2G23810",12
"AT3G56940",4
"AT1G22780",8
"AT1G65800",97
"AT3G15190",4
"AT3G46640",117
"AT2G45640",1
"AT3G48420",7
"AT1G48460",155
"AT3G18200",416
"AT4G23515",102
"AT3G60280",101
"AT3G04140",24
"AT2G19850",12
"AT3G57330",12
"AT1G12270",2
"AT2G14247",42
"AT4G39860",222
"AT3G54020",32
"AT1G62560",31
"AT3G44590",8
"AT3G02310",37
"AT4G36810",206
"AT2G31660",18
"AT2G33450",4
"AT3G14590",61
"AT3G20510",27
"AT2G47610",8
"AT4G39200",8
"AT3G50220",50
"AT1G45063",157
"AT5G03700",27
"AT3G07180",401
"AT4G09350",7
"AT1G20823",216
"AT3G61470",4
"AT4G34870",17
"AT2G01750",395
"AT5G08650",19
"AT4G24220",18
"AT4G36980",36
"AT3G52450",390
"AT5G47110",4
"AT1G64150",7
"AT1G75670",2
"AT3G62790",1
"AT5G03850",8
"AT2G30615",31
"AT3G52380",7
"AT5G27760",28
"AT4G32060",387
"AT4G38840",211
"AT4G17560",73
"AT2G07340",8
"AT5G13950",29
"AT1G58360",3
"AT5G59420",91
"AT4G28660",4
"AT1G30720",27
"AT1G54115",205
"AT4G22670",102
"AT5G51110",4
"AT2G31730",382
"AT5G42830",27
"AT1G20530",34
"AT5G52470",8
"AT1G02400",381
"AT1G31230",33
"AT1G15420",93
"AT5G42800",380
"AT3G21780",27
"AT3G14240",46
"AT3G21890",24
"AT3G51260",9
"AT1G57740",37
"AT1G14880",20
"AT1G12360",6
"AT5G06510",377
"AT5G01015",165
"AT1G28590",7
"AT1G51720",3
"AT3G07490",375
"AT2G19480",5
"AT3G45860",20
"AT5G64310",6
"AT2G17980",3
"AT2G21045",25
"AT4G25630",8
"AT5G39950",1
"AT5G62840",4
"AT4G26010",25
"AT4G32300",15
"AT1G08510",5
"AT1G08450",20
"AT5G54160",71
"AT5G59820",12
"AT5G60780",371
"AT3G05460",369
"AT4G03030",18
"AT1G16470",9
"AT3G16860",6
"AT3G26618",368
"AT5G25930",198
"AT3G45720",199
"AT2G20900",366
"AT1G15120",1
"AT5G60520",25
"AT5G48657",16
"AT5G11490",365
"AT1G08160",140
"AT5G04530",39
"AT1G65390",6
"AT5G14950",3
"AT5G03350",20
"AT3G08920",4
"AT3G54560",17
"AT5G37010",17
"AT5G46250",3
"AT4G35050",17
"AT2G46930",362
"AT1G05450",26
"AT4G37760",108
"AT4G39670",11
"AT3G16670",361
"AT1G72390",10
"AT3G18060",5
"AT5G55210",76
"AT4G23670",191
"AT2G20142",12
"AT2G02050",145
"AT5G61010",360
"AT5G60980",193
"AT2G22500",6
"AT5G15520",8
"AT2G39795",56
"AT5G24660",141
"AT3G54090",9
"AT3G02650",5
"AT1G16710",2
"AT2G32920",35
"AT2G42520",3
"AT2G07739",43
"AT1G01550",248
"AT4G04350",9
"AT2G34480",8
"AT1G55370",14
"AT3G55770",359
"AT1G64670",266
"AT3G04210",20
"AT4G20050",67
"AT5G01400",10
"AT4G34390",34
"AT5G35530",79
"AT2G26340",202
"AT1G29400",83
"AT1G74330",12
"AT1G02870",93
"AT5G16250",17
"AT3G54360",29
"AT5G03900",5
"AT2G20820",1
"AT3G52800",12
"AT1G18800",8
"AT5G13800",22
"AT3G57157",38
"AT5G55600",10
"AT1G60640",5
"AT4G14800",356
"AT5G47210",5
"AT1G51680",15
"AT3G48030",8
"AT1G79500",52
"AT5G37890",354
"AT4G10265",82
"AT2G04630",1
"AT3G49100",1
"AT5G47230",6
"AT2G43950",18
"AT1G79920",142
"AT5G57030",9
"AT2G03120",35
"AT1G66090",12
"AT4G00050",24
"AT4G32470",1
"AT3G23250",12
"AT3G04070",197
"AT4G32940",7
"AT1G19800",353
"AT1G80480",9
"AT2G30390",9
"AT3G52230",352
"AT5G14720",30
"AT3G22142",21
"AT1G69240",21
"AT3G09350",41
"AT3G49990",5
"AT1G35550",8
"AT4G24510",39
"AT5G15230",196
"AT5G05740",7
"AT3G18640",5
"AT3G57530",15
"AT3G57170",351
"AT1G19380",90
"AT3G26360",1
"AT2G17930",10
"AT4G15248",24
"AT1G34130",35
"AT5G38410",4
"AT2G31040",24
"AT1G54790",14
"AT3G62910",14
"AT4G09720",182
"AT3G52155",7
"AT1G16400",31
"AT1G02780",8
"AT5G26030",15
"AT3G57050",188
"AT4G02370",28
"AT1G27950",4
"AT2G17740",27
"AT1G29470",3
"AT1G70610",3
"AT1G72790",21
"AT5G38520",4
"AT3G46930",15
"AT3G42660",17
"AT3G09922",38
"AT4G20860",27
"AT4G01290",10
"AT4G19600",348
"AT4G22030",11
"AT1G29340",83
"AT3G02260",2
"AT1G72450",151
"AT1G70280",347
"AT1G30520",9
"AT4G16820",11
"AT1G09130",18
"AT3G18110",4
"AT1G61630",34
"AT1G12830",1
"AT4G30825",19
"AT2G07600",43
"AT5G43980",21
"AT2G04900",1
"AT3G21070",11
"AT1G32060",14
"AT3G04790",7
"AT4G36520",43
"AT4G29740",345
"AT2G42390",1
"AT1G15740",13
"AT1G27752",10
"AT2G26730",19
"AT5G64620",313
"AT3G60360",8
"AT1G20430",152
"AT2G42830",37
"AT1G75980",76
"AT3G57000",5
"AT2G20740",13
"AT2G23350",3
"AT4G23020",102
"AT3G23700",4
"AT2G23450",8
"AT1G62333",343
"AT5G44380",26
"AT4G29040",183
"AT1G78670",77
"AT5G25560",74
"AT3G23990",2
"AT1G74360",15
"AT1G64810",812
"AT5G55460",20
"AT1G70660",805
"AT1G07830",162
"AT3G08940",4
"AT3G54040",27
"AT4G15640",8
"AT2G14850",192
"AT4G08850",15
"AT4G35980",1
"AT2G31490",1
"AT2G46830",24
"AT1G03290",3
"AT2G46630",21
"AT4G31370",789
"AT2G36880",16
"AT3G52370",16
"AT2G31890",19
"AT2G45290",19
"AT3G06320",8
"AT3G14920",200
"AT1G80800",68
"AT3G48890",28
"AT3G17170",9
"AT4G34600",177
"AT1G26410",47
"AT1G72090",70
"AT3G44110",764
"AT2G28790",17
"AT2G35630",10
"AT2G22400",153
"AT5G40460",11
"AT2G40095",40
"AT1G19115",34
"AT5G15120",82
"AT5G38900",84
"AT5G18570",9
"AT4G25890",8
"AT2G20260",4
"AT5G49520",12
"AT5G45950",39
"AT4G01360",11
"AT3G50970",61
"AT2G24570",743
"AT1G61340",11
"AT1G77770",742
"AT3G05640",741
"AT3G20330",8
"AT3G03960",8
"AT5G62460",11
"AT2G21970",58
"AT5G17910",36
"AT3G02710",176
"AT5G13000",62
"AT1G01060",24
"AT5G19850",24
"AT2G29120",27
"AT2G44840",6
"AT2G30990",8
"AT3G17000",22
"AT2G38240",271
"AT4G38960",729
"AT5G58430",15
"AT1G68680",190
"AT3G23600",28
"AT1G80240",25
"AT4G33470",34
"AT4G08560",27
"AT3G26560",10
"AT4G33430",34
"AT5G01770",12
"AT3G55520",13
"AT4G02715",3
"AT2G29340",709
"AT1G33610",15
"AT2G23320",40
"AT4G07820",21
"AT5G49730",9
"AT2G38080",50
"AT5G60410",3
"AT4G15975",694
"AT3G13950",84
"AT1G33760",6
"AT5G01530",4
"AT1G64650",3
"AT3G01290",12
"AT3G45040",6
"AT3G48730",4
"AT2G03870",1
"AT1G27140",678
"AT4G11420",10
"AT5G07440",40
"AT5G54610",20
"AT1G56510",189
"AT1G18070",5
"AT3G02760",2
"AT2G17040",12
"AT4G15460",21
"AT3G11430",26
"AT5G39090",80
"AT2G39820",657
"AT5G59160",5
"AT3G54900",7
"AT1G07070",30
"AT5G13710",188
"AT1G04430",19
"AT3G51980",35
"AT2G21120",6
"AT4G37830",1
"AT4G14420",35
"AT3G33002",43
"AT1G32070",72
"AT2G36480",3
"AT3G15360",4
"AT5G09480",26
"AT1G73370",148
"AT3G30390",3
"AT3G08030",52
"AT3G20570",140
"AT1G48350",4
"AT1G07370",17
"AT2G33220",123
"AT2G33250",122
"AT2G41220",2
"AT1G20200",280
"AT1G43170",8
"AT2G36210",262
"AT5G35735",279
"AT3G43300",45
"AT1G76100",4
"AT3G14200",41
"AT5G59380",171
"AT4G36080",2
"AT2G34300",5
"AT3G06420",601
"AT4G12960",599
"AT4G39230",597
"AT3G25690",29
"AT3G03950",596
"AT5G47700",8
"AT5G39210",4
"AT2G31460",5
"AT5G11990",101
"AT1G75350",4
"AT5G22950",587
"AT5G61820",586
"AT1G09630",75
"AT5G44720",28
"AT2G17220",6
"AT2G36160",8
"AT2G37470",17
"AT1G09070",12
"AT3G59970",16
"AT1G03140",21
"AT4G29010",3
"AT2G37130",7
"AT5G20790",38
"AT5G14030",9
"AT4G05420",8
"AT1G16560",45
"AT1G51890",47
"AT4G22880",102
"AT1G21570",21
"AT2G23680",27
"AT1G56630",562
"AT3G20770",161
"AT4G00570",45
"AT3G50300",557
"AT1G12610",32
"AT5G64200",554
"AT2G32060",8
"AT3G53800",9
"AT3G02130",277
"AT3G54720",545
"AT3G54750",17
"AT2G19760",541
"AT3G48560",54
"AT3G26570",538
"AT2G27730",1
"AT4G11800",535
"AT3G13460",146
"AT5G48680",1
"AT1G61120",271
"AT4G24270",2
"AT1G13980",48
"AT4G17085",1
"AT5G02760",524
"AT1G31580",20
"AT5G23310",9
"AT5G10380",20
"AT2G45710",1
"AT4G01560",5
"AT1G43860",510
"AT3G52580",8
"AT3G63140",4
"AT2G02860",15
"AT3G54110",269
"AT3G46630",502
"AT1G69930",6
"AT5G01590",4
"AT5G64810",20
"AT2G43780",1
"AT5G45310",495
"AT4G37300",4
"AT1G48320",267
"AT3G07870",494
"AT2G26930",7
"AT4G26910",34
"AT1G60770",8
"AT1G52120",265
"AT4G20330",264
"AT2G38270",493
"AT1G01080",9
"AT4G39090",13
"AT4G28260",36
"AT4G18440",254
"AT2G05790",46
"AT3G49130",263
"AT5G25590",44
"AT3G12700",490
"AT3G26210",20
"AT2G04410",13
"AT3G44510",38
"AT2G23670",7
"AT2G01120",17
"AT2G20060",1
"AT5G54570",119
"AT3G47160",23
"AT4G21140",1
"AT1G54490",489
"AT5G07420",488
"AT2G47840",101
"AT3G10270",4
"AT5G47200",65
"AT1G47946",304
"AT3G15580",1
"AT1G72880",5
"AT1G33270",487
"AT2G21385",7
"AT3G29764",43
"AT3G55605",56
"AT5G26570",9
"AT3G02230",16
"AT5G47190",7
"AT4G30660",485
"AT5G47930",8
"AT4G35985",32
"AT5G47950",121
"AT3G06730",9
"AT4G24750",4
"AT2G44080",483
"AT5G52210",259
"AT3G18710",6
"AT5G30510",4
"AT5G01010",3
"AT3G02530",146
"AT5G39320",16
"AT1G49570",157
"AT2G23120",480
"AT4G08960",479
"AT3G48390",170
"AT2G17410",48
"AT3G18050",19
"AT2G03310",478
"AT5G25630",477
"AT4G16520",13
"AT5G47730",85
"AT1G56070",10
"AT3G04290",39
"AT1G48650",2
"AT1G28390",149
"AT3G58610",5
"AT1G80750",8
"AT3G06980",475
"AT4G24260",21
"AT5G37600",27
"AT5G53860",474
"AT3G15500",57
"AT1G07790",17
"AT5G03970",164
"AT3G27820",149
"AT5G27730",94
"AT1G28430",473
"AT3G07100",45
"AT2G27960",13
"AT4G21390",15
"AT4G32640",45
"AT5G43850",24
"AT4G25640",3
"AT2G37080",18
"AT3G06310",23
"AT4G20000",27
"AT2G27100",10
"AT2G22250",16
"AT1G52200",27
"AT3G11820",12
"AT4G29390",8
"AT3G54820",255
"AT3G49890",21
"AT1G23200",34
"AT1G49790",34
"AT1G04980",35
"AT2G18370",251
"AT1G04770",141
"AT3G13230",8
"AT4G02060",17
"AT3G10500",216
"AT1G09970",28
"AT5G42860",21
"AT5G62990",470
"AT4G02990",33
"AT3G01520",13
"AT2G31020",28
"AT2G21790",17
"AT3G44340",10
"AT2G18300",19
"AT1G69840",6
"AT5G54080",13
"AT5G35630",14
"AT5G13400",39
"AT5G40260",37
"AT5G49510",8
"AT1G09030",14
"AT1G51780",22
"AT2G18090",3
"AT4G01995",58
"AT1G68660",72
"AT1G66480",250
"AT1G14810",5
"AT1G07930",8
"AT1G07630",467
"AT5G57655",115
"AT5G63180",19
"AT5G04250",132
"AT1G50260",22
"AT5G41040",26
"AT4G38090",13
"AT3G43720",39
"AT1G21720",9
"AT1G80610",32
"AT1G04620",9
"AT2G33855",7
"AT1G67830",462
"AT4G29430",8
"AT4G09650",7
"AT5G06790",26
"AT2G15020",24
"AT3G04230",8
"AT5G04140",40
"AT1G04940",4
"AT5G03460",246
"AT1G79470",8
"AT5G46910",12
"AT1G43560",7
"AT1G64065",11
"AT1G74100",15
"AT4G28025",72
"AT1G04850",185
"AT5G16470",1
"AT3G58140",7
"AT2G02870",296
"AT4G18210",7
"AT4G18480",4
"AT2G23760",21
"AT4G17900",100
"AT2G27810",19
"AT4G34410",457
"AT2G38780",4
"AT4G33300",12
"AT4G23215",27
"AT4G01850",16
"AT5G19370",64
"AT1G21320",34
"AT3G02840",258
"AT1G75470",455
"AT5G07340",35
"AT5G06043",168
"AT3G54420",11
"AT1G53710",20
"AT5G14700",11
"AT4G29780",258
"AT3G02150",453
"AT1G80330",12
"AT4G38200",2
"AT5G03555",24
"AT3G53850",51
"AT4G13430",31
"AT2G31780",452
"AT5G17920",16
"AT1G59860",41
"AT1G15380",18
"AT1G22140",1
"AT1G25440",94
"AT1G10590",450
"AT3G04770",8
"AT4G37420",21
"AT5G22520",27
"AT5G18470",15
"AT2G30140",28
"AT2G06530",12
"AT3G18830",47
"AT5G22570",20
"AT3G57180",9
"AT2G21210",211
"AT4G00810",8
"AT2G45620",36
"AT2G14080",100
"AT3G17790",98
"AT4G15120",238
"AT3G48870",34
"AT3G44720",15
"AT2G19740",8
"AT2G30740",55
"AT4G33020",234
"AT5G26820",49
"AT1G04390",441
"AT4G10970",440
"AT1G08600",2
"AT5G26850",18
"AT1G02080",10
"AT4G40080",233
"AT5G05460",20
"AT5G60615",436
"AT2G27430",435
"AT1G16670",12
"AT1G23080",19
"AT3G02300",68
"AT3G47860",9
"AT5G05290",119
"AT3G20820",84
"AT5G63620",23
"AT2G01690",45
"AT3G18740",8
"AT5G45130",139
"AT4G00231",147
"AT1G15110",186
"AT1G29200",34
"AT4G27960",32
"AT4G24680",10
"AT3G50710",433
"AT3G42180",26
"AT1G35420",14
"AT2G28990",231
"AT4G32605",1
"AT4G35110",11
"AT3G62590",22
"AT1G01960",10
"AT3G27100",1
"AT3G18600",2
"AT3G59040",49
"AT2G39660",15
"AT3G57630",158
"AT5G57625",25
"AT3G47550",15
"AT4G36220",429
"AT2G01755",4
"AT5G08620",2
"AT3G11540",230
"AT3G59020",427
"AT1G50730",165
"AT4G23610",12
"AT1G72750",29
"AT1G74260",62
"AT2G33370",8
"AT5G04810",29
"AT2G15690",5
"AT2G27330",1
"AT5G59690",17
"AT2G45970",39
"AT1G74950",151
"AT5G49760",229
"AT1G58420",81
"AT2G39050",22
"AT4G00970",6
"AT1G06460",9
"AT1G32170",421
"AT1G10960",4
"AT2G33520",21
"AT5G58540",4
"AT3G50950",15
"AT1G06190",9
"AT1G26580",36
"AT5G16150",54
"AT2G25000",20
"AT1G66410",28
"AT3G52200",3
"AT1G59940",420
"AT1G47480",227
"AT5G07920",32
"AT2G43650",2
"AT4G28270",419
"AT1G34300",3
"AT1G65180",418
"AT5G26960",101
"AT3G11230",1
"AT4G13200",159
"AT3G11325",26
"AT3G51590",37
"AT2G32910",10
"AT3G49490",13
"AT5G56120",114
"AT2G04700",4
"AT1G48450",4
"AT1G35210",6
"AT1G11910",7
"AT2G17520",6
"AT5G20920",415
"AT5G55630",116
"AT2G29440",414
"AT4G18540",6
"AT1G54080",150
"AT1G32928",59
"AT5G14040",5
"AT3G59880",90
"AT2G35795",1
"AT2G32090",72
"AT3G26410",2
"AT5G15830",177
"AT5G11390",221
"AT3G07780",15
"AT4G23940",9
"AT5G15730",6
"AT2G33310",156
"AT1G73810",413
"AT5G59750",29
"AT3G50060",6
"AT5G03320",27
"AT1G26680",268
"AT1G60660",30
"AT2G32250",411
"AT5G56710",8
"AT5G53580",409
"AT4G30010",145
"AT4G13510",12
"AT5G44350",103
"AT5G15320",1
"AT3G62160",50
"AT5G17020",407
"AT1G06040",218
"AT1G52615",34
"AT2G39740",403
"AT5G42870",3
"AT1G16920",30
"AT2G28000",5
"AT1G31810",34
"AT1G62240",21
"AT1G54780",14
"AT2G44380",27
"AT1G06620",400
"AT3G57420",180
"AT5G64090",399
"AT1G77640",6
"AT5G41790",36
"AT3G42780",181
"AT1G53800",9
"AT1G51100",394
"AT5G12910",62
"AT2G31810",23
"AT3G50900",393
"AT2G15580",392
"AT5G20350",8
"AT1G14580",391
"AT1G18730",14
"AT1G24145",27
"AT5G17840",298
"AT3G44260",6
"AT4G14630",214
"AT2G27020",9
"AT3G29290",49
"AT4G07400",10
"AT4G39675",82
"AT5G10350",389
"AT3G27110",388
"AT4G27250",14
"AT4G24090",19
"AT4G38400",6
"AT4G08593",30
"AT3G06040",93
"AT2G25650",213
"AT1G78900",78
"AT2G32180",9
"AT5G17380",28
"AT4G20780",11
"AT5G10130",25
"AT3G11410",212
"AT2G39530",210
"AT4G36760",3
"AT1G64280",12
"AT2G27420",24
"AT2G36250",9
"AT1G63690",386
"AT5G38980",58
"AT1G04590",70
"AT3G20155",385
"AT1G76370",288
"AT4G00620",2
"AT4G35760",7
"AT5G47070",6
"AT5G41870",153
"AT2G29420",384
"AT3G28500",383
"AT4G38680",21
"AT4G25820",25
"AT5G21160",209
"AT3G28830",226
"AT3G26650",4
"AT5G53650",1
"AT4G22780",102
"AT3G14290",9
"AT5G35330",29
"AT4G23060",102
"AT4G11900",33
"AT1G35515",131
"AT1G25260",88
"AT3G25220",208
"AT4G11910",22
"AT3G55340",2
"AT4G30310",30
"AT4G15530",13
"AT1G17610",20
"AT3G51330",20
"AT4G09550",51
"AT2G36100",25
"AT5G43940",77
"AT3G22570",25
"AT2G19720",30
"AT1G75240",379
"AT4G23050",102
"AT4G34670",88
"AT4G34555",8
"AT4G16190",77
"AT4G15180",10
"AT5G51300",10
"AT2G23050",378
"AT4G25880",33
"AT4G24110",82
"AT1G12710",376
"AT3G04760",106
"AT4G28610",5
"AT3G04700",67
"AT1G61250",27
"AT2G18900",2
"AT5G61900",6
"AT3G08690",28
"AT5G19630",13
"AT3G48090",12
"AT1G50590",166
"AT4G31850",19
"AT4G05310",4
"AT1G67750",137
"AT5G01820",374
"AT2G38040",7
"AT3G57550",373
"AT5G58375",28
"AT2G30200",7
"AT2G04160",372
"AT3G18790",204
"AT4G21920",143
"AT3G59400",4
"AT2G40950",370
"AT2G38170",42
"AT3G19390",23
"AT5G20320",367
"AT2G24490",17
"AT1G23710",6
"AT4G27470",6
"AT3G59350",364
"AT1G20330",363
"AT5G40451",43
"AT5G08060",1
"AT4G17340",25
"AT4G14890",4
"AT5G24500",21
"AT3G13070",203
"AT1G53850",9
"AT4G22485",42
"AT3G03710",49
"AT3G11550",201
"AT4G12560",200
"AT4G23810",12
"AT3G19740",358
"AT1G19250",105
"AT3G52090",357
"AT2G31370",35
"AT3G63200",46
"AT2G45440",5
"AT1G52310",355
"AT4G20130",49
"AT5G26220",141
"AT5G26340",47
"AT3G10260",14
"AT1G14410",9
"AT3G20410",15
"AT3G22620",195
"AT3G43810",75
"AT1G68850",26
"AT5G54860",27
"AT1G02750",350
"AT1G29300",6
"AT1G68250",120
"AT1G63830",194
"AT2G43400",193
"AT3G51280",349
"AT5G26770",32
"AT4G28450",2
"AT1G80890",1
"AT5G51280",99
"AT1G25370",346
"AT1G31175",21
"AT5G52640",41
"AT5G40170",344
"AT1G27470",10
"AT4G01950",11
"AT5G52180",2
"AT5G13450",342
"AT2G22125",30
"AT3G11670",14
"AT5G05790",341
"AT2G23930",8
"AT3G08710",27
"AT3G28460",7
"AT5G65010",118
"AT5G60460",21
"AT3G52905",56
"AT5G49550",136
"AT1G76960",20
"AT4G37510",340
"AT2G13970",48
"AT5G17930",10
"AT3G26400",21
"AT1G17050",24
"AT4G27710",6
"AT2G02040",339
"AT1G59590",6
"AT3G51620",10
"AT2G01220",338
"AT2G38000",110
"AT2G17840",32
"AT3G14090",6
"AT5G27520",57
"AT2G36320",23
"AT5G09920",1
"AT4G28830",1
"AT1G05460",62
"AT2G36060",13
"AT2G43090",64
"AT1G10340",12
"AT2G20130",5
"AT2G31560",28
"AT1G64770",14
"AT5G01730",103
"AT1G43130",337
"AT2G34390",82
"AT3G26890",29
"AT3G47650",7
"AT3G23810",16
"AT1G17700",336
"AT5G48485",335
"AT1G26880",86
"AT2G40600",20
"AT1G18790",334
"AT5G09260",333
"AT2G21300",44
"AT5G03415",153
"AT2G29590",1
"AT2G41510",247
"AT5G25540",92
"AT5G39785",23
"AT2G31945",143
"AT5G07090",8
"AT5G10950",99
"AT3G56880",12
"AT4G00400",332
"AT1G52690",331
"AT2G42580",330
"AT4G28350",11
"AT4G33210",10
"AT1G23340",34
"AT2G27410",329
"AT1G56280",328
"AT5G56100",23
"AT1G02450",20
"AT5G11650",6
"AT5G17820",128
"AT3G11830",1
"AT3G05920",171
"AT5G58260",4
"AT1G09910",327
"AT4G22300",326
"AT3G17210",325
"AT1G19870",324
"AT5G23920",323
"AT2G46740",23
"AT3G48920",404
"AT3G11960",6
"AT3G63390",1
"AT5G42020",3
"AT5G58575",13
"AT1G79060",322
"AT1G70160",29
"AT5G01480",321
"AT5G03430",106
"AT1G76980",11
"AT2G38440",5
"AT4G13640",13
"AT4G11260",3
"AT5G57630",144
"AT4G28490",27
"AT4G23010",27
"AT2G25605",320
"AT5G13730",220
"AT3G46430",8
"AT3G15790",187
"AT2G20190",319
"AT1G48370",186
"AT4G38640",78
"AT2G44460",38
"AT5G14180",318
"AT3G02140",189
"AT3G30170",175
"AT1G66080",317
"AT3G13160",8
"AT1G08520",818
"AT3G04350",205
"AT5G26742",3
"AT5G40770",5
"AT5G61960",236
"AT5G02780",46
"AT3G04720",28
"AT5G06010",817
"AT3G05880",274
"AT4G28570",3
"AT2G22450",117
"AT1G22460",816
"AT1G26761",815
"AT5G04790",813
"AT1G07050",9
"AT1G68620",80
"AT3G62700",33
"AT3G07220",811
"AT1G62430",108
"AT5G17350",12
"AT3G05070",810
"AT1G04070",1
"AT3G04880",809
"AT2G44860",8
"AT2G22475",808
"AT2G24060",7
"AT3G27570",806
"AT5G45775",8
"AT2G06850",16
"AT5G60210",32
"AT1G07940",8
"AT3G03855",20
"AT1G32460",6
"AT3G01700",301
"AT5G09870",292
"AT5G52540",803
"AT3G17020",13
"AT2G26100",156
"AT1G59870",15
"AT3G48650",6
"AT5G22540",105
"AT5G40610",134
"AT3G07540",44
"AT5G14105",1
"AT5G50810",1
"AT5G41370",74
"AT2G44490",12
"AT4G01150",7
"AT1G28520",3
"AT3G08943",48
"AT1G10670",16
"AT2G32710",801
"AT1G35960",34
"AT1G66430",800
"AT1G20950",799
"AT1G73500",6
"AT1G61750",34
"AT5G07700",31
"AT3G15355",3
"AT2G44100",183
"AT4G13720",184
"AT4G12970",165
"AT5G28690",798
"AT5G33370",37
"AT3G07480",1
"AT1G68890",4
"AT2G45780",21
"AT4G15850",2
"AT3G01660",58
"AT5G58130",2
"AT3G57490",8
"AT1G19200",38
"AT5G49810",2
"AT5G20520",311
"AT2G46520",15
"AT1G18210",6
"AT4G29590",4
"AT1G28680",16
"AT1G52260",314
"AT1G30100",795
"AT1G78680",794
"AT4G10390",5
"AT1G29850",1
"AT2G25900",23
"AT5G56160",793
"AT3G16810",2
"AT1G02410",791
"AT4G05490",20
"AT4G24690",16
"AT3G46280",27
"AT5G19540",29
"AT4G27790",22
"AT3G53700",33
"AT3G56360",788
"AT3G16270",36
"AT4G14040",31
"AT5G58350",91
"AT1G63060",138
"AT5G02480",95
"AT5G20290",88
"AT3G26900",4
"AT3G11450",787
"AT5G01830",178
"AT2G26410",67
"AT3G66654",786
"AT3G62530",8
"AT2G42750",42
"AT5G09510",8
"AT4G11470",178
"AT1G77855",784
"AT3G23940",9
"AT3G54860",180
"AT4G30410",174
"AT4G24700",24
"AT3G53110",3
"AT1G56300",240
"AT1G57540",112
"AT5G67530",7
"AT2G27660",781
"AT1G67920",780
"AT3G18035",54
"AT1G60900",4
"AT4G04610",15
"AT5G64710",99
"AT3G01190",25
"AT2G42120",17
"AT4G22920",22
"AT4G10160",779
"AT1G43700",107
"AT5G52400",777
"AT4G31040",30
"AT5G13490",65
"AT3G57290",5
"AT4G35700",138
"AT1G13000",774
"AT1G80230",1
"AT3G56010",4
"AT4G02270",25
"AT2G43420",773
"AT4G22220",71
"AT2G29550",772
"AT1G20110",3
"AT1G57720",34
"AT2G41260",21
"AT4G28815",199
"AT3G44880",18
"AT1G26650",771
"AT1G49510",770
"AT4G25110",20
"AT2G23840",257
"AT3G17590",13
"AT2G29980",32
"AT2G35450",4
"AT4G08920",767
"AT5G39530",9
"AT1G13250",766
"AT5G48220",133
"AT2G45920",105
"AT5G58210",225
"AT4G28510",8
"AT2G19750",8
"AT1G30840",763
"AT1G76110",9
"AT5G09810",150
"AT4G13395",6
"AT5G04560",3
"AT2G37150",762
"AT5G59140",1
"AT1G14420",256
"AT4G34140",137
"AT3G46460",182
"AT2G45135",38
"AT2G02160",253
"AT4G25910",4
"AT1G53645",2
"AT3G59520",129
"AT5G58410",10
"AT3G50910",760
"AT1G17200",759
"AT1G19680",60
"AT4G14920",758
"AT2G41660",756
"AT5G35980",10
"AT2G16640",10
"AT3G15000",2
"AT4G22610",166
"AT3G08850",78
"AT1G19715",49
"AT5G63880",28
"AT5G24510",79
"AT3G48690",754
"AT2G04150",181
"AT5G44585",27
"AT3G06780",752
"AT2G41000",192
"AT5G12930",85
"AT2G34430",4
"AT1G16260",97
"AT3G15470",130
"AT5G14970",7
"AT1G26200",819
"AT5G60020",50
"AT3G09010",312
"AT4G15610",287
"AT4G11280",814
"AT1G34680",43
"AT1G53830",316
"AT2G39260",2
"AT3G21110",807
"AT2G41990",313
"AT3G07270",5
"AT4G33870",24
"AT3G14600",8
"AT1G56180",60
"AT5G55620",109
"AT1G79550",167
"AT4G29820",13
"AT1G56090",309
"AT1G43580",310
"AT3G21055",4
"AT3G04940",299
"AT4G15510",4
"AT4G11560",797
"AT4G17330",10
"AT5G45380",20
"AT5G35590",9
"AT4G26530",796
"AT1G18940",34
"AT4G08150",315
"AT1G30230",162
"AT5G42110",30
"AT2G45570",790
"AT3G24590",7
"AT3G14940",25
"AT1G03310",33
"AT5G53980",38
"AT5G10920",118
"AT4G28600",45
"AT3G12770",6
"AT2G26500",4
"AT2G22570",785
"AT2G29630",9
"AT5G24350",2
"AT4G36630",783
"AT1G22060",782
"AT2G41950",159
"AT2G47930",308
"AT2G25720",1
"AT2G22640",1
"AT1G60030",778
"AT3G30725",775
"AT1G66330",14
"AT1G18620",137
"AT5G24870",18
"AT5G27130",26
"AT1G47497",769
"AT2G41680",768
"AT5G61160",28
"AT5G48900",765
"AT3G51520",77
"AT4G23170",12
"AT2G29580",761
"AT2G46020",10
"AT4G38270",176
"AT4G34440",14
"AT1G06670",757
"AT3G62940",755
"AT5G27980",21
"AT1G76890",753
"AT1G49820",34
"AT4G14965",1
"AT4G31700",8
"AT4G28890",751
"AT5G13500",15
"AT5G03940",750
"AT1G19360",749
"AT3G59660",307
"AT2G17705",300
"AT5G17870",4
"AT2G27680",9
"AT4G21790",5
"AT5G55090",250
"AT4G36550",6
"AT1G04190",747
"AT4G13770",31
"AT1G64890",746
"AT3G25500",21
"AT2G37110",27
"AT3G50260",12
"AT2G28355",745
"AT1G70620",74
"AT3G11530",306
"AT5G24300",49
"AT1G29040",21
"AT5G14080",305
"AT1G23800",22
"AT5G64480",24
"AT1G03330",1
"AT1G32310",1
"AT5G15450",53
"AT5G27700",8
"AT2G34460",4
"AT1G72230",740
"AT4G33500",227
"AT5G04260",739
"AT2G41010",12
"AT5G67090",11
"AT2G17240",4
"AT4G31240",738
"AT5G19300",8
"AT5G15010",737
"AT2G39160",304
"AT1G10450",736
"AT3G47620",735
"AT1G21010",6
"AT1G70120",157
"AT3G25430",2
"AT3G52920",30
"AT3G54440",734
"AT3G06930",2
"AT1G51080",4
"AT5G18230",136
"AT1G78550",20
"AT2G25510",20
"AT5G02110",733
"AT1G68160",129
"AT3G55120",53
"AT5G58100",731
"AT5G04590",3
"AT3G11710",3
"AT3G07580",303
"AT4G39980",28
"AT3G63150",3
"AT2G26440",27
"AT2G17510",302
"AT4G17740",19
"AT1G72120",728
"AT3G01790",88
"AT1G55365",6
"AT1G71695",14
"AT3G10970",126
"AT1G51790",27
"AT2G28940",20
"AT5G12130",4
"AT5G58660",727
"AT5G24670",74
"AT3G13235",45
"AT5G11450",726
"AT1G06570",18
"AT5G10010",5
"AT2G26990",725
"AT3G62580",273
"AT5G20150",98
"AT1G16240",5
"AT4G00450",10
"AT2G33730",63
"AT3G11650",6
"AT5G59490",724
"AT2G35910",210
"AT1G08800",78
"AT5G24470",144
"AT2G27830",723
"AT4G37930",4
"AT1G51350",722
"AT1G52030",22
"AT4G25960",52
"AT5G04360",298
"AT2G40800",5
"AT5G53090",721
"AT5G15670",720
"AT2G18420",719
"AT1G09920",718
"AT3G60420",20
"AT3G24300",25
"AT2G03780",717
"AT5G67500",35
"AT1G61870",297
"AT1G04780",295
"AT2G32270",128
"AT3G19050",17
"AT5G18780",3
"AT3G22845",716
"AT5G56170",6
"AT3G60850",36
"AT1G76020",4
"AT3G24440",5
"AT3G19240",32
"AT4G12980",715
"AT2G03140",95
"AT5G15400",714
"AT2G46470",713
"AT4G29510",2
"AT1G73920",712
"AT4G12830",711
"AT4G33890",14
"AT4G27290",708
"AT4G23700",706
"AT3G30460",104
"AT1G67880",705
"AT1G23440",704
"AT1G01970",139
"AT5G11420",127
"AT5G22690",12
"AT5G52010",290
"AT1G30730",27
"AT2G04842",9
"AT3G62120",703
"AT3G45300",18
"AT5G20220",40
"AT2G30250",701
"AT5G03630",28
"AT4G38430",46
"AT4G13250",13
"AT3G16000",19
"AT4G21560",6
"AT3G05410",4
"AT5G04240",10
"AT1G60610",699
"AT5G51105",21
"AT1G66340",698
"AT3G23660",130
"AT4G09890",697
"AT5G21090",695
"AT2G20420",693
"AT2G32300",201
"AT1G04680",44
"AT4G27740",14
"AT3G06460",25
"AT1G27200",691
"AT2G43100",31
"AT5G66760",18
"AT2G22320",234
"AT3G55010",2
"AT1G65030",690
"AT1G34550",291
"AT3G15570",19
"AT4G38510",10
"AT5G18480",27
"AT3G57300",163
"AT3G27060",17
"AT3G28630",21
"AT2G16280",209
"AT5G41890",286
"AT3G43540",689
"AT1G77750",30
"AT1G68220",688
"AT1G21080",687
"AT5G42960",123
"AT5G15920",48
"AT1G21780",289
"AT4G01100",285
"AT5G41310",686
"AT4G25360",685
"AT3G25860",5
"AT5G18630",23
"AT4G23150",20
"AT1G33520",684
"AT1G34120",283
"AT5G49215",278
"AT3G61230",138
"AT5G60490",683
"AT3G14420",4
"AT5G23535",70
"AT3G54340",37
"AT1G33360",682
"AT5G28080",294
"AT3G27340",1
"AT5G04730",265
"AT5G36230",150
"AT1G77440",282
"AT2G19385",8
"AT1G55152",34
"AT5G13200",279
"AT5G56180",13
"AT1G47720",681
"AT5G62575",8
"AT4G39730",1
"AT2G28950",134
"AT4G32830",680
"AT1G21680",23
"AT2G10560",679
"AT3G56430",5
"AT4G26210",1
"AT5G09590",142
"AT3G58120",677
"AT4G13840",7
"AT3G51130",295
"AT1G16350",281
"AT3G02200",146
"AT4G13150",3
"AT3G06770",91
"AT5G46510",676
"AT2G44420",675
"AT5G37280",674
"AT2G34930",673
"AT2G01100",36
"AT2G19650",24
"AT3G23570",28
"AT5G59250",4
"AT4G02350",3
"AT5G23170",101
"AT1G07420",672
"AT4G33170",671
"AT4G39950",158
"AT4G19985",670
"AT1G24170",669
"AT3G54500",24
"AT2G30790",668
"AT5G26170",20
"AT3G54380",667
"AT1G10070",13
"AT5G44560",666
"AT3G07660",45
"AT5G59830",664
"AT2G45650",37
"AT4G18880",12
"AT2G20180",21
"AT1G05260",26
"AT1G54940",34
"AT3G54080",663
"AT5G57345",122
"AT2G43570",18
"AT3G27080",1
"AT3G21740",662
"AT3G04640",12
"AT2G04430",661
"AT3G19480",4
"AT1G27530",276
"AT1G30400",660
"AT4G03450",20
"AT3G05280",659
"AT5G30460",658
"AT2G01970",275
"AT1G79150",2
"AT1G73260",18
"AT5G02500",142
"AT2G40890",16
"AT1G13930",274
"AT5G23405",656
"AT1G75860",32
"AT5G44650",4
"AT3G54640",28
"AT2G36890",655
"AT5G03545",38
"AT1G72680",18
"AT2G35800",29
"AT1G78070",187
"AT1G70690",57
"AT1G53520",7
"AT5G55050",34
"AT2G26030",654
"AT4G11760",653
"AT3G51580",652
"AT3G17465",2
"AT3G26580",13
"AT3G29170",241
"AT1G15480",2
"AT5G38530",18
"AT4G33080",651
"AT1G02205",125
"AT5G06600",10
"AT5G15630",650
"AT2G24550",649
"AT2G37200",66
"AT3G52190",98
"AT2G41835",312
"AT2G15290",647
"AT1G49410",270
"AT3G62820",125
"AT4G13940",646
"AT1G05790",645
"AT4G14200",644
"AT3G04120",167
"AT2G43945",14
"AT5G51210",643
"AT1G76180",176
"AT1G31020",1
"AT5G14370",642
"AT3G01550",641
"AT5G02310",3
"AT3G19420",30
"AT1G14670",10
"AT1G24520",288
"AT4G39450",10
"AT3G52760",13
"AT1G31170",66
"AT5G47420",35
"AT3G57320",51
"AT3G26950",287
"AT1G29110",639
"AT5G47750",48
"AT4G34770",638
"AT5G18520",275
"AT3G15354",637
"AT3G30775",23
"AT2G28650",11
"AT4G33780",273
"AT1G48020",636
"AT4G32420",206
"AT5G55480",52
"AT4G03160",635
"AT1G55680",309
"AT5G48830",133
"AT4G09670",310
"AT1G60800",634
"AT2G35290",32
"AT5G42820",225
"AT5G41770",633
"AT3G52250",10
"AT5G03010",632
"AT1G14330",57
"AT5G12250",127
"AT3G54826",631
"AT4G08620",648
"AT3G01340",13
"AT4G28250",44
"AT3G16190",276
"AT2G03670",630
"AT1G52670",266
"AT1G19900",25
"AT4G32020",3
"AT3G19930",15
"AT2G24520",110
"AT2G17500",22
"AT5G53510",21
"AT1G17530",112
"AT4G35450",9
"AT4G32520",9
"AT2G33340",2
"AT1G60870",629
"AT4G24240",90
"AT5G62570",6
"AT5G58710",628
"AT1G78410",194
"AT3G10120",627
"AT5G52780",4
"AT1G07280",9
"AT1G75220",626
"AT1G73870",14
"AT4G14400",20
"AT3G19520",13
"AT4G05250",625
"AT1G43980",37
"AT3G28340",11
"AT2G23780",624
"AT5G51780",262
"AT1G03780",114
"AT3G10525",623
"AT3G52170",5
"AT1G07820",17
"AT1G29790",156
"AT1G29690",6
"AT1G80380",233
"AT3G52300",622
"AT2G44040",7
"AT1G15950",3
"AT2G22170",30
"AT4G02860",621
"AT2G34700",42
"AT2G38650",5
"AT2G02710",35
"AT3G60590",13
"AT4G14210",19
"AT2G29200",10
"AT1G52870",14
"AT3G14390",5
"AT1G01020",8
"AT1G03400",20
"AT5G19860",619
"AT3G43610",618
"AT5G04010",617
"AT3G55410",307
"AT2G26390",263
"AT3G10190",615
"AT4G33220",3
"AT3G19900",614
"AT3G21390",261
"AT3G62560",13
"AT1G78600",240
"AT3G15480",613
"AT2G40750",20
"AT1G72820",612
"AT1G48760",284
"AT2G43680",611
"AT1G56560",3
"AT5G03406",610
"AT5G15350",609
"AT2G16920",3
"AT1G62180",141
"AT1G75870",608
"AT4G35180",12
"AT2G34360",607
"AT1G25350",606
"AT1G10230",282
"AT1G42550",29
"AT1G05890",260
"AT5G03760",16
"AT1G10020",169
"AT1G20880",605
"AT5G52490",604
"AT3G51960",32
"AT5G56600",51
"AT5G52060",603
"AT1G23110",38
"AT4G20440",602
"AT5G24930",4
"AT2G46340",24
"AT3G57240",20
"AT5G28300",168
"AT3G06500",600
"AT5G58930",598
"AT3G12050",25
"AT1G34690",11
"AT3G50670",692
"AT2G25710",272
"AT5G48970",85
"AT4G27600",83
"AT5G49570",3
"AT2G46100",257
"AT1G23935",111
"AT5G52950",17
"AT4G38420",6
"AT5G20570",595
"AT3G11490",594
"AT1G19830",696
"AT2G17290",3
"AT3G55450",27
"AT2G32415",593
"AT5G27540",592
"AT5G41080",23
"AT1G28260",10
"AT5G16280",700
"AT5G52240",591
"AT4G25260",30
"AT5G18800",1
"AT1G49610",34
"AT2G29880",11
"AT3G49680",590
"AT4G01730",114
"AT5G25190",174
"AT1G52930",86
"AT4G22700",102
"AT3G48580",589
"AT1G05730",2
"AT4G02550",588
"AT5G20190",116
"AT2G45940",707
"AT1G41830",16
"AT5G56240",10
"AT3G47450",135
"AT5G50420",278
"AT5G18140",585
"AT3G17750",277
"AT1G60890",3
"AT1G76050",584
"AT1G14610",2
"AT1G71860",583
"AT1G54100",18
"AT1G12980",42
"AT2G31271",92
"AT2G42010",55
"AT2G34780",2
"AT2G29650",218
"AT1G51090",61
"AT1G13880",582
"AT5G01240",19
"AT5G14260",29
"AT3G45100",60
"AT2G44180",12
"AT5G41330",581
"AT4G27230",580
"AT1G64170",27
"AT4G20260",264
"AT3G60270",81
"AT1G10990",21
"AT5G35180",3
"AT1G36230",34
"AT5G54170",579
"AT3G55515",578
"AT5G16950",1
"AT5G49360",115
"AT5G14330",577
"AT5G62080",256
"AT3G25240",38
"AT1G19960",20
"AT5G03120",576
"AT1G02690",222
"AT2G24280",14
"AT4G33530",104
"AT2G41905",67
"AT5G50375",30
"AT3G60530",575
"AT1G72250",17
"AT5G17460",61
"AT1G22710",5
"AT5G28040",5
"AT3G54760",10
"AT3G09450",24
"AT1G63700",574
"AT1G53240",573
"AT5G02870",8
"AT1G11060",572
"AT3G09220",26
"AT1G10770",571
"AT5G56870",13
"AT2G28800",4
"AT5G34853",732
"AT3G47340",23
"AT2G16710",28
"AT3G57660",10
"AT1G74880",4
"AT3G28730",570
"AT5G60360",7
"AT5G23250",8
"AT4G27110",569
"AT5G23540",568
"AT2G36390",9
"AT1G80500",1
"AT4G36130",8
"AT1G48160",208
"AT3G50690",204
"AT1G12090",196
"AT5G15650",45
"AT5G03740",2
"AT3G57760",567
"AT3G10640",34
"AT2G41790",566
"AT5G54290",7
"AT5G37370",36
"AT5G47240",254
"AT1G45130",286
"AT1G67320",285
"AT1G34000",565
"AT3G15180",744
"AT2G04690",564
"AT5G55660",10
"AT2G18330",2
"AT1G30440",563
"AT5G13680",2
"AT5G54640",17
"AT1G61570",1
"AT1G12845",561
"AT5G16300",560
"AT4G37240",124
"AT2G44925",559
"AT3G23490",66
"AT3G12780",4
"AT2G28710",558
"AT1G13190",5
"AT5G58250",4
"AT3G61240",556
"AT1G62980",34
"AT4G17440",249
"AT3G57280",555
"AT2G35010",8
"AT4G32250",22
"AT5G63560",251
"AT1G55265",468
"AT1G47890",34
"AT5G11710",553
"AT1G10140",28
"AT1G53050",270
"AT5G49880",552
"AT1G15660",17
"AT4G23250",27
"AT3G29310",550
"AT5G35320",549
"AT3G45850",548
"AT2G46620",248
"AT2G29570",17
"AT1G73655",547
"AT5G12120",10
"AT5G05800",546
"AT1G72430",465
"AT1G06790",56
"AT1G10950",5
"AT2G40240",21
"AT2G16790",544
"AT2G32860",140
"AT3G05090",1
"AT3G01970",543
"AT2G31190",542
"AT2G40490",4
"AT3G18773",540
"AT5G39830",539
"AT5G54770",4
"AT5G03040",19
"AT5G32440",537
"AT1G09280",536
"AT1G10522",9
"AT3G24080",5
"AT2G22360",95
"AT2G19970",776
"AT4G35470",33
"AT4G00525",96
"AT5G62150",143
"AT4G36670",20
"AT3G15690",534
"AT5G14610",44
"AT2G24820",14
"AT5G19450",10
"AT5G58040",533
"AT4G22050",247
"AT1G80180",245
"AT5G13310",532
"AT3G48040",51
"AT5G50920",531
"AT5G61780",15
"AT2G39140",54
"AT5G46700",30
"AT5G44550",26
"AT1G21440",31
"AT1G78280",32
"AT4G34120",34
"AT1G10760",33
"AT1G15230",530
"AT5G63910",460
"AT1G71340",529
"AT4G38240",235
"AT3G19200",528
"AT4G04850",261
"AT3G44100",527
"AT2G43870",526
"AT1G22300",459
"AT5G64640",1
"AT4G13350",525
"AT5G36930",97
"AT1G59820",159
"AT1G28190",11
"AT3G24730",1
"AT3G47430",7
"AT1G66920",27
"AT4G38470",23
"AT3G07030",5
"AT1G07270",243
"AT1G12760",55
"AT5G63120",792
"AT1G28280",40
"AT2G34740",523
"AT5G62020",12
"AT3G17840",44
"AT5G61520",522
"AT5G45630",14
"AT5G17290",521
"AT3G20450",148
"AT2G01930",520
"AT1G19660",29
"AT1G55080",518
"AT4G26840",1
"AT4G36750",517
"AT4G02110",516
"AT4G29420",221
"AT2G15890",23
"AT2G44870",77
"AT3G10820",242
"AT4G01080",515
"AT4G21960",514
"AT5G44660",4
"AT5G16310",513
"AT3G08947",48
"AT1G63880",100
"AT4G25720",40
"AT3G30260",512
"AT1G73450",511
"AT2G44065",1
"AT2G34690",802
"AT2G01420",19
"AT3G12120",124
"AT1G70580",40
"AT1G66130",9
"AT1G17190",509
"AT3G55940",61
"AT2G05990",804
"AT4G39710",7
"AT5G47000",508
"AT4G20340",507
"AT4G00585",1
"AT4G14270",23
"AT5G16520",506
"AT3G02875",18
"AT1G04960",259
"AT5G58060",71
"AT3G49060",505
"AT4G18810",29
"AT5G49350",26
"AT2G32560",504
"AT1G12000",8
"AT1G08590",503
"AT5G25090",17
"AT5G06560",6
"AT3G46580",9
"AT1G55530",501
"AT3G11570",29
"AT3G14310",316
"AT2G22240",500
"AT5G55700",170
"AT1G77210",245
"AT3G47390",499
"AT3G56750",126
"AT5G67330",42
"AT1G12810",249
"AT5G66420",27
"AT4G38770",3
"AT5G49555",498
"AT5G57815",13
"AT1G52640",34
"AT1G70290",23
"AT3G54190",305
"AT3G11480",22
"AT2G03090",44
"AT1G80770",133
"AT2G38390",26
"AT4G26550",96
"AT5G48250",117
"AT4G24175",497
"AT5G16080",21
"AT5G11330",496
"AT5G65880",8
"AT1G78370",31
"AT4G16150",13
"AT2G07692",822
"AT1G45035",448
"AT2G35075",821
"AT1G73230",8
"AT5G66820",447
"AT1G23870",446
"AT1G27300",237
"AT1G65420",616
"AT4G35410",482
"AT1G80200",454
"AT5G58640",445
"AT5G06180",136
"AT1G35112",442
"AT4G13860",820
"AT3G04550",730
"AT1G09415",481
"AT1G79280",236
"AT1G09800",439
"AT1G54350",235
"AT2G24755",438
"AT2G07712",437
"AT2G27050",5
"AT4G16430",63
"AT3G48990",18
"AT2G13800",12
"AT3G62600",35
"AT1G08880",10
"AT3G20460",519
"AT1G18570",12
"AT1G76530",469
"AT5G61600",6
"AT5G40650",444
"AT3G54580",25
"AT4G22505",21
"AT4G24770",7
"AT4G24320",89
"AT5G14930",12
"AT4G16660",35
"AT4G22650",102
"AT5G46040",434
"AT1G31330",4
"AT1G54310",179
"AT1G06750",4
"AT5G41520",79
"AT1G01540",19
"AT3G02190",1
"AT2G14750",28
"AT1G27730",6
"AT5G01840",21
"AT4G30690",21
"AT3G53870",8
"AT4G03110",242
"AT4G22470",16
"AT1G02710",21
"AT3G26060",4
"AT3G22060",27
"AT5G47120",241
"AT1G30180",443
"AT1G30370",81
"AT5G12860",4
"AT5G26690",20
"AT3G23550",28
"AT1G48850",16
"AT2G06960",27
"AT5G64420",11
"AT2G05520",432
"AT1G23840",20
"AT1G77490",4
"AT2G35260",4
"AT1G20510",6
"AT2G20560",41
"AT3G06790",8
"AT5G01650",1
"AT5G45500",232
"AT3G08640",28
"AT3G12030",431
"AT4G19690",430
"AT4G14320",8
"AT2G21660",21
"AT4G08540",59
"AT5G23950",21
"AT2G39670",9
"AT4G29150",21
"AT1G64180",94
"AT3G60770",8
"AT5G14590",5
"AT3G10510",69
"AT3G58990",31
"AT2G20450",8
"AT1G17710",38
"AT1G25390",492
"AT1G06870",15
"AT3G01250",160
"AT4G02770",4
"AT3G51810",120
"AT5G41010",1
"AT4G14550",472
"AT2G45695",1
"AT2G04400",28
"AT1G72940",463
"AT1G24480",461
"AT1G20940",111
"AT2G29720",27
"AT4G00860",1
"AT1G02335",50
"AT5G55170",1
"AT1G33055",82
"AT1G06135",11
"AT4G21860",14
"AT3G15630",23
"AT4G32285",10
"AT3G19160",175
"AT1G23280",2
"AT3G28540",20
"AT1G20470",173
"AT1G75040",20
"AT5G59170",21
"AT2G36830",426
"AT4G36500",11
"AT3G15140",18
"AT5G45110",6
"AT3G25805",9
"AT5G41300",168
"AT3G62640",425
"AT1G14320",8
"AT3G46620",6
"AT4G04830",424
"AT4G01000",36
"AT1G57560",154
"AT3G62260",12
"AT1G64450",423
"AT2G22510",26
"AT5G52650",8
"AT1G01100",8
"AT1G70770",10
"AT3G44020",7
"AT5G39670",12
"AT1G29070",14
"AT5G16530",104
"AT5G23420",17
"AT5G13930",53
"AT5G60390",8
"AT5G54270",4
"AT1G14530",132
"AT3G49140",9
"AT4G12400",41
"AT4G31550",27
"AT1G34220",30
"AT1G74670",228
"AT4G09320",8
"AT2G39310",22
"AT5G45340",6
"AT1G35680",14
"AT3G16250",7
"AT4G14960",710
"AT1G28150",1
"AT1G64680",14
"AT1G05135",21
"AT3G32990",43
"AT2G47540",25
"AT2G39460",8
"AT1G51620",27
"AT5G11910",620
"AT2G42100",5
"AT5G39580",27
"AT5G47630",8
"AT3G58660",5
"AT4G38970",4
"AT1G14480",6
"AT5G19440",28
"AT1G03090",23
"AT5G03150",21
"AT3G04400",8
"AT1G04170",8
"AT4G01870",80
"AT3G23300",16
"AT3G47470",4
"AT2G17360",5
"AT3G56970",42
"AT1G09155",6
"AT1G07135",6
"AT3G25660",19
"AT2G47140",11
"AT4G26370",9
"AT2G42820",148
"AT2G30310",226
"AT3G53810",12
"AT1G21520",464
"AT5G23040",4
"AT1G21270",20
"AT2G39720",244
"AT3G06530",2
"AT1G50740",12
"AT2G35190",16
"AT1G49630",223
"AT1G08050",47
"AT2G21890",39
"AT4G01310",73
"AT4G28630",81
"AT2G37460",224
"AT2G46560",30
"AT2G23390",4
"AT2G29500",41
"AT3G03920",8
"AT5G24110",12
"AT1G20630",173
"AT4G24230",23
"AT3G13090",20
"AT1G60600",9
"AT3G16910",422
"AT5G52670",121
"AT2G28315",50
"AT3G21230",16
"AT5G09530",26
"AT1G28580",7
"AT5G58420",8
"AT5G10230",417
"AT5G57930",4
"AT4G28220",33
"AT3G03760",21
"AT1G11860",4
"AT2G05710",3
"AT2G16780",17
"AT4G09010",4
"AT5G19220",19
"AT3G59280",92
"AT5G13650",19
"AT5G13630",4
"AT1G72520",11
"AT1G13260",23
"AT2G01110",4
"AT1G50920",2
"AT4G18205",12
"AT1G18150",150
"AT4G36640",65
"AT3G12720",86
"AT5G54206",11
"AT1G28380",12
"AT5G24420",22
"AT2G20960",15
"AT3G54790",19
"AT4G28790",412
"AT5G55310",3
"AT1G67865",410
"AT5G44020",7
"AT2G38690",21
"AT2G30440",15
"AT3G25545",408
"AT5G58120",6
"AT2G38470",12
"AT1G13020",3
"AT1G33600",11
"AT4G25050",4
"AT4G23690",191
"AT2G39920",219
"AT3G54150",27
"AT1G50360",89
"AT5G13010",10
"AT3G49870",172
"AT4G22330",45
"AT3G19615",406
"AT2G42810",146
"AT1G20925",34
"AT2G29400",405
"AT5G23900",8
"AT2G41420",402
"AT4G35733",217
"AT1G74470",4
"AT5G51440",41
"AT3G57640",12
"AT5G60670",8
"AT5G24710",10
"AT1G21450",3
"AT1G25500",18
"AT2G48140",26
"AT1G06900",11
"AT3G57610",207
"AT1G14345",4
"AT5G44520",14
"AT4G27060",3
"AT5G16130",8
"AT2G41650",8
"AT1G30820",23
"AT4G33010",29
"AT3G05580",11
"AT2G27500",12
"AT5G66040",66
"AT1G28400",398
"AT3G15110",397
"AT4G02360",22
"AT1G17860",27
"AT2G20530",396
"AT4G39970",7
"AT5G49660",215
"AT3G59700",11
"AT1G18740",6
"AT3G25250",11
"AT4G38920",13
"AT5G02750",21
"AT2G47570",8
"AT2G33210",2
"AT3G16640",293
"AT2G24180",15
"AT2G35930",12
"AT5G63790",11
"AT4G29410",8
"AT3G60800",15
"AT2G33735",76
"AT1G49780",34
"AT4G14000",55
"AT4G30340",748
"AT2G36530",167
"AT1G07510",302
"AT3G11510",8
"AT5G17230",9
"AT3G60750",54
"AT1G68875",37
"AT2G19120",3
"AT2G25630",702
"AT1G65290",34
"AT1G49380",14
"AT3G02460",55
"AT1G48520",9
"AT1G19670",665
"AT3G54210",4
"AT1G63710",113
"AT2G21170",87
"AT5G14790",16
"AT3G05060",8
"AT4G39570",6
"AT3G01180",640
"AT2G36900",107
"AT4G13520",13
"AT4G24930",4
"AT1G71500",4
"AT2G01720",10
"AT3G27160",4
"AT1G72650",260
"AT3G62720",6
"AT1G56650",22
"AT2G32380",75
"AT5G11700",5
"AT5G48580",23
"AT5G48430",27
"AT2G18400",8
"AT1G65690",46
"AT3G17040",4
"AT2G25625",22
"AT5G57170",551
"AT1G51500",3
"AT1G77940",8
"AT4G03060",31
"AT3G28950",1
"AT5G08640",53
"AT1G54820",34
"AT2G47590",7
"AT4G09570",12
"AT5G23520",28
"AT5G35170",7
"AT3G60480",8
"AT1G28330",23
"AT1G79040",4
"AT3G54350",491
"AT2G20890",14
"AT4G10080",231
"AT5G18400",12
"AT1G27100",6
"AT4G22840",102
"AT5G54930",486
"AT2G28850",484
"AT1G24510",5
"AT3G23260",11
"AT5G11150",9
"AT5G53480",5
"AT5G63310",7
"AT3G26744",5
"AT3G49530",476
"AT3G23830",8
"AT2G36990",4
"AT1G22700",135
"AT1G76300",1
"AT4G39820",15
"AT2G47190",22
"AT3G53430",8
"AT2G19940",87
"AT5G18170",23
"AT3G25882",20
"AT3G29000",6
"AT4G21410",471
"AT4G04220",27
"AT4G26110",2
"AT5G48520",252
"AT3G53840",17
"AT5G52920",54
"AT4G26450",466
"AT5G66900",11
"AT3G04260",9
"AT3G08580",35
"AT2G43510",18
"AT2G42880",19
"AT5G17760",3
"AT3G06610",458
"AT4G29330",35
"AT4G36390",456
"AT1G68480",21
"AT4G21320",69
"AT4G02530",4
"AT2G05920",52
"AT1G24160",451
"AT1G65280",34
"AT1G67090",14
"AT3G55050",15
"AT1G65130",131
"AT1G54270",5
"AT5G35090",239
"AT1G60990",4
"AT2G19540",2
"AT2G32240",28
"AT5G45650",449
"AT3G14080",1
"AT3G62410",7
"AT5G19420",10
"AT2G04305",11
"AT1G07240",59
"AT2G26330",52
"AT3G55630",9
"AT5G45480",33
"AT4G23500",102
"AT3G48360",23
"AT1G15370",1
"AT2G26140",30
"AT3G02450",29
"AT3G01680",140
"AT3G61430",428
"AT5G18260",60
"AT3G61890",22
"AT2G46790",24
"AT1G15270",1
"AT2G23200",97
"AT2G29350",18
"AT2G19450",117
"AT5G55710",7
"AT2G19870",155
"AT3G51160",416
"AT3G51150",19
"AT3G14950",12
"AT1G01340",12
"AT3G15410",2
"AT1G61360",11
"AT1G32080",14
"AT1G21690",222
"AT3G60880",207
"AT1G63040",32
"AT2G43710",206
"AT2G25450",18
"AT4G21570",61
"AT5G39980",9
"AT3G09200",8
"AT4G09800",8
"AT1G32375",157
"AT3G15970",401
"AT5G62140",7
"AT3G16630",395
"AT1G60670",36
"AT5G39020",390
"AT2G24790",4
"AT4G10140",7
"AT1G15430",11
"AT1G63780",2
"AT5G47570",1
"AT5G54180",7
"AT5G25940",28
"AT4G32190",387
"AT4G38860",211
"AT1G02280",73
"AT3G25600",59
"AT1G31970",3
"AT3G54620",91
"AT1G44000",14
"AT2G34730",205
"AT2G35570",382
"AT4G00100",8
"AT5G09790",381
"AT4G09020",33
"AT3G02080",8
"AT5G06360",93
"AT5G17220",380
"AT2G22860",46
"AT5G39220",37
"AT1G16370",55
"AT3G05690",377
"AT4G36400",3
"AT5G35935",375
"AT2G37400",155
"AT2G05935",43
"AT3G18130",8
"AT2G02780",19
"AT3G25410",14
"AT5G28060",8
"AT1G79670",15
"AT3G23120",20
"AT3G07680",71
"AT3G45060",371
"AT1G36430",369
"AT2G31320",18
"AT3G27430",9
"AT3G19970",6
"AT3G28220",22
"AT1G12920",368
"AT2G31410",198
"AT2G17000",199
"AT5G14910",4
"AT3G55960",366
"AT1G79110",21
"AT4G25900",16
"AT5G11560",365
"AT5G45670",39
"AT5G03520",172
"AT2G41090",20
"AT3G50685",4
"AT5G38110",17
"AT4G03100",17
"AT4G17840",3
"AT1G25570",362
"AT5G38320",26
"AT1G50250",108
"AT3G05730",361
"AT5G42010",15
"AT3G12775",10
"AT4G31310",76
"AT3G07910",145
"AT3G14620",360
"AT2G14720",63
"AT5G05730",15
"AT4G12720",6
"AT4G00026",56
"AT5G48850",141
"AT1G25280",3
"AT4G34830",9
"AT2G26530",6
"AT3G13222",2
"AT2G27970",17
"AT5G53300",359
"AT1G64385",34
"AT2G30410",8
"AT2G27290",202
"AT1G76010",5
"AT4G01540",12
"AT1G28290",17
"AT1G80440",23
"AT2G37710",12
"AT2G37990",8
"AT5G48120",10
"AT1G56450",356
"AT5G22650",5
"AT4G34460",15
"AT2G37120",8
"AT2G25480",52
"AT5G50410",354
"AT4G23710",1
"AT5G56010",142
"AT5G39610",197
"AT1G67800",353
"AT3G54660",9
"AT2G42975",352
"AT2G38880",30
"AT3G19260",15
"AT5G52160",21
"AT2G06925",196
"AT5G35360",7
"AT2G16940",351
"AT5G64440",3
"AT2G34850",11
"AT4G02330",90
"AT5G55390",10
"AT3G10130",24
"AT5G19690",35
"AT5G24120",24
"AT5G59300",182
"AT4G00030",7
"AT3G08720",15
"AT5G13280",5
"AT3G09390",28
"AT2G38540",4
"AT5G55280",4
"AT2G28320",3
"AT2G47250",2
"AT2G02061",21
"AT4G14310",17
"AT5G07020",4
"AT3G21670",14
"AT3G06400",348
"AT3G16480",3
"AT1G22810",11
"AT2G28290",10
"AT3G15380",347
"AT4G17810",9
"AT1G09900",19
"AT2G47060",11
"AT1G65230",14
"AT5G48610",43
"AT2G37980",345
"AT5G62470",6
"AT5G46160",8
"AT1G75380",13
"AT3G02660",19
"AT1G53580",18
"AT1G64490",152
"AT2G04930",37
"AT2G03350",8
"AT1G53260",343
"AT1G29230",26
"AT3G56460",77
"AT3G51800",2
"AT1G59510",812
"AT3G59850",20
"AT5G60230",805
"AT3G55460",162
"AT5G37770",6
"AT1G69100",27
"AT2G18240",192
"AT1G11700",21
"AT1G60200",36
"AT1G24620",789
"AT1G04690",35
"AT5G49610",200
"AT2G18440",68
"AT5G49020",70
"AT3G17240",764
"AT5G10060",153
"AT4G16450",1
"AT5G04170",40
"AT4G30993",3
"AT2G35980",84
"AT3G16140",4
"AT1G29150",5
"AT5G44910",743
"AT3G09850",742
"AT5G52310",741
"AT2G01180",6
"AT3G14930",4
"AT1G50320",14
"AT3G29185",7
"AT5G42100",62
"AT3G02830",24
"AT5G54470",729
"AT1G67350",190
"AT1G74590",84
"AT4G32530",28
"AT1G23890",34
"AT1G68720",10
"AT2G29330",709
"AT3G07770",2
"AT1G24530",21
"AT4G19170",9
"AT1G70420",694
"AT3G56710",12
"AT1G52060",25
"AT4G21120",27
"AT3G13430",11
"AT1G50480",3
"AT3G10985",12
"AT4G20830",6
"AT5G08280",4
"AT1G27130",678
"AT3G61690",10
"AT5G06860",40
"AT2G21195",1
"AT2G27690",189
"AT2G15560",5
"AT4G34480",12
"AT1G12500",21
"AT3G26090",80
"AT3G55620",657
"AT4G30190",35
"AT2G42360",16
"AT5G26660",188
"AT4G26710",1
"AT1G21065",72
"AT1G69490",6
"AT3G19680",169
"AT2G21870",123
"AT3G63190",73
"AT5G27970",2
"AT2G20580",280
"AT2G41840",8
"AT3G20395",262
"AT5G52020",279
"AT4G38600",45
"AT1G03360",5
"AT1G07350",41
"AT1G59725",21
"AT1G13300",171
"AT3G33530",10
"AT3G06340",601
"AT4G29340",599
"AT4G22530",597
"AT4G39520",596
"AT3G63160",4
"AT4G38930",587
"AT3G48430",2
"AT1G08230",586
"AT5G42270",3
"AT5G37480",75
"AT2G01190",30
"AT2G36835",135
"AT2G31610",28
"AT1G19730",1
"AT1G42990",12
"AT5G50380",3
"AT3G61440",18
"AT2G25940",7
"AT2G11810",38
"AT5G08160",45
"AT1G16420",47
"AT1G66840",9
"AT4G22820",102
"AT1G08320",562
"AT3G52240",161
"AT2G22950",15
"AT2G37550",45
"AT1G58150",557
"AT2G17660",32
"AT1G11530",554
"AT1G70820",9
"AT5G35790",545
"AT4G29350",541
"AT2G44210",538
"AT1G72020",1
"AT1G61210",535
"AT3G25180",271
"AT4G22285",2
"AT4G10450",48
"AT5G43700",524
"AT2G48120",9
"AT3G23880",510
"AT3G55360",39
"AT3G59320",68
"AT4G24160",15
"AT5G27390",9
"AT5G55610",269
"AT3G32930",502
"AT3G09740",6
"AT1G55490",4
"AT2G13360",495
"AT2G03440",4
"AT1G05000",267
"AT2G28305",102
"AT5G16110",494
"AT1G48920",8
"AT5G45105",265
"AT4G17470",22
"AT4G25130",493
"AT5G63110",176
"AT1G28320",13
"AT5G42650",254
"AT4G03190",46
"AT1G57650",263
"AT5G43950",490
"AT1G19610",27
"AT3G47460",17
"AT5G02960",8
"AT2G45130",38
"AT1G14620",1
"AT1G07130",11
"AT3G20530",119
"AT5G27860",23
"AT1G19580",1
"AT1G58230",489
"AT3G01240",488
"AT1G13950",237
"AT1G32120",6
"AT5G63030",1
"AT2G48000",487
"AT3G25530",7
"AT2G40840",9
"AT2G32640",7
"AT4G30650",485
"AT4G30720",4
"AT3G59900",483
"AT5G51270",6
"AT1G24610",4
"AT2G44520",3
"AT5G05250",42
"AT2G33560",17
"AT1G01470",480
"AT3G25920",7
"AT4G18620",21
"AT5G07960",1
"AT3G18620",479
"AT1G60140",170
"AT3G15840",478
"AT3G53920",477
"AT3G52520",40
"AT2G02000",85
"AT3G44600",2
"AT4G37090",8
"AT1G08540",475
"AT2G27210",10
"AT1G05300",27
"AT4G04910",3
"AT5G33290",474
"AT5G64890",57
"AT4G27700",34
"AT1G68420",164
"AT1G04350",149
"AT3G62750",94
"AT1G50310",473
"AT2G28520",45
"AT1G73790",13
"AT1G16730",24
"AT4G22380",1
"AT4G29900",3
"AT2G07640",18
"AT3G22780",18
"AT5G67450",27
"AT4G16515",228
"AT2G44830",255
"AT3G13000",9
"AT1G16080",4
"AT3G58550",251
"AT3G51840",13
"AT5G46280",17
"AT4G27652",216
"AT2G36910",3
"AT5G10430",21
"AT2G35780",470
"AT1G65080",34
"AT1G34750",6
"AT1G01610",39
"AT2G16900",11
"AT5G62620",15
"AT1G66160",12
"AT5G40590",11
"AT4G27435",22
"AT1G17490",1
"AT3G07160",3
"AT3G23760",58
"AT1G53670",72
"AT5G09820",29
"AT2G32220",8
"AT4G14605",250
"AT1G68050",33
"AT3G16010",5
"AT2G42710",5
"AT3G43110",38
"AT5G35370",467
"AT4G36540",19
"AT4G20870",39
"AT1G56660",32
"AT1G66240",1
"AT5G02250",9
"AT1G49650",462
"AT3G18760",8
"AT5G03650",40
"AT3G44750",8
"AT5G03455",246
"AT3G51950",19
"AT1G77250",12
"AT1G25400",11
"AT5G41940",164
"AT1G33290",7
"AT5G15880",185
"AT1G72770",296
"AT4G17600",4
"AT3G56650",4
"AT5G47040",29
"AT1G76360",100
"AT4G23740",19
"AT4G17530",65
"AT5G05400",457
"AT1G18360",14
"AT1G80030",4
"AT2G35520",8
"AT5G54540",64
"AT3G55840",258
"AT1G75460",455
"AT2G24590",5
"AT4G30240",453
"AT3G09580",19
"AT4G26850",24
"AT1G06760",452
"AT2G01820",16
"AT4G02520",28
"AT1G36380",1
"AT1G57620",450
"AT3G14900",9
"AT5G22530",27
"AT5G11500",185
"AT5G51830",28
"AT1G18590",28
"AT5G40780",47
"AT2G03510",20
"AT3G47420",98
"AT5G01090",47
"AT3G09270",238
"AT1G55320",34
"AT1G53920",16
"AT3G55430",40
"AT1G30780",234
"AT2G32870",31
"AT1G25430",441
"AT4G17030",440
"AT1G05670",11
"AT1G01090",233
"AT4G02650",436
"AT3G06490",435
"AT5G18660",73
"AT3G52180",9
"AT3G60140",18
"AT4G16390",139
"AT2G44310",66
"AT1G09520",147
"AT1G77920",186
"AT3G54670",10
"AT1G32900",53
"AT5G06540",433
"AT5G60600",29
"AT1G76130",28
"AT5G54580",1
"AT1G65960",5
"AT4G14950",22
"AT5G53460",10
"AT3G15395",1
"AT1G17220",49
"AT5G63490",158
"AT1G67390",34
"AT5G04960",25
"AT4G30800",56
"AT4G37310",429
"AT3G27750",4
"AT1G55170",34
"AT4G28360",87
"AT3G27670",230
"AT5G62600",427
"AT3G23805",165
"AT2G37020",1
"AT5G58450",62
"AT3G02690",29
"AT2G24050",5
"AT3G29390",36
"AT2G34600",151
"AT4G12010",229
"AT2G37760",22
"AT4G08170",6
"AT2G38360",421
"AT5G17770",16
"AT3G16370",39
"AT1G18700",34
"AT4G15470",65
"AT3G46000",28
"AT1G27980",3
"AT2G20110",420
"AT1G27120",227
"AT5G08500",32
"AT3G29240",419
"AT1G18960",418
"AT1G74900",101
"AT3G60640",1
"AT3G20440",33
"AT5G23440",159
"AT4G13930",16
"AT5G42050",40
"AT1G08560",114
"AT1G62940",34
"AT2G44620",1
"AT5G10860",23
"AT1G42960",4
"AT2G42220",4
"AT2G16470",2
"AT5G35620",415
"AT5G49970",116
"AT2G28430",1
"AT5G52810",20
"AT2G29450",414
"AT3G61190",59
"AT2G21320",24
"AT2G21290",1
"AT3G25940",8
"AT3G49180",2
"AT5G63380",54
"AT1G30570",19
"AT1G26310",14
"AT4G31730",177
"AT5G38360",51
"AT2G26430",221
"AT2G17850",82
"AT1G17580",48
"AT2G26560",413
"AT1G30000",198
"AT1G74450",6
"AT3G20230",9
"AT3G21630",27
"AT1G04445",14
"AT1G29140",268
"AT1G10030",30
"AT1G02990",411
"AT5G17610",1
"AT5G27560",409
"AT5G01200",103
"AT2G27260",6
"AT2G36850",407
"AT4G23090",102
"AT4G37000",218
"AT3G26600",403
"AT5G17620",30
"AT4G04890",5
"AT2G40270",12
"AT5G38140",68
"AT2G24850",400
"AT1G13320",180
"AT4G24010",399
"AT5G40340",36
"AT3G20250",179
"AT1G05910",181
"AT5G46580",9
"AT2G28605",394
"AT4G21190",49
"AT3G15730",230
"AT2G05940",12
"AT2G42350",393
"AT3G04890",392
"AT5G20330",8
"AT2G07050",391
"AT1G54500",14
"AT3G24290",27
"AT1G11750",298
"AT4G11655",214
"AT5G42790",9
"AT1G12030",42
"AT5G65260",389
"AT4G11570",388
"AT2G36000",54
"AT3G51820",4
"AT3G15518",12
"AT2G41600",93
"AT4G02410",6
"AT4G35580",213
"AT5G35900",78
"AT5G53250",25
"AT3G20300",212
"AT3G02240",210
"AT5G42090",3
"AT2G25930",386
"AT1G24450",58
"AT5G23300",70
"AT1G60980",385
"AT3G46870",4
"AT5G46390",7
"AT4G27940",6
"AT1G75270",384
"AT3G28415",383
"AT5G05170",209
"AT3G26710",4
"AT3G19800",4
"AT3G62920",1
"AT5G13550",22
"AT5G53170",4
"AT2G26660",98
"AT2G41160",41
"AT5G19570",8
"AT4G02080",5
"AT2G22780",1
"AT1G15040",23
"AT1G31800",33
"AT2G40660",5
"AT3G26340",208
"AT5G27380",28
"AT2G25800",30
"AT2G24160",20
"AT5G40970",51
"AT5G61330",70
"AT1G50840",3
"AT4G14540",379
"AT3G13580",88
"AT2G19680",8
"AT1G69890",6
"AT3G17470",29
"AT3G03660",378
"AT3G42060",376
"AT3G09650",106
"AT3G02090",5
"AT3G06170",7
"AT4G35910",147
"AT1G48470",67
"AT3G51660",27
"AT2G21620",46
"AT1G76650",11
"AT1G80790",3
"AT4G04620",28
"AT2G38810",17
"AT1G14340",13
"AT5G20050",40
"AT3G48080",12
"AT3G28600",166
"AT4G01070",374
"AT3G48110",7
"AT4G12120",373
"AT4G31840",17
"AT4G22930",7
"AT1G09176",372
"AT4G02450",204
"AT1G16090",143
"AT3G07520",370
"AT3G50280",22
"AT5G67370",42
"AT2G38400",23
"AT1G17210",367
"AT1G73885",4
"AT1G29660",14
"AT2G43230",364
"AT1G76090",363
"AT1G14450",1
"AT5G47450",25
"AT5G19650",79
"AT4G16650",203
"AT5G16715",49
"AT5G06200",201
"AT3G60240",10
"AT2G19470",358
"AT4G04490",105
"AT5G55125",357
"AT1G03850",18
"AT3G46610",29
"AT5G19485",35
"AT5G24020",4
"AT2G16600",28
"AT3G10690",355
"AT5G54190",14
"AT3G61640",6
"AT5G10580",25
"AT2G26840",9
"AT5G05340",195
"AT5G58860",26
"AT5G62650",350
"AT2G21160",16
"AT5G63150",190
"AT3G07195",194
"AT4G13670",193
"AT4G23310",21
"AT5G67270",349
"AT3G15810",32
"AT1G28540",1
"AT4G01880",99
"AT2G19060",346
"AT4G14220",344
"AT4G08270",2
"AT2G33040",342
"AT1G80270",2
"AT3G10750",341
"AT5G59180",1
"AT3G27180",9
"AT2G43640",1
"AT1G15140",64
"AT1G14980",8
"AT4G10110",11
"AT5G10240",118
"AT5G54810",28
"AT4G37290",11
"AT1G42480",56
"AT2G41720",340
"AT4G31270",48
"AT2G03890",150
"AT3G49590",13
"AT4G05400",21
"AT3G55900",339
"AT1G24140",6
"AT5G23630",10
"AT5G24810",6
"AT3G58900",338
"AT3G06240",110
"AT3G54100",6
"AT1G70020",223
"AT4G16760",57
"AT2G26060",1
"AT4G33350",64
"AT5G26920",12
"AT5G37360",4
"AT1G80470",103
"AT4G15955",337
"AT2G44160",16
"AT4G34990",61
"AT5G23380",336
"AT3G58780",335
"AT1G67220",334
"AT1G31830",333
"AT1G74160",44
"AT3G56950",9
"AT1G04510",10
"AT1G78995",4
"AT4G28780",332
"AT3G17520",331
"AT1G61100",330
"AT4G23030",11
"AT1G79000",10
"AT4G23720",102
"AT5G11480",4
"AT4G11130",224
"AT1G73560",329
"AT4G23100",3
"AT1G48430",328
"AT1G70740",11
"AT3G55230",128
"AT5G53440",10
"AT5G54740",171
"AT3G19860",327
"AT1G20050",326
"AT1G49140",325
"AT2G30520",324
"AT2G35820",323
"AT3G49000",404
"AT1G18500",21
"AT3G18165",56
"AT3G24120",13
"AT5G01570",322
"AT1G15320",321
"AT3G46570",11
"AT2G46710",11
"AT2G19980",154
"AT3G08000",320
"AT3G18500",220
"AT3G47960",187
"AT3G17850",319
"AT3G57410",78
"AT5G09570",38
"AT2G06255",318
"AT3G16050",317
"AT3G48830",8
"AT1G62800",31
"AT3G59780",818
"AT5G02880",3
"AT1G24310",5
"AT5G54520",817
"AT2G15970",274
"AT1G09770",48
"AT3G42712",816
"AT1G67840",815
"AT1G19400",813
"AT4G02940",80
"AT3G07260",811
"AT2G27080",12
"AT3G62140",810
"AT1G01990",809
"AT5G53550",12
"AT5G16510",808
"AT1G24267",806
"AT4G12730",16
"AT4G37100",32
"AT4G23130",20
"AT3G10730",6
"AT3G15280",301
"AT3G47800",292
"AT1G63940",803
"AT4G16710",13
"AT1G72480",156
"AT5G45470",15
"AT4G35950",134
"AT4G37750",44
"AT5G07520",113
"AT3G06200",55
"AT1G04810",10
"AT3G01580",801
"AT3G12110",34
"AT5G50370",8
"AT5G20060",800
"AT4G33940",799
"AT3G22740",31
"AT3G59920",183
"AT3G49760",120
"AT5G43050",184
"AT5G58050",798
"AT4G31300",1
"AT1G66820",4
"AT1G20910",2
"AT3G57190",58
"AT2G42130",4
"AT5G24760",16
"AT5G64470",3
"AT5G47610",109
"AT1G76920",5
"AT4G36680",2
"AT3G04460",311
"AT4G24550",3
"AT3G51890",267
"AT1G55290",314
"AT1G18910",795
"AT1G78660",794
"AT3G01900",793
"AT1G25490",203
"AT3G22950",92
"AT1G61790",791
"AT1G16110",12
"AT5G64870",16
"AT4G38225",19
"AT1G49670",5
"AT1G79600",29
"AT4G35160",22
"AT4G05260",1
"AT2G21100",26
"AT1G56423",788
"AT1G53390",36
"AT4G35010",138
"AT1G79080",95
"AT2G42070",4
"AT3G14067",149
"AT2G34750",787
"AT5G42765",178
"AT5G02040",786
"AT1G35230",20
"AT3G51140",4
"AT2G07215",784
"AT3G62870",8
"AT1G50660",44
"AT5G01270",3
"AT4G14230",240
"AT1G56200",112
"AT1G73480",212
"AT5G43630",24
"AT3G01730",781
"AT1G62130",780
"AT1G56310",54
"AT1G15280",4
"AT5G63980",15
"AT5G47490",99
"AT1G79900",18
"AT2G20950",21
"AT4G25500",779
"AT5G03330",777
"AT2G28900",9
"AT1G22070",774
"AT4G26620",60
"AT2G47850",773
"AT1G19440",772
"AT1G14000",3
"AT1G62330",771
"AT3G46530",100
"AT1G55360",14
"AT1G30700",27
"AT3G13350",770
"AT3G23820",64
"AT1G71030",257
"AT3G12900",11
"AT4G29360",32
"AT3G06080",767
"AT2G27130",766
"AT4G11230",225
"AT3G46210",8
"AT1G70720",763
"AT1G68820",762
"AT5G06690",219
"AT3G09540",16
"AT1G52190",137
"AT4G09040",19
"AT1G26970",314
"AT2G39570",253
"AT4G08220",129
"AT5G17860",760
"AT5G64690",759
"AT5G46190",758
"AT1G30510",756
"AT3G08510",215
"AT5G51220",5
"AT1G52760",21
"AT3G48700",754
"AT1G03730",90
"AT3G45310",5
"AT1G08315",752
"AT3G49110",238
"AT2G20010",85
"AT3G12040",83
"AT5G03730",130
"AT1G08480",145
"AT3G49340",819
"AT3G13470",9
"AT1G61690",3
"AT1G68390",312
"AT5G58200",814
"AT1G77670",807
"AT1G22330",313
"AT4G38810",5
"AT5G06980",24
"AT5G16120",23
"AT1G73030",27
"AT2G33610",311
"AT1G30950",21
"AT1G33560",12
"AT5G01790",109
"AT1G13450",309
"AT1G10200",9
"AT4G35920",310
"AT3G52940",299
"AT3G26070",4
"AT2G06990",797
"AT1G74230",9
"AT4G04340",796
"AT5G03160",35
"AT3G03020",315
"AT2G20724",30
"AT5G48180",790
"AT1G43910",164
"AT3G55970",22
"AT5G48930",16
"AT5G11240",5
"AT5G62200",785
"AT3G13225",783
"AT5G37690",26
"AT1G69140",782
"AT2G10940",308
"AT1G27480",4
"AT1G54660",34
"AT5G26740",170
"AT1G62380",778
"AT3G30350",775
"AT3G02065",60
"AT3G10490",3
"AT5G43060",18
"AT4G22750",13
"AT1G17560",17
"AT1G20720",769
"AT2G31010",768
"AT2G38800",10
"AT1G64710",28
"AT3G07010",765
"AT2G44650",4
"AT1G32200",21
"AT5G48160",161
"AT1G34360",761
"AT4G08670",160
"AT4G21750",52
"AT4G35020",13
"AT2G28380",757
"AT4G24830",755
"AT1G79090",753
"AT3G06110",1
"AT1G43270",12
"AT5G23955",14
"AT1G53060",11
"AT1G43800",751
"AT3G19170",40
"AT2G32230",750
"AT5G53000",749
"AT5G04870",307
"AT1G34370",300
"AT5G40480",9
"AT2G43140",27
"AT1G12910",253
"AT3G60660",17
"AT2G33840",747
"AT5G67070",12
"AT5G60840",1
"AT1G30090",746
"AT2G25890",21
"AT5G57460",5
"AT5G20230",27
"AT3G28790",745
"AT2G39340",74
"AT2G26240",306
"AT1G79460",4
"AT5G38710",21
"AT2G33400",17
"AT5G23670",305
"AT2G30000",1
"AT5G19500",4
"AT3G10870",740
"AT2G05170",29
"AT3G09250",739
"AT1G48000",738
"AT3G60400",737
"AT5G13130",304
"AT3G24250",239
"AT1G33330",736
"AT5G26622",735
"AT4G26930",6
"AT5G19350",2
"AT4G36090",27
"AT3G15120",734
"AT3G15210",6
"AT2G30910",733
"AT5G46760",129
"AT4G02260",49
"AT1G65060",53
"AT1G76150",18
"AT5G13260",731
"AT3G07600",303
"AT3G19490",3
"AT4G00900",296
"AT5G42570",19
"AT2G15310",728
"AT2G45530",126
"AT2G19190",27
"AT1G58340",22
"AT3G05625",4
"AT1G48690",727
"AT2G47400",58
"AT2G32760",74
"AT1G25290",726
"AT2G39760",725
"AT1G11180",23
"AT5G07470",273
"AT3G50360",28
"AT3G59770",63
"AT1G76710",252
"AT4G26470",724
"AT1G19370",144
"AT5G59090",723
"AT3G51770",722
"AT1G18720",721
"AT1G71530",720
"AT5G15680",10
"AT4G16563",719
"AT5G13740",42
"AT5G45370",718
"AT5G58900",300
"AT3G05520",717
"AT4G01990",297
"AT2G39960",1
"AT5G22350",295
"AT5G40510",128
"AT2G29180",7
"AT3G44050",17
"AT5G53560",716
"AT2G36130",23
"AT4G16444",715
"AT1G73710",95
"AT3G61960",714
"AT3G11070",713
"AT2G43330",712
"AT1G72640",711
"AT5G52050",81
"AT1G27570",217
"AT4G23450",197
"AT3G63220",132
"AT1G17890",16
"AT3G21460",708
"AT4G23770",706
"AT1G54400",705
"AT1G35190",704
"AT4G39620",139
"AT2G38120",127
"AT3G46040",1
"AT3G08770",37
"AT5G10270",10
"AT5G11270",290
"AT1G54290",703
"AT3G46510",161
"AT5G52100",299
"AT4G23210",27
"AT1G71810",40
"AT3G05500",701
"AT4G12650",45
"AT3G19820",46
"AT4G08867",301
"AT3G16830",10
"AT1G29250",86
"AT3G61930",699
"AT1G07530",698
"AT4G24970",21
"AT2G27030",697
"AT3G59500",695
"AT5G10870",13
"AT2G48130",26
"AT4G37910",693
"AT2G36870",44
"AT5G08560",3
"AT4G22235",25
"AT3G57400",3
"AT3G12345",691
"AT2G39040",25
"AT5G20890",297
"AT1G02220",18
"AT1G31817",690
"AT1G35470",291
"AT1G55255",163
"AT2G13610",286
"AT3G09640",69
"AT1G30910",689
"AT1G54217",688
"AT3G44730",687
"AT4G29030",37
"AT3G16740",289
"AT2G22490",285
"AT5G61620",686
"AT3G05830",685
"AT5G55670",684
"AT3G27460",283
"AT1G68725",683
"AT4G11175",682
"AT1G12805",294
"AT3G59600",1
"AT1G20920",681
"AT1G76540",680
"AT5G61590",23
"AT5G57190",679
"AT5G23220",25
"AT3G07630",5
"AT4G03180",1
"AT2G20390",1
"AT3G09210",7
"AT2G42380",677
"AT5G40930",1
"AT2G45730",281
"AT1G19100",676
"AT2G39270",675
"AT1G10050",674
"AT5G51540",281
"AT5G67190",673
"AT2G19080",1
"AT1G70710",255
"AT2G31070",672
"AT4G30872",671
"AT5G42220",1
"AT2G33255",670
"AT1G70090",669
"AT5G17300",24
"AT3G11730",668
"AT3G05250",667
"AT4G35770",13
"AT1G18900",666
"AT3G26370",45
"AT4G36440",664
"AT3G13790",27
"AT4G27720",292
"AT3G17120",18
"AT2G28250",27
"AT5G54380",291
"AT5G07630",663
"AT5G64320",122
"AT4G18040",1
"AT1G21630",36
"AT1G50710",5
"AT4G29540",662
"AT5G39410",9
"AT4G35480",12
"AT5G52730",661
"AT4G02980",276
"AT2G34660",660
"AT5G42150",659
"AT1G17350",184
"AT3G21720",658
"AT3G58510",275
"AT3G63410",4
"AT4G00335",656
"AT2G14100",655
"AT5G20850",17
"AT2G45760",57
"AT1G17500",229
"AT1G12780",654
"AT2G39060",653
"AT3G51050",652
"AT1G07160",11
"AT1G63420",174
"AT1G71850",2
"AT2G29970",651
"AT3G17070",125
"AT5G03170",650
"AT1G27290",649
"AT1G30680",9
"AT2G44050",647
"AT2G45740",646
"AT1G53780",645
"AT1G06550",16
"AT2G35310",644
"AT1G65480",643
"AT5G62810",126
"AT1G25420",642
"AT2G40100",641
"AT3G15850",29
"AT4G12620",17
"AT3G10940",4
"AT3G22800",21
"AT4G34100",30
"AT2G07669",294
"AT3G45780",33
"AT2G02560",10
"AT3G14120",2
"AT5G25340",288
"AT3G60600",107
"AT1G11890",35
"AT4G19810",287
"AT1G72260",639
"AT4G35630",269
"AT5G57760",638
"AT3G07360",637
"AT5G40540",11
"AT1G79510",16
"AT1G01305",636
"AT4G27595",14
"AT1G01830",52
"AT3G43250",635
"AT5G04430",133
"AT5G35910",10
"AT1G75820",634
"AT2G34970",633
"AT5G58110",71
"AT4G35090",53
"AT5G02820",632
"AT2G45470",127
"AT3G47850",631
"AT1G34047",648
"AT1G16830",630
"AT3G20810",9
"AT1G34430",266
"AT4G28850",25
"AT5G66460",24
"AT3G13750",123
"AT1G72010",3
"AT5G05750",110
"AT3G20750",21
"AT4G30390",65
"AT5G52190",629
"AT2G29960",628
"AT5G19070",627
"AT5G11810",21
"AT3G45130",626
"AT2G26350",289
"AT4G32551",625
"AT1G22750",624
"AT3G12640",623
"AT3G28480",35
"AT2G31960",622
"AT5G57440",30
"AT3G52880",621
"AT3G49240",5
"AT5G15980",35
"AT1G52740",293
"AT5G06740",11
"AT4G20960",9
"AT4G31530",19
"AT2G41225",12
"AT1G78510",14
"AT1G03860",2
"AT3G01260",25
"AT5G54910",155
"AT5G19590",619
"AT2G25420",618
"AT1G03380",10
"AT1G76640",617
"AT3G01740",162
"AT4G35800",10
"AT2G24450",21
"AT1G52890",615
"AT2G26670",614
"AT5G35970",261
"AT1G53840",613
"AT4G15930",51
"AT2G27140",148
"AT2G40860",612
"AT5G62580",16
"AT5G42920",284
"AT4G02640",611
"AT5G57990",13
"AT1G73170",106
"AT5G41480",610
"AT5G22410",25
"AT5G22580",308
"AT2G38480",609
"AT1G54070",608
"AT4G11240",3
"AT5G46790",1
"AT4G11890",12
"AT3G45940",607
"AT3G06250",606
"AT5G57210",282
"AT3G04090",1
"AT2G45540",3
"AT5G27710",5
"AT4G20400",48
"AT3G47250",3
"AT1G23900",605
"AT4G39060",604
"AT5G45390",7
"AT5G61640",32
"AT5G52560",603
"AT5G44500",602
"AT3G57990",4
"AT2G32295",24
"AT4G02920",122
"AT3G04340",19
"AT3G04240",600
"AT3G60320",598
"AT4G04925",112
"AT2G31800",3
"AT5G58750",25
"AT5G64970",31
"AT3G16290",4
"AT3G26670",158
"AT1G15200",692
"AT3G03040",272
"AT1G20970",83
"AT1G77350",1
"AT2G32260",32
"AT3G03180",13
"AT2G19790",595
"AT5G67260",594
"AT1G04660",696
"AT2G17440",3
"AT4G01810",280
"AT5G41970",2
"AT2G34260",8
"AT2G40430",5
"AT2G45160",593
"AT5G51430",592
"AT1G17440",700
"AT1G62790",591
"AT1G51920",20
"AT5G63100",290
"AT5G64180",590
"AT4G34030",115
"AT2G01170",144
"AT3G57510",589
"AT3G49320",2
"AT1G61580",2
"AT1G15520",588
"AT4G36210",283
"AT5G55300",3
"AT4G39840",116
"AT3G56390",707
"AT2G25840",4
"AT4G39850",10
"AT3G05910",278
"AT1G06110",585
"AT2G23520",277
"AT1G57770",14
"AT1G69090",111
"AT2G04420",584
"AT3G62770",583
"AT1G55510",18
"AT2G47710",71
"AT1G24706",163
"AT2G35790",64
"AT1G79490",2
"AT4G36010",61
"AT1G51590",63
"AT5G63370",582
"AT1G07110",29
"AT5G50790",37
"AT1G01930",581
"AT3G12930",580
"AT4G20270",264
"AT4G08032",13
"AT4G12790",579
"AT4G28460",143
"AT1G29970",34
"AT4G29930",578
"AT3G27630",147
"AT1G70260",31
"AT2G01850",115
"AT5G43070",577
"AT3G07450",256
"AT5G46000",576
"AT4G39610",67
"AT2G16950",3
"AT5G20885",51
"AT5G14920",575
"AT5G34930",57
"AT5G62850",160
"AT3G18290",42
"AT2G20825",26
"AT1G42440",10
"AT5G53350",149
"AT1G31440",574
"AT3G07273",573
"AT5G25150",163
"AT2G27170",572
"AT5G57480",195
"AT3G62230",571
"AT1G05830",732
"AT4G17940",5
"AT4G35860",28
"AT5G58190",570
"AT3G16060",35
"AT3G06670",75
"AT5G12200",7
"AT1G54575",22
"AT2G18150",569
"AT1G53750",568
"AT4G39235",1
"AT1G04800",39
"AT1G03080",36
"AT5G49540",1
"AT5G07350",2
"AT3G55250",4
"AT4G31000",567
"AT5G43790",18
"AT1G21475",34
"AT1G73980",566
"AT5G53150",36
"AT3G24190",14
"AT3G09770",131
"AT2G05620",565
"AT5G61760",744
"AT2G46220",564
"AT1G08040",563
"AT2G25560",284
"AT1G07950",96
"AT2G30720",2
"AT5G10980",17
"AT5G15750",1
"AT4G26070",20
"AT5G49170",561
"AT5G40450",36
"AT5G15470",560
"AT2G28920",559
"AT5G60990",2
"AT2G35610",89
"AT3G19660",34
"AT1G77810",558
"AT3G05220",5
"AT3G24170",28
"AT4G37010",44
"AT1G19520",556
"AT4G33920",34
"AT2G27580",555
"AT1G67360",468
"AT2G23690",124
"AT5G10160",5
"AT4G27900",34
"AT3G12990",553
"AT2G35320",1
"AT4G34760",12
"AT1G09010",29
"AT1G23790",270
"AT3G46960",552
"AT1G54090",550
"AT3G17611",549
"AT3G01810",548
"AT1G20350",248
"AT5G13410",547
"AT3G05675",546
"AT1G17345",465
"AT1G72420",56
"AT3G55510",8
"AT3G13940",2
"AT3G06810",544
"AT2G41380",543
"AT5G21170",23
"AT4G25290",4
"AT1G01040",542
"AT3G55850",20
"AT1G16000",1
"AT2G18040",1
"AT2G44120",79
"AT1G23390",540
"AT1G43670",539
"AT5G03880",4
"AT3G22840",53
"AT3G61130",19
"AT3G56190",537
"AT5G13570",13
"AT3G63420",303
"AT5G35930",536
"AT1G71260",9
"AT5G60750",272
"AT1G26740",152
"AT2G19990",776
"AT4G04040",33
"AT2G26970",96
"AT5G50250",534
"AT4G26950",44
"AT3G32940",13
"AT4G32620",533
"AT3G52140",62
"AT3G61490",247
"AT1G01180",245
"AT5G13180",532
"AT5G03280",531
"AT5G52580",32
"AT2G22830",9
"AT5G58920",530
"AT3G60410",460
"AT5G59780",13
"AT1G27340",14
"AT5G08430",529
"AT3G21420",528
"AT1G57750",125
"AT3G27890",527
"AT2G38940",526
"AT2G44610",459
"AT4G04920",27
"AT2G35230",525
"AT5G17880",97
"AT1G73110",202
"AT2G39550",315
"AT2G47890",144
"AT5G15130",214
"AT1G64660",243
"AT3G17110",792
"AT2G20630",523
"AT3G50740",522
"AT1G32210",152
"AT2G27860",19
"AT1G72440",130
"AT2G20725",521
"AT1G14685",520
"AT3G13062",29
"AT4G27070",518
"AT2G32980",517
"AT2G17770",244
"AT3G12170",516
"AT1G73325",515
"AT5G45680",220
"AT3G57020",514
"AT1G51110",7
"AT2G13840",513
"AT3G19960",512
"AT5G20840",511
"AT5G47830",802
"AT1G26800",124
"AT1G55880",147
"AT5G42580",509
"AT2G43360",804
"AT5G54095",508
"AT4G22810",121
"AT3G26470",20
"AT5G04895",507
"AT3G52020",306
"AT3G18190",8
"AT3G62550",23
"AT3G58640",506
"AT1G17020",18
"AT1G24350",259
"AT2G47270",505
"AT1G68780",504
"AT2G39210",27
"AT1G09780",8
"AT5G57090",503
"AT1G65650",35
"AT2G37230",118
"AT3G03510",26
"AT5G51510",246
"AT1G55830",501
"AT5G62220",16
"AT4G19410",316
"AT1G03550",74
"AT5G20070",500
"AT2G24390",20
"AT5G46550",499
"AT3G26630",60
"AT4G01670",249
"AT1G56220",23
"AT2G21260",498
"AT1G24240",76
"AT2G19530",497
"AT4G10040",496
"AT5G18920",8
"AT3G48020",102
