gene,cluster
AT4G11770,746
AT5G07400,745
AT3G58240,613
AT5G04270,744
AT5G44630,612
AT5G59670,83
AT5G40970,23
AT4G19990,742
AT5G27900,610
AT4G37090,10
AT5G52150,1
AT4G38710,3
AT2G03330,609
AT3G47200,608
AT1G65130,216
AT1G79040,3
AT4G01900,5
AT2G28650,2
AT5G55620,217
AT5G60580,6
AT3G28630,8
AT1G73390,607
AT5G27420,1
AT3G51930,168
AT3G57000,80
AT1G04490,606
AT1G23080,605
AT5G55950,604
AT1G20860,603
AT5G23220,601
AT2G42090,1
AT5G15500,741
AT1G35910,677
AT4G15870,627
AT3G23980,65
AT5G53110,599
AT1G07270,215
AT3G20800,598
AT5G13380,6
AT3G04360,597
AT3G23050,199
AT3G15180,596
AT5G13660,594
AT3G10380,34
AT4G28365,14
AT1G50735,2
AT5G11470,2
AT5G49320,6
AT3G14050,6
AT3G14430,8
AT3G48860,592
AT3G25990,591
AT3G15810,123
AT5G45113,1
AT1G34065,589
AT3G43175,2
AT2G38150,2
AT3G60170,66
AT2G41520,588
AT3G01260,6
AT5G15920,65
AT4G22285,587
AT3G29175,586
AT1G29710,740
AT3G04130,695
AT1G11180,4
AT3G23640,651
AT3G61610,1
AT5G05230,32
AT4G30030,12
AT5G66490,2
AT2G01820,38
AT2G20850,583
AT1G65280,104
AT4G26270,581
AT2G29500,6
AT1G48760,6
AT3G57960,580
AT2G35350,71
AT5G38490,579
AT3G15740,8
AT3G62160,6
AT1G12320,578
AT1G42705,8
AT1G04310,74
AT5G03430,3
AT5G20230,2
AT5G19180,577
AT4G33250,3
AT4G24080,213
AT3G07890,5
AT3G22500,61
AT4G01520,52
AT2G34580,4
AT1G64810,2
AT3G05240,2
AT3G17030,2
AT3G57330,2
AT1G72700,34
AT1G28690,10
AT1G60310,15
AT2G24310,8
AT2G11280,20
AT2G28740,16
AT3G07970,8
AT4G13575,2
AT4G13460,2
AT2G28390,211
AT1G58050,2
AT5G06910,569
AT1G11650,6
AT3G18550,64
AT2G19900,568
AT5G42655,567
AT5G53020,566
AT5G22510,51
AT2G01100,563
AT2G38130,2
AT3G09500,1
AT5G02470,2
AT5G35640,2
AT5G63550,1
AT5G05870,2
AT5G38820,11
AT4G27652,27
AT5G17170,14
AT3G09590,2
AT4G32380,65
AT2G40460,6
AT3G62210,2
AT5G52530,49
AT5G58660,71
AT1G09770,3
AT1G23860,2
AT1G13410,5
AT4G00850,1
AT4G38140,6
AT2G16130,8
AT3G19553,9
AT5G61700,6
AT1G77655,34
AT1G49180,5
AT4G11350,1
AT5G64660,2
AT3G57930,11
AT5G46050,41
AT5G49910,2
AT5G04230,560
AT1G62730,2
AT3G12090,2
AT5G03360,3
AT3G12970,28
AT1G60750,2
AT5G53150,5
AT5G25150,2
AT4G16420,554
AT2G36020,17
AT5G06530,20
AT5G40370,8
AT2G36895,6
AT3G59970,209
AT5G17830,552
AT1G23440,3
AT1G31460,550
AT3G07770,42
AT3G10340,549
AT1G06770,1
AT1G04360,8
AT3G55850,2
AT2G26180,8
AT5G19875,548
AT3G10000,208
AT4G13195,8
AT1G16680,547
AT2G28970,5
AT5G55650,3
AT4G38890,8
AT3G16000,5
AT5G18190,70
AT1G70750,3
AT3G14790,1
AT3G01370,9
AT4G04320,1
AT1G77400,219
AT5G59770,70
AT1G14455,2
AT1G36180,2
AT3G50620,11
AT3G05850,2
AT5G57740,1
AT5G19740,544
AT5G62900,543
AT3G14820,20
AT4G23060,6
AT1G19270,16
AT5G53390,8
AT5G45670,11
AT3G15480,3
AT4G02040,542
AT3G01380,11
AT5G13720,9
AT3G27470,31
AT4G33495,65
AT2G20890,3
AT5G04520,2
AT3G47420,3
AT2G21100,540
AT2G15280,9
AT3G17430,8
AT1G72980,4
AT1G12250,72
AT5G53380,7
AT5G21070,108
AT5G14910,3
AT3G13150,3
AT1G60700,18
AT1G54920,1
AT1G80130,2
AT4G39680,9
AT3G18540,8
AT2G17880,121
AT1G12560,13
AT5G61310,16
AT1G17950,178
AT4G08850,8
AT4G38950,8
AT1G17300,81
AT1G30640,1
AT5G19485,4
AT1G21650,3
AT5G19430,65
AT3G23150,531
AT5G55480,1
AT1G51740,58
AT1G03030,6
AT5G06770,32
AT3G63400,530
AT5G04910,6
AT1G30515,7
AT1G17820,2
AT3G61790,8
AT4G31790,6
AT3G54200,3
AT2G41820,2
AT2G41560,527
AT1G33230,523
AT3G03380,12
AT2G33520,2
AT1G24650,2
AT5G11830,38
AT1G48380,521
AT1G80050,518
AT1G29280,517
AT1G54990,4
AT1G65660,516
AT3G54310,5
AT3G18270,8
AT5G66590,127
AT3G22570,102
AT5G25080,8
AT3G09850,2
AT1G07300,5
AT1G73230,1
AT1G02205,10
AT3G02840,2
AT2G46930,2
AT4G37280,6
AT3G44910,71
AT2G44910,205
AT1G17770,3
AT1G20790,631
AT4G14050,2
AT1G76060,115
AT5G03170,20
AT3G13070,8
AT5G50420,5
AT1G35560,2
AT1G48410,5
AT1G30960,65
AT1G70650,33
AT3G43835,2
AT4G09320,1
AT5G03440,614
AT3G31430,6
AT5G38680,8
AT1G14048,600
AT2G40010,24
AT1G10750,4
AT2G38880,204
AT1G14000,582
AT5G10820,1
AT3G14395,3
AT2G40160,83
AT3G04600,571
AT4G33690,3
AT1G09812,57
AT1G70610,21
AT1G70830,4
AT3G46060,7
AT3G54880,21
AT4G28860,3
AT4G17140,546
AT4G00290,74
AT5G11040,2
AT1G63610,8
AT4G25550,14
AT5G50900,2
AT2G10250,2
AT5G39350,526
AT1G07180,515
AT1G49230,3
AT2G17530,2
AT3G43436,202
AT5G17130,69
AT4G08640,79
AT5G27880,15
AT5G57310,68
AT3G03450,12
AT3G11385,2
AT1G30650,41
AT1G16445,1
AT1G16920,5
AT2G29250,57
AT2G04480,52
AT3G25210,2
AT1G18580,3
AT3G17840,2
AT1G53450,1
AT5G55530,21
AT5G55230,3
AT3G62810,2
AT1G20130,2
AT4G15460,6
AT2G20430,1
AT4G13970,4
AT4G15730,503
AT5G22810,10
AT2G07120,16
AT3G57310,3
AT5G65495,1
AT3G14172,2
AT2G45380,28
AT2G45030,6
AT4G08340,2
AT5G52820,65
AT2G05020,5
AT4G01575,502
AT3G04380,37
AT1G13920,2
AT3G60070,13
AT4G24020,126
AT2G41360,3
AT1G43690,13
AT1G70300,65
AT1G18690,1
AT2G31081,496
AT5G25840,36
AT5G34869,184
AT2G31810,62
AT5G17580,12
AT2G17430,47
AT5G38150,2
AT3G19900,494
AT5G48490,150
AT1G72540,13
AT1G13480,2
AT1G27450,3
AT1G33350,177
AT1G29630,6
AT5G61170,1
AT2G43880,493
AT3G03640,492
AT4G15280,48
AT1G18440,18
AT4G07521,2
AT1G10160,122
AT4G31615,2
AT5G28490,19
AT2G30040,1
AT1G68050,9
AT4G01210,8
AT4G05510,2
AT1G35580,1
AT4G13160,8
AT3G03810,16
AT5G62680,8
AT5G12040,68
AT2G30990,2
AT3G26618,2
AT4G24430,2
AT1G17240,8
AT4G18440,8
AT3G14200,3
AT1G03990,15
AT5G16480,489
AT1G49780,4
AT4G15590,33
AT5G49690,2
AT1G15080,19
AT2G21195,42
AT5G13790,1
AT5G17330,197
AT3G22910,484
AT3G11850,10
AT1G64600,6
AT2G01810,9
AT5G06250,16
AT2G43700,25
AT2G30160,481
AT5G47920,1
AT3G20155,2
AT2G43375,18
AT2G44900,2
AT4G29940,480
AT4G30710,3
AT1G79050,2
AT1G54680,4
AT5G42650,32
AT2G32520,8
AT5G40500,19
AT2G22050,479
AT5G59810,4
AT1G53570,2
AT2G39420,21
AT1G77885,65
AT2G29070,18
AT2G05260,98
AT2G26710,2
AT3G58660,7
AT3G56650,158
AT4G08530,18
AT3G21480,1
AT3G15630,2
AT1G61580,4
AT4G11740,6
AT2G12195,3
AT4G24790,15
AT3G05790,3
AT2G35270,8
AT5G17610,1
AT5G15350,5
AT5G65730,30
AT1G56310,122
AT2G21880,3
AT5G48440,2
AT3G13175,2
AT1G28200,61
AT1G45000,3
AT4G31300,1
AT5G01810,1
AT1G28410,2
AT1G10380,1
AT1G05577,34
AT4G26130,6
AT5G63200,188
AT1G76080,1
AT2G13260,3
AT5G35160,7
AT5G09730,2
AT5G45830,1
AT1G10050,3
AT3G59040,7
AT3G60680,2
AT5G37620,468
AT1G22930,6
AT2G41475,29
AT3G09210,6
AT3G07630,1
AT2G37900,10
AT3G10580,3
AT4G29200,5
AT1G50950,3
AT1G08010,20
AT4G12860,6
AT1G22330,16
AT3G18400,8
AT5G63135,2
AT1G13170,133
AT2G33350,194
AT2G18820,1
AT1G18870,5
AT2G36750,465
AT5G24820,463
AT3G43675,462
AT3G55280,20
AT3G60780,192
AT4G12420,12
AT1G42440,6
AT3G42050,460
AT1G31230,3
AT1G23790,3
AT4G38190,459
AT5G40440,2
AT2G01790,1
AT4G02075,1
AT1G77090,18
AT3G57785,40
AT5G59400,458
AT5G37820,115
AT1G75670,457
AT1G69610,12
AT3G54890,3
AT5G19290,3
AT2G18150,1
AT3G57380,2
AT2G14255,4
AT5G28050,456
AT5G45210,91
AT3G12160,25
AT1G80120,453
AT2G32795,42
AT3G06030,4
AT4G36770,21
AT2G39820,2
AT3G30390,30
AT4G38100,8
AT1G70310,39
AT3G05140,227
AT1G44960,2
AT5G61910,9
AT5G63040,694
AT1G74030,10
AT1G19130,41
AT1G68795,5
AT4G17620,688
AT2G24620,1
AT1G20630,68
AT2G37925,70
AT3G53050,37
AT4G29360,2
AT5G07480,1
AT4G04790,7
AT1G15520,4
AT3G15390,658
AT5G52540,12
AT4G21065,191
AT3G14440,2
AT2G19220,643
AT5G54160,101
AT2G30880,3
AT2G32070,10
AT5G38700,220
AT5G65600,128
AT1G10522,2
AT5G61920,15
AT1G49510,4
AT5G40460,45
AT3G16250,12
AT2G36250,2
AT1G04980,3
AT1G69630,2
AT3G18660,190
AT4G17060,3
AT3G27740,1
AT1G52150,618
AT5G17270,2
AT2G31460,3
AT5G40700,2
AT5G60530,75
AT5G26617,8
AT3G05670,12
AT3G17160,2
AT4G36710,5
AT2G32235,48
AT3G14310,2
AT1G16370,3
AT5G46410,218
AT4G36960,3
AT4G39810,2
AT2G40140,2
AT3G54300,16
AT1G42510,15
AT3G18850,17
AT1G73820,595
AT1G07740,9
AT5G53960,2
AT1G30370,1
AT1G20410,14
AT1G63970,5
AT5G24355,11
AT5G59450,35
AT3G52860,212
AT2G20724,8
AT1G33811,576
AT4G07915,19
AT1G43005,10
AT1G24270,41
AT3G49490,2
AT5G62350,53
AT1G18640,564
AT4G25450,8
AT5G01880,2
AT2G44580,3
AT4G29440,2
AT3G08740,3
AT2G16860,556
AT4G27890,116
AT3G15570,1
AT2G04790,8
AT4G13870,5
AT5G47290,15
AT5G10100,3
AT5G50290,2
AT5G10490,8
AT3G16490,1
AT5G67340,2
AT5G50830,27
AT5G08565,31
AT5G14690,2
AT3G05530,2
AT5G65690,538
AT2G01930,535
AT1G01510,2
AT5G46690,534
AT4G25835,532
AT2G18910,14
AT4G20900,1
AT5G03510,525
AT5G35460,520
AT5G45070,15
AT1G22850,2
AT4G37490,2
AT1G12700,513
AT2G18115,10
AT4G29970,510
AT1G26320,69
AT5G28040,21
AT2G34300,90
AT2G26880,6
AT1G23800,2
AT5G59480,2
AT2G26695,187
AT2G38540,1
AT4G16690,47
AT1G01305,2
AT3G43522,2
AT2G15430,2
AT4G05090,19
AT1G63490,6
AT5G67320,6
AT2G05600,14
AT3G07450,8
AT5G64560,499
AT5G13110,9
AT4G27750,69
AT3G51750,1
AT5G44000,30
AT1G76800,2
AT3G62380,5
AT5G53520,53
AT4G31850,4
AT5G56520,1
AT1G28420,69
AT1G01840,69
AT2G38152,5
AT2G10260,487
AT5G28690,3
AT3G02730,10
AT4G05400,2
AT4G37740,3
AT1G14430,2
AT1G54100,8
AT4G23260,74
AT4G25390,14
AT1G03810,12
AT4G16770,6
AT1G34430,22
AT1G20770,8
AT4G13640,4
AT1G34047,471
AT3G15440,3
AT1G63220,3
AT4G23150,466
AT1G74250,6
AT3G46770,2
AT4G10170,19
AT3G27520,182
AT4G38010,7
AT4G12800,3
AT2G21050,20
AT1G52260,50
AT1G07080,1
AT5G06380,452
AT4G02060,2
AT2G14500,8
AT4G23740,2
AT5G38420,2
AT1G11990,1
AT4G01200,44
AT5G19630,5
AT5G21120,124
AT2G28660,1
AT4G34940,180
AT4G39720,58
AT3G60880,6
AT2G31080,10
AT5G04110,5
AT5G08180,1
AT1G07970,105
AT3G13235,6
AT1G69020,28
AT1G76250,31
AT3G45880,56
AT4G03220,12
AT4G30790,15
AT3G44096,21
AT1G43860,1
AT2G32550,40
AT5G25810,4
AT1G56600,113
AT4G12460,16
AT2G32790,3
AT1G20575,5
AT4G36160,434
AT3G51120,3
AT2G01060,432
AT2G27090,11
AT4G10250,6
AT1G62870,85
AT4G10270,2
AT2G44510,13
AT4G27330,3
AT3G01940,1
AT3G08990,33
AT1G03490,123
AT2G33500,2
AT1G65470,18
AT1G07220,427
AT5G09250,426
AT5G64220,2
AT2G16250,54
AT3G56710,87
AT2G47390,179
AT5G51280,34
AT1G08990,8
AT2G41790,6
AT1G49500,3
AT1G70985,8
AT1G73960,13
AT4G15550,13
AT1G11500,3
AT5G43290,46
AT3G18430,57
AT1G06440,423
AT5G63750,16
AT1G21390,23
AT1G63840,1
AT5G41180,20
AT3G12660,179
AT3G25980,422
AT3G62790,1
AT1G80270,421
AT5G42870,2
AT1G36740,67
AT1G06040,5
AT2G01270,91
AT5G24190,9
AT4G26660,3
AT2G07690,24
AT2G33420,65
AT3G17250,121
AT4G27180,2
AT1G28030,420
AT2G40760,7
AT1G04960,65
AT1G67160,10
AT2G30600,2
AT3G09020,5
AT1G60880,418
AT1G56190,2
AT1G47565,8
AT1G20340,3
AT5G40930,417
AT3G07500,2
AT5G20100,416
AT5G10020,2
AT2G47000,127
AT5G53290,13
AT5G17910,4
AT2G44810,5
AT1G63170,1
AT5G41810,8
AT3G59650,1
AT3G46650,4
AT4G08560,2
AT1G69910,82
AT5G19720,413
AT5G10500,1
AT3G13660,1
AT4G09020,12
AT4G39160,11
AT5G64040,3
AT5G46910,32
AT5G66200,26
AT1G11760,1
AT5G09950,1
AT3G43240,7
AT1G80000,2
AT5G09430,44
AT1G23200,4
AT4G29910,163
AT5G27510,410
AT3G63410,3
AT1G70230,409
AT1G10040,15
AT2G03590,24
AT1G13670,1
AT4G00690,407
AT1G31730,4
AT5G58290,175
AT3G20430,2
AT1G33265,405
AT5G05780,110
AT2G20020,4
AT4G23780,5
AT5G63650,87
AT3G62640,2
AT2G33250,176
AT1G60050,1
AT3G43580,6
AT2G46980,1
AT2G04842,7
AT1G63740,4
AT2G36820,404
AT2G39190,7
AT2G47700,1
AT3G06040,174
AT5G36100,12
AT5G58740,4
AT2G37820,402
AT4G16710,6
AT5G14650,156
AT1G52080,13
AT3G60290,157
AT5G17850,159
AT2G03240,400
AT3G09650,2
AT5G24318,172
AT3G01230,2
AT3G47430,5
AT3G26235,9
AT2G26370,24
AT1G28120,1
AT3G02125,1
AT3G04140,2
AT4G21780,11
AT3G61640,2
AT1G11400,2
AT1G06170,2
AT1G60250,8
AT2G19490,162
AT1G06990,2
AT3G48610,36
AT2G05380,1
AT3G07910,3
AT1G08150,7
AT3G26360,11
AT1G51220,116
AT5G01560,83
AT4G36430,3
AT1G78140,24
AT5G13890,396
AT3G52360,16
AT5G13730,115
AT5G19855,19
AT1G14280,103
AT1G56320,24
AT1G73030,2
AT5G41970,394
AT4G28580,2
AT2G24530,8
AT1G50970,27
AT3G20320,106
AT3G06090,43
AT1G32710,2
AT5G59760,391
AT2G32080,46
AT3G15520,5
AT5G10390,16
AT4G10070,66
AT1G74350,2
AT3G25660,19
AT3G07620,98
AT2G45950,389
AT4G12120,387
AT2G26590,45
AT1G29080,16
AT1G79840,10
AT1G54550,386
AT1G69160,384
AT3G16140,11
AT5G02950,382
AT4G29750,2
AT3G11890,381
AT5G12260,9
AT4G29020,142
AT2G04430,380
AT4G32680,2
AT5G10930,379
AT1G37130,3
AT4G04340,378
AT1G14510,22
AT4G12850,3
AT5G48485,7
AT1G33700,17
AT5G07970,5
AT1G09600,375
AT5G42980,1
AT3G14920,2
AT2G30200,16
AT4G34670,374
AT1G32030,9
AT2G28900,1
AT3G13784,50
AT5G46300,2
AT3G12400,13
AT4G03490,11
AT1G07350,4
AT5G11610,49
AT1G68640,14
AT5G57050,371
AT5G48570,113
AT5G01820,199
AT3G03790,8
AT5G04600,2
AT3G02360,4
AT1G54350,66
AT4G14770,1
AT3G18970,2
AT2G35140,18
AT1G63920,369
AT3G43715,4
AT2G02030,2
AT1G72240,368
AT1G72450,22
AT1G22015,1
AT3G56000,3
AT1G35340,366
AT3G02120,364
AT1G16000,109
AT5G41870,1
AT4G08710,4
AT5G55840,3
AT5G57550,26
AT3G52940,1
AT2G01360,30
AT3G30770,8
AT1G23380,94
AT2G18360,31
AT3G26550,2
AT1G14260,5
AT5G45310,14
AT1G03980,3
AT2G07669,6
AT4G19191,363
AT1G22560,1
AT4G26050,2
AT4G13345,39
AT2G05752,362
AT5G17760,20
AT4G12300,361
AT2G11520,4
AT3G61620,29
AT2G46590,21
AT3G54740,1
AT4G39250,2
AT3G60350,33
AT1G54215,8
AT5G50370,22
AT1G55620,17
AT4G35950,57
AT3G20990,3
AT3G50660,12
AT4G04190,359
AT3G54210,3
AT5G42580,357
AT4G10040,3
AT4G12950,355
AT3G43670,5
AT5G28545,13
AT5G67450,11
AT5G04690,3
AT4G21790,45
AT2G38120,129
AT3G18215,64
AT5G59520,353
AT2G13620,5
AT4G00340,352
AT3G47110,351
AT4G02485,21
AT5G54470,41
AT3G27410,5
AT1G04040,3
AT3G26050,111
AT4G19360,8
AT5G20890,11
AT1G10820,348
AT1G64320,346
AT3G14680,1
AT2G12385,3
AT1G15270,16
AT1G20980,5
AT5G66100,135
AT2G28140,5
AT3G07195,6
AT5G01800,17
AT5G01890,75
AT2G27120,3
AT3G30875,120
AT1G09550,8
AT2G23390,5
AT5G30510,3
AT2G04420,2
AT1G21850,2
AT1G13270,4
AT3G46790,4
AT1G54270,5
AT1G17440,344
AT5G53920,165
AT2G23980,37
AT5G13670,6
AT3G54790,36
AT5G34880,19
AT2G02240,739
AT5G05730,1
AT3G51500,2
AT3G30180,14
AT5G64900,726
AT5G53850,721
AT1G66660,122
AT1G13890,2
AT2G37010,713
AT1G63830,2
AT5G13100,11
AT3G11930,76
AT4G16265,703
AT3G54440,66
AT2G23520,5
AT3G56320,697
AT3G60140,5
AT1G72770,5
AT1G65520,693
AT1G72500,14
AT5G01480,11
AT5G57320,23
AT4G21700,6
AT3G10800,2
AT5G13230,4
AT3G21070,2
AT2G07240,1
AT3G14230,1
AT5G16860,2
AT4G36870,79
AT5G02200,16
AT5G02100,679
AT2G26950,198
AT1G55690,23
AT1G56000,2
AT2G43240,84
AT3G07930,2
AT3G21720,17
AT5G03770,1
AT4G29550,25
AT3G15960,1
AT5G24930,5
AT2G06760,661
AT3G20460,51
AT3G47620,657
AT5G64500,94
AT4G18960,8
AT1G53920,652
AT3G55120,60
AT1G06840,649
AT2G35540,646
AT2G42770,4
AT5G10270,19
AT3G53760,221
AT1G49140,1
AT1G72470,7
AT4G08868,23
AT5G07270,636
AT5G65160,2
AT1G15580,3
AT2G05850,78
AT5G20130,2
AT3G51090,2
AT5G50820,3
AT5G03930,3
AT5G22760,626
AT2G39460,1
AT1G64580,1
AT4G21910,8
AT3G46050,2
AT5G01075,625
AT3G56200,7
AT1G06270,624
AT5G09780,87
AT1G30170,2
AT3G54780,623
AT2G06005,100
AT2G30060,5
AT1G70210,34
AT3G54363,622
AT5G02660,5
AT4G02090,4
AT3G27870,10
AT5G04500,621
AT3G05975,63
AT1G76780,10
AT3G58550,207
AT5G64650,88
AT1G30440,5
AT5G02140,5
AT4G34555,10
AT4G36360,16
AT4G35070,617
AT1G04920,616
AT1G71050,615
AT4G24610,5
AT4G13230,14
AT1G68660,56
AT1G75770,69
AT4G29590,3
AT3G50240,1
AT1G52590,3
AT4G30930,4
AT2G17820,1
AT5G02760,19
AT1G01680,107
AT4G25730,17
AT5G05840,6
AT2G48010,6
AT5G38750,108
AT2G40520,611
AT5G22580,1
AT3G47520,1
AT3G50920,2
AT5G61410,22
AT1G01280,5
AT1G43000,6
AT1G11160,51
AT5G59260,602
AT3G19615,193
AT1G08260,2
AT5G26050,40
AT3G45530,61
AT3G62060,2
AT5G19130,8
AT3G13780,593
AT1G66150,25
AT3G62860,590
AT1G13760,1
AT3G57260,43
AT1G75110,3
AT5G42230,585
AT5G65990,34
AT2G20640,6
AT5G45290,584
AT2G44640,119
AT3G09190,85
AT5G37560,214
AT4G31360,29
AT3G04160,8
AT3G61410,11
AT2G36450,117
AT5G02490,7
AT1G49570,3
AT2G29020,38
AT5G57590,575
AT5G08500,109
AT1G03180,574
AT1G48870,2
AT3G29270,43
AT5G54730,573
AT5G36940,572
AT2G20597,570
AT4G33355,12
AT5G39580,5
AT5G06430,565
AT4G34350,14
AT1G61780,562
AT1G60790,3
AT4G16530,561
AT1G21210,2
AT1G79260,559
AT1G67580,558
AT1G73010,557
AT2G03620,50
AT5G52110,7
AT3G59380,5
AT3G45230,109
AT3G10815,210
AT1G10010,6
AT5G07900,555
AT4G10920,5
AT2G20810,5
AT1G55590,6
AT5G51790,69
AT2G06050,553
AT5G60900,155
AT3G51580,551
AT2G20515,2
AT4G30060,13
AT3G63360,25
AT1G62790,1
AT2G07739,53
AT1G62360,18
AT2G07090,194
AT1G30850,2
AT1G02820,41
AT2G29840,545
AT2G07160,12
AT1G20430,207
AT2G01580,5
AT3G20880,34
AT3G02880,76
AT2G30710,8
AT3G09050,206
AT5G24280,541
AT5G65930,5
AT1G70350,539
AT1G59960,537
AT2G44065,536
AT1G58320,2
AT1G52950,6
AT5G12880,1
AT1G08160,36
AT1G08970,533
AT5G25880,32
AT3G48800,2
AT1G53230,12
AT1G01900,185
AT4G38600,529
AT2G42610,1
AT3G58980,528
AT1G61690,524
AT4G25790,522
AT2G14247,519
AT3G29034,23
AT1G62030,25
AT1G12830,105
AT5G58820,514
AT4G26650,27
AT4G04640,5
AT3G47460,5
AT1G71730,512
AT3G19980,511
AT5G47580,2
AT1G19740,5
AT4G13990,84
AT1G03920,8
AT1G51910,29
AT3G24770,19
AT1G47520,6
AT1G14180,5
AT4G16340,1
AT1G24460,124
AT5G38460,509
AT1G32415,57
AT1G63800,508
AT2G35770,7
AT2G01680,166
AT3G16910,4
AT5G24100,8
AT1G77130,2
AT2G28085,203
AT2G24230,3
AT5G63580,507
AT5G41380,24
AT1G80800,15
AT3G42690,4
AT3G52780,201
AT1G55370,62
AT5G03740,4
AT3G13228,506
AT1G09020,505
AT4G20390,2
AT3G12143,504
AT2G21790,100
AT1G13060,2
AT3G23070,95
AT5G53190,12
AT3G15280,4
AT4G22390,501
AT2G41230,500
AT5G60280,1
AT5G49650,498
AT3G62670,3
AT5G66840,497
AT3G54150,2
AT1G66200,72
AT2G45240,35
AT5G38870,64
AT1G79550,89
AT1G26140,7
AT1G50500,26
AT2G29370,2
AT2G01960,1
AT2G29220,1
AT2G37250,65
AT4G22600,127
AT5G35338,2
AT3G61960,2
AT1G06930,491
AT5G35935,11
AT1G34340,490
AT2G47810,7
AT1G10120,118
AT4G10390,8
AT1G08520,488
AT5G38240,17
AT3G18690,485
AT5G21040,54
AT5G62630,9
AT1G48770,483
AT1G05180,482
AT4G39920,12
AT5G14580,2
AT2G44250,2
AT2G19050,77
AT5G64400,3
AT3G11340,13
AT1G63550,196
AT1G17750,478
AT2G06080,152
AT4G39550,13
AT1G79420,35
AT3G09920,3
AT3G25600,477
AT1G09250,3
AT4G35350,476
AT5G27210,11
AT4G14760,475
AT4G31320,474
AT4G33530,473
AT2G29570,16
AT4G24690,1
AT5G35331,472
AT5G49770,195
AT5G58787,470
AT5G18570,469
AT3G51890,2
AT4G12130,1
AT5G53250,467
AT2G06002,1
AT2G42300,24
AT3G05170,193
AT4G20860,35
AT4G30270,55
AT3G19300,73
AT1G04080,148
AT3G29760,147
AT1G53040,464
AT1G23120,43
AT4G11110,461
AT3G62230,11
AT1G70290,60
AT2G03090,29
AT3G23940,60
AT5G43360,3
AT4G33520,3
AT3G29090,12
AT2G36490,455
AT2G07680,454
AT2G05670,172
AT5G60270,174
AT5G19210,145
AT5G20270,1
AT2G25140,451
AT2G28410,10
AT5G57920,450
AT2G33870,449
AT2G26860,70
AT5G24260,2
AT5G61340,3
AT2G03930,38
AT1G25300,448
AT3G52980,2
AT5G16050,5
AT5G52650,1
AT5G54095,14
AT5G66460,5
AT5G65470,4
AT5G27541,447
AT4G32560,446
AT2G05760,6
AT2G34555,63
AT3G19280,18
AT3G29820,444
AT2G02310,443
AT3G55930,6
AT1G03340,12
AT5G10625,120
AT1G72230,189
AT1G07530,1
AT2G38440,442
AT4G24480,108
AT3G23710,3
AT5G66920,48
AT3G24040,161
AT2G37950,101
AT1G79780,8
AT4G14695,149
AT5G10250,92
AT1G78050,34
AT1G28530,6
AT3G26040,441
AT4G32820,2
AT1G29000,5
AT2G46100,440
AT4G31840,4
AT5G52680,438
AT2G44581,3
AT5G03520,143
AT1G22160,2
AT1G67820,437
AT4G23920,436
AT1G32160,12
AT4G11393,16
AT5G55220,187
AT5G01690,1
AT5G05720,186
AT2G42760,2
AT3G04460,120
AT5G27740,435
AT3G15730,16
AT5G65720,3
AT2G44790,13
AT3G01670,18
AT3G52070,70
AT3G28415,185
AT1G30220,431
AT2G24285,70
AT1G03020,183
AT1G80210,10
AT1G36620,15
AT1G79160,16
AT2G46090,151
AT1G53720,181
AT4G15230,2
AT5G55380,70
AT1G63100,10
AT3G44960,4
AT1G08830,430
AT2G19880,14
AT5G64950,114
AT1G03160,4
AT2G25070,13
AT5G54590,40
AT1G06410,7
AT3G01960,141
AT5G10940,3
AT4G39955,18
AT4G38960,67
AT1G58150,428
AT4G13050,171
AT1G77490,5
AT5G61200,2
AT2G21120,55
AT3G30820,425
AT3G10560,424
AT2G39435,109
AT5G05170,22
AT5G60510,1
AT3G09770,97
AT4G24175,191
AT1G22830,1
AT1G70410,146
AT1G07890,4
AT1G34090,4
AT3G54090,37
AT2G46500,3
AT1G36070,419
AT4G03510,45
AT3G01440,1
AT1G56140,13
AT5G11300,178
AT2G37300,12
AT3G43230,13
AT2G47780,6
AT4G35295,167
AT4G32940,3
AT5G56010,7
AT5G37910,415
AT4G18130,414
AT5G07230,7
AT3G44300,27
AT4G15350,175
AT4G32600,12
AT2G27880,412
AT3G49710,411
AT4G19690,2
AT5G27130,11
AT3G48210,86
AT3G17590,5
AT4G31070,408
AT5G02460,406
AT1G78790,34
AT3G17680,3
AT1G66345,2
AT1G15110,6
AT3G14370,30
AT4G17900,89
AT1G77370,403
AT2G19090,401
AT5G54780,2
AT5G11920,173
AT1G71800,48
AT1G01225,7
AT2G27505,399
AT2G47820,1
AT5G11980,2
AT1G67350,8
AT5G41170,10
AT2G45570,140
AT3G45890,398
AT3G47990,78
AT2G22340,86
AT1G54000,397
AT5G58920,23
AT5G14710,62
AT3G55500,395
AT4G34910,393
AT4G08170,2
AT5G10970,392
AT3G57550,1
AT4G00700,20
AT5G13260,34
AT3G17910,390
AT1G14750,388
AT5G57330,385
AT5G17540,383
AT3G27840,47
AT2G05935,9
AT1G09460,8
AT2G30010,377
AT2G30505,376
AT5G14380,30
AT1G35110,2
AT5G60460,8
AT5G41040,124
AT1G70270,373
AT3G19700,372
AT4G09100,2
AT2G26850,370
AT2G17360,44
AT2G19790,169
AT1G78980,139
AT1G16350,3
AT4G18040,46
AT5G51190,2
AT5G19960,367
AT1G61810,365
AT4G13790,138
AT4G11700,14
AT1G23260,30
AT2G03000,4
AT5G38830,90
AT4G04850,59
AT2G35650,18
AT5G11450,59
AT5G48840,10
AT4G27600,1
AT5G10200,8
AT5G56940,2
AT1G28040,3
AT5G51430,360
AT2G36290,21
AT1G04250,358
AT5G20410,356
AT2G31870,28
AT1G03080,354
AT1G31750,167
AT2G47550,44
AT4G16600,429
AT2G24820,350
AT3G28320,56
AT3G63330,349
AT2G22290,166
AT3G26960,347
AT5G26960,13
AT2G32970,182
AT5G39670,2
AT3G22360,345
AT5G48030,11
AT4G29570,153
AT3G60410,9
AT1G33380,12
AT1G23870,8
AT5G67030,343
AT1G04430,1
AT5G35535,164
AT5G23575,4
AT5G46310,342
AT3G44720,56
AT2G27810,3
AT3G49340,341
AT5G54390,13
AT1G12010,21
AT1G47340,340
AT2G32950,30
AT3G62150,3
AT2G26300,445
AT5G05965,117
AT5G54206,65
AT2G45410,339
AT2G26960,2
AT4G23540,9
AT4G11000,338
AT2G42390,96
AT3G24180,4
AT4G11680,12
AT1G67740,162
AT2G38830,34
AT5G15100,337
AT5G61660,65
AT1G17020,336
AT3G24220,31
AT3G18295,2
AT2G32940,7
AT1G67330,335
AT4G08960,2
AT1G15370,26
AT3G48425,334
AT3G09080,35
AT5G59570,333
AT2G15690,4
AT4G05060,5
AT1G58370,4
AT4G35510,1
AT3G19080,332
AT1G77750,85
AT4G34640,2
AT2G34670,41
AT3G11690,331
AT3G62430,80
AT1G12710,20
AT5G36170,25
AT5G14930,2
AT1G14860,330
AT2G28420,329
AT2G24260,328
AT1G47480,327
AT1G76900,326
AT2G29700,54
AT4G10640,325
AT5G61560,161
AT3G03870,44
AT1G17145,324
AT3G61340,23
AT4G16360,323
AT4G00355,27
AT5G13150,4
AT2G14835,322
AT2G26490,55
AT1G06450,8
AT3G51670,13
AT5G57360,1
AT3G03340,160
AT5G40310,7
AT1G58440,1
AT2G25480,321
AT5G04347,320
AT3G02040,12
AT3G12640,8
AT3G61510,9
AT1G11420,158
AT4G02940,4
AT2G14080,319
AT5G58320,318
AT1G63105,317
AT5G24360,1
AT2G22610,6
AT1G52900,27
AT3G48870,1
AT2G47200,2
AT1G32510,316
AT5G58520,315
AT1G09440,6
AT3G27290,31
AT4G29160,3
AT2G25880,314
AT1G17030,313
AT3G53030,312
AT1G62340,2
AT2G15410,311
AT2G42000,310
AT5G24620,486
AT3G49670,2
AT5G44060,433
AT1G74110,309
AT3G60660,30
AT3G24495,156
AT1G76270,1
AT2G40970,11
AT4G20780,88
AT4G34310,11
AT1G50990,307
AT1G01710,306
AT3G56430,198
AT3G62260,7
AT4G32150,2
AT1G07720,305
AT1G68610,304
AT2G32060,1
AT2G39360,303
AT2G42330,2
AT5G46530,495
AT1G77320,151
AT5G38360,302
AT5G26720,24
AT3G02700,3
AT4G29220,301
AT5G09610,300
AT4G04620,25
AT1G74240,299
AT1G62950,9
AT2G21370,298
AT1G17330,2
AT2G16070,11
AT4G20090,5
AT1G78850,137
AT5G02750,8
AT5G06600,297
AT5G11380,2
AT1G48090,88
AT5G62200,296
AT2G01840,2
AT1G13300,75
AT3G19220,5
AT1G19835,5
AT4G30210,3
AT5G41835,23
AT2G29880,295
AT3G27260,4
AT3G59250,154
AT1G76770,204
AT1G72840,1
AT1G69450,294
AT5G12120,3
AT2G31650,308
AT1G26180,13
AT5G20320,7
AT3G12030,150
AT5G20870,5
AT5G66730,5
AT3G07600,149
AT4G03460,293
AT5G40650,27
AT3G59060,292
AT3G62120,5
AT3G63070,88
AT5G49555,134
AT1G09700,10
AT3G45780,5
AT4G02920,291
AT2G40830,290
AT1G10710,14
AT4G31140,6
AT5G14780,289
AT5G15720,2
AT2G01800,14
AT2G44925,1
AT1G10670,288
AT5G12030,1
AT5G10980,2
AT1G66390,3
AT5G35700,2
AT5G09630,5
AT3G48160,3
AT5G17500,287
AT5G04540,51
AT4G25250,286
AT5G23920,76
AT3G14490,9
AT1G26660,32
AT1G21890,285
AT1G53330,284
AT2G44190,283
AT1G26230,104
AT2G14800,84
AT1G21065,4
AT3G15355,4
AT3G14890,116
AT4G04120,439
AT4G19020,4
AT1G70570,8
AT3G09280,282
AT1G79110,27
AT5G44785,1
AT2G46850,24
AT3G22590,8
AT1G05260,8
AT1G73980,280
AT5G46090,108
AT5G44760,113
AT1G49910,279
AT4G26070,278
AT5G57660,118
AT5G05540,277
AT3G47980,6
AT3G20620,7
AT4G38420,82
AT3G23805,14
AT5G16240,5
AT2G05210,276
AT2G36160,1
AT4G25050,3
AT4G27080,275
AT1G50600,274
AT3G17140,6
AT1G18380,53
AT1G66630,273
AT3G15270,24
AT1G56170,170
AT3G51280,24
AT5G19570,272
AT2G34357,24
AT3G18220,271
AT5G61540,5
AT4G33350,99
AT4G33490,270
AT4G10465,269
AT1G28327,10
AT4G03110,58
AT5G57350,268
AT4G21320,3
AT1G12630,1
AT3G47340,184
AT5G25580,267
AT1G78830,266
AT1G13450,265
AT1G60620,2
AT1G27180,3
AT4G22530,47
AT3G10130,91
AT3G11980,29
AT1G11540,2
AT3G54080,26
AT1G80500,6
AT1G52130,264
AT1G80060,31
AT5G18720,69
AT5G35604,14
AT3G47450,27
AT3G13120,137
AT2G23430,263
AT5G60640,91
AT5G51180,262
AT2G36090,17
AT1G29724,5
AT1G51610,261
AT1G80400,136
AT1G30130,260
AT4G26470,2
AT3G10080,259
AT5G65660,258
AT1G63110,257
AT5G38790,93
AT5G45130,14
AT1G75400,143
AT1G29980,256
AT1G10410,144
AT3G15900,6
AT5G42860,8
AT3G43700,25
AT3G14830,69
AT3G17390,255
AT2G31425,254
AT1G52690,12
AT4G37970,91
AT5G47600,4
AT3G55550,121
AT1G33040,2
AT1G13320,253
AT2G39220,252
AT5G39790,251
AT4G35290,250
AT3G17440,1
AT1G79890,249
AT2G14700,96
AT3G52640,248
AT5G57130,52
AT2G28150,21
AT2G22230,2
AT4G38860,247
AT5G34831,2
AT5G40400,18
AT4G13320,246
AT3G45980,16
AT3G12580,2
AT5G54060,11
AT2G25540,38
AT1G66880,2
AT2G44460,112
AT3G19740,245
AT1G62200,244
AT1G32330,152
AT2G27110,59
AT3G21810,138
AT4G02030,134
AT1G12810,8
AT4G27800,2
AT2G05900,243
AT5G49290,7
AT1G68810,2
AT1G17220,25
AT2G34400,2
AT1G07135,2
AT1G69850,242
AT5G13580,1
AT4G23220,43
AT1G54575,241
AT4G37160,24
AT3G04790,5
AT5G18250,240
AT2G33400,2
AT2G32765,7
AT5G37660,239
AT1G32410,130
AT1G33250,238
AT5G27850,1
AT3G06340,10
AT5G65205,2
AT2G13510,55
AT2G01130,39
AT5G52920,4
AT5G25190,130
AT2G33340,77
AT1G42990,1
AT2G47940,2
AT5G51545,139
AT4G32880,1
AT1G25340,62
AT3G11020,237
AT4G24130,132
AT2G38920,3
AT5G58610,236
AT4G20840,4
AT1G32350,3
AT4G00740,95
AT1G69690,55
AT1G60995,235
AT1G10960,33
AT1G72010,281
AT3G51950,131
AT5G20240,234
AT1G20830,188
AT3G06140,233
AT5G35870,1
AT3G09710,1
AT3G17490,200
AT2G36930,8
AT5G07350,232
AT5G66430,72
AT1G79710,26
AT1G30600,231
AT1G07690,8
AT5G39960,17
AT2G15490,14
AT3G21350,3
AT1G11600,230
AT1G71520,50
AT3G25510,36
AT1G16090,1
AT3G56960,229
AT4G26990,125
AT5G47490,3
AT4G23660,9
AT5G45150,2
AT1G60550,2
AT3G54030,228
AT2G24440,9
AT4G37790,5
AT4G09530,738
AT5G24160,737
AT4G17990,736
AT1G11755,2
AT2G44380,2
AT5G45640,1
AT2G41020,2
AT1G08220,94
AT4G31920,4
AT1G70470,734
AT1G50330,3
AT1G63950,733
AT5G17390,223
AT1G75410,731
AT1G78420,729
AT1G60630,103
AT2G26660,2
AT3G20270,57
AT2G38000,728
AT2G01470,724
AT1G08530,723
AT3G26770,722
AT3G20340,99
AT1G07040,48
AT2G31430,4
AT4G14905,720
AT5G52430,26
AT3G60640,17
AT3G16090,86
AT2G24210,140
AT5G26730,718
AT4G24890,716
AT1G68820,2
AT1G08100,715
AT5G56880,714
AT1G59520,2
AT2G20880,5
AT1G26460,117
AT5G38980,710
AT5G07100,125
AT1G74080,93
AT1G30250,20
AT1G64790,112
AT5G66820,3
AT5G05320,112
AT1G11545,8
AT2G28480,26
AT2G47910,9
AT4G28485,708
AT1G08500,707
AT5G11420,2
AT2G42930,705
AT2G24110,145
AT5G64520,704
AT1G55270,702
AT3G54240,701
AT5G56870,34
AT5G49870,3
AT2G03710,5
AT1G30820,186
AT4G12350,225
AT2G03450,125
AT5G44530,67
AT3G55990,12
AT2G24080,2
AT1G72860,102
AT1G52315,10
AT5G57000,155
AT4G40020,699
AT1G09800,2
AT4G18410,698
AT5G13280,4
AT1G16905,696
AT3G15300,3
AT4G30070,212
AT1G11690,220
AT5G48370,8
AT2G19390,732
AT3G27700,730
AT1G52300,1
AT5G14750,170
AT5G45275,725
AT5G23260,7
AT3G05090,65
AT5G54310,57
AT5G51290,210
AT4G11070,717
AT4G36400,110
AT3G14620,43
AT4G09430,712
AT4G32360,2
AT4G35000,3
AT2G06660,5
AT2G41070,34
AT5G11780,709
AT2G40860,13
AT2G32990,706
AT2G45300,216
AT2G41720,32
AT1G07450,11
AT1G33770,224
AT2G35615,700
AT5G52260,97
AT1G20090,1
AT4G38670,5
AT1G26210,3
AT1G20693,2
AT5G65200,110
AT1G72020,1
AT5G60690,118
AT5G52980,5
AT5G17400,692
AT5G03860,123
AT4G04990,691
AT2G27210,690
AT2G40560,1
AT3G46220,132
AT2G12875,60
AT3G23600,52
AT1G17370,1
AT2G14070,34
AT2G25735,2
AT3G27320,110
AT1G19200,136
AT4G21350,4
AT5G63180,5
AT1G51090,689
AT1G16010,200
AT3G05930,2
AT5G10060,687
AT4G32810,686
AT5G05270,2
AT5G58800,206
AT3G26470,685
AT1G53470,4
AT3G50810,10
AT1G32870,684
AT5G15995,683
AT2G18240,682
AT1G02190,226
AT4G35310,681
AT5G60790,680
AT2G16090,21
AT5G37930,678
AT4G31260,672
AT5G59210,676
AT5G23650,1
AT1G54240,5
AT5G35200,3
AT1G77380,49
AT3G05840,201
AT4G07380,34
AT4G30960,91
AT1G47990,67
AT3G16230,675
AT1G56090,674
AT1G09000,189
AT1G61170,215
AT1G65780,8
AT3G44770,673
AT1G11310,659
AT1G42050,671
AT1G05080,54
AT5G19790,224
AT4G25210,203
AT3G26370,160
AT1G52970,223
AT4G30440,9
AT2G44200,670
AT4G04610,39
AT4G38160,107
AT3G45310,222
AT4G02580,669
AT5G66910,13
AT2G20270,668
AT4G20940,667
AT2G45590,666
AT4G04490,11
AT5G45180,3
AT4G13930,1
AT2G19760,142
AT5G39900,24
AT3G02860,5
AT3G15020,211
AT5G60610,665
AT3G26560,8
AT4G17890,2
AT1G55630,664
AT4G22130,33
AT5G25250,2
AT1G62770,23
AT1G75620,663
AT5G57830,662
AT2G04865,2
AT5G38520,3
AT5G37200,660
AT2G45620,2
AT2G07733,59
AT4G01500,8
AT1G67645,3
AT1G73940,27
AT5G17260,711
AT2G44780,126
AT5G02960,8
AT2G33830,42
AT1G20720,169
AT3G13690,656
AT1G16710,73
AT1G16550,8
AT1G66770,4
AT4G37270,9
AT2G39850,655
AT2G01850,654
AT2G04690,653
AT3G02450,5
AT3G24440,2
AT2G03150,22
AT1G55915,86
AT3G59020,18
AT2G22100,10
AT3G09660,22
AT4G21585,6
AT3G20900,24
AT5G54370,226
AT2G27100,34
AT1G50730,26
AT1G29850,719
AT1G30200,8
AT3G19210,16
AT1G17455,46
AT5G11110,650
AT4G23690,1
AT3G10360,4
AT5G20080,222
AT2G10150,648
AT3G45280,647
AT5G42890,73
AT1G49800,5
AT2G07630,645
AT4G16800,620
AT1G61105,644
AT2G02790,1
AT2G31957,619
AT5G55580,727
AT3G61770,81
AT1G51120,1
AT2G37650,15
AT5G19260,131
AT2G17370,106
AT1G76180,642
AT4G21420,70
AT3G10270,9
AT3G58120,219
AT1G32760,3
AT1G07870,8
AT3G62720,15
AT3G31310,6
AT5G62570,641
AT3G14180,5
AT5G15430,640
AT1G29790,217
AT3G51895,639
AT1G02940,176
AT1G72560,1
AT3G51050,638
AT3G05430,735
AT3G07160,4
AT1G32230,4
AT5G18810,213
AT4G08290,9
AT3G60440,61
AT2G19870,70
AT1G67490,65
AT1G78955,637
AT1G77010,635
AT1G06280,634
AT5G07170,633
AT3G62760,4
AT5G51860,632
AT5G56590,743
AT1G32250,630
AT3G58880,25
AT1G15200,209
AT3G43300,28
AT2G36145,8
AT4G01630,629
AT1G21670,628
AT2G23270,36
AT4G08874,746
AT2G35080,745
AT4G16150,613
AT1G45030,744
AT2G07691,612
AT2G07692,83
AT1G45035,742
AT2G35075,610
AT4G16440,3
AT1G09410,609
AT2G24760,608
AT5G58650,216
AT3G12020,217
AT4G23020,6
AT1G27300,607
AT1G23880,168
AT3G04560,80
AT5G06190,606
AT1G65420,605
AT1G60370,604
AT4G35410,603
AT1G80200,601
AT2G07786,741
AT5G58640,677
AT5G06180,627
AT2G34390,65
AT1G35112,599
AT1G27310,215
AT4G13860,598
AT4G23050,6
AT5G46030,597
AT3G04550,199
AT4G00525,596
AT3G20470,594
AT3G10510,34
AT5G24110,2
AT2G40220,8
AT1G09795,592
AT1G09415,591
AT3G05190,123
AT3G23390,1
AT1G79280,589
AT2G44370,2
AT2G24755,588
AT2G29870,65
AT1G24470,587
AT4G35420,586
AT2G07712,740
AT3G11570,695
AT2G27050,4
AT1G54320,651
AT1G73220,1
AT3G11560,32
AT1G75940,12
AT3G11960,2
AT4G16430,583
AT4G24330,104
AT3G48990,581
AT2G24730,580
AT3G28550,71
AT1G76520,579
AT1G02405,8
AT3G47940,6
AT1G54340,578
AT1G72600,8
AT2G34420,3
AT2G13800,2
AT5G09750,8
AT3G33004,577
AT3G47070,3
AT3G49070,213
AT1G30180,5
AT3G09922,61
AT3G28780,52
AT5G49720,4
AT2G31865,2
AT3G10040,2
AT5G61160,2
AT2G34700,48
AT1G61630,10
AT1G21910,15
AT3G24600,8
AT3G62600,20
AT2G05580,8
AT1G51780,16
AT1G80310,8
AT5G06320,2
AT4G15975,2
AT4G10300,211
AT1G08880,569
AT4G22730,6
AT3G56980,64
AT1G07260,568
AT2G02180,567
AT5G64600,566
AT1G16510,8
AT4G35390,8
AT1G05420,8
AT2G20130,563
AT1G18570,2
AT1G76530,1
AT5G45340,2
AT4G00970,2
AT3G04840,1
AT5G61600,2
AT5G64930,11
AT5G44585,2
AT4G29780,2
AT3G08690,49
AT3G54580,71
AT2G26500,3
AT4G39570,2
AT5G03150,8
AT5G12150,5
AT4G30800,1
AT4G23515,6
AT4G15410,8
AT4G22505,8
AT2G14760,9
AT4G22840,6
AT4G24770,5
AT3G56340,1
AT1G22280,2
AT3G11430,11
AT1G52030,41
AT2G27310,2
AT4G24320,560
AT5G39020,2
AT5G06290,3
AT1G19020,28
AT3G55980,2
AT1G64150,5
AT5G39785,554
AT2G37940,2
AT2G18900,17
AT4G16660,20
AT4G22650,6
AT5G46040,209
AT1G19150,552
AT1G31330,3
AT1G54310,550
AT5G24660,549
AT1G22780,1
AT2G30560,8
AT4G30430,2
AT4G16155,548
AT2G35630,208
AT3G23800,547
AT3G52750,5
AT1G06750,3
AT5G39760,8
AT5G58330,5
AT4G35733,70
AT1G30380,3
AT5G41520,1
AT3G24690,9
AT1G01540,1
AT1G51620,2
AT1G72110,11
AT2G13790,2
AT2G36620,1
AT5G23530,544
AT1G04820,543
AT1G64610,2
AT3G01240,18
AT3G02190,16
AT3G19320,8
AT5G38320,11
AT4G28210,542
AT2G14750,9
AT3G10860,31
AT3G02550,65
AT4G01310,3
AT3G11820,2
AT1G27730,2
AT2G06520,3
AT5G40660,540
AT5G16715,9
AT5G01840,8
AT5G16250,72
AT1G09030,7
AT5G08270,108
AT1G08380,3
AT4G28750,3
AT1G54850,18
AT2G09990,1
AT4G09570,2
AT3G33000,9
AT4G30690,8
AT3G55920,121
AT2G43620,2
AT3G46320,16
AT2G33855,178
AT3G21630,2
AT2G17930,81
AT3G53870,1
AT1G61750,10
AT5G08530,4
AT1G15820,3
AT4G28650,531
AT5G07090,1
AT2G46630,8
AT3G19820,530
AT1G54790,7
AT4G22470,2
AT1G02710,8
AT3G26060,3
AT1G35210,2
AT1G19180,527
AT5G43940,523
AT3G22060,2
AT3G53900,38
AT5G47120,521
AT4G34140,518
AT5G23250,517
AT5G03900,4
AT4G23810,516
AT1G17147,2
AT5G14320,5
AT5G45800,8
AT4G03620,127
AT5G42060,102
AT1G17420,2
AT2G47380,31
AT1G62690,10
AT2G20120,2
AT1G67470,2
AT1G59860,6
AT1G11960,205
AT3G11630,3
AT5G54940,631
AT4G39670,2
AT3G56700,115
AT2G37430,2
AT1G21750,20
AT5G12860,5
AT1G42970,5
AT5G26690,33
AT3G46620,2
AT5G47130,1
AT3G57530,614
AT3G47790,6
AT2G10920,8
AT1G72290,600
AT1G59835,24
AT1G29470,4
AT3G21420,204
AT2G43570,582
AT2G43460,1
AT2G28305,6
AT3G61470,3
AT4G02990,83
AT3G23550,571
AT5G09660,3
AT4G39940,9
AT5G16530,57
AT5G05500,21
AT1G55670,3
AT4G37510,4
AT1G29700,7
AT4G02270,21
AT1G06560,3
AT3G01190,546
AT1G48850,74
AT4G29840,8
AT5G64430,2
AT5G24314,3
AT3G46280,13
AT1G43980,14
AT2G06960,2
AT5G64420,2
AT2G05520,526
AT4G39830,515
AT5G44070,2
AT5G13490,202
AT2G36690,2
AT4G38170,69
AT1G23840,79
AT4G12030,15
AT1G20620,68
AT3G18710,2
AT1G50310,12
AT5G52580,2
AT3G16470,41
AT5G37780,52
AT1G27710,8
AT1G50750,2
AT5G02450,1
AT5G14040,21
AT3G03660,3
AT1G16670,2
AT2G33710,2
AT5G27700,1
AT2G35260,5
AT1G18070,4
AT3G06850,503
AT3G53730,16
AT1G61520,3
AT3G49040,1
AT1G20510,2
AT2G20560,6
AT1G07000,2
AT4G10265,65
AT3G50330,8
AT5G12900,502
AT5G19990,37
AT3G02800,2
AT2G39200,13
AT4G12650,126
AT3G21055,3
AT3G28830,13
AT3G27220,65
AT3G06790,1
AT4G33070,65
AT4G26200,2
AT5G53450,496
AT5G01650,36
AT5G45500,184
AT5G40940,62
AT2G21490,12
AT5G42080,47
AT1G27100,2
AT3G08640,494
AT5G07420,13
AT1G75350,3
AT1G17610,177
AT4G08540,2
AT3G48550,6
AT5G14970,1
AT3G21550,493
AT1G65390,2
AT1G15740,492
AT5G67330,48
AT3G28840,18
AT2G01180,2
AT4G38080,122
AT5G63920,2
AT2G17695,19
AT5G15120,65
AT3G16080,1
AT4G37380,8
AT4G14320,1
AT3G59080,2
AT2G21660,8
AT1G30720,2
AT1G33600,2
AT4G01985,8
AT5G23950,8
AT3G03776,8
AT2G39670,2
AT2G31725,3
AT1G52880,8
AT5G64080,8
AT5G54520,2
AT3G16290,489
AT1G05670,2
AT3G07810,4
AT1G14880,33
AT4G23180,2
AT4G29150,8
AT5G61210,2
AT3G44890,19
AT2G18330,42
AT4G25630,1
AT3G51240,197
AT1G64180,484
AT3G60770,1
AT4G22700,6
AT3G22890,9
AT2G47050,25
AT2G22320,481
AT2G47610,1
AT5G54490,2
AT2G24600,2
AT3G22560,480
AT1G20940,3
AT4G18540,2
AT5G14590,4
AT2G44040,38
AT2G40240,8
AT5G18660,19
AT1G79270,479
AT1G21570,8
AT1G75930,18
AT1G20480,98
AT1G64510,7
AT2G43650,158
AT4G05450,1
AT3G28450,2
AT1G64280,2
AT5G59170,8
AT5G08460,4
AT3G58990,15
AT3G14420,3
AT2G17220,8
AT5G57220,2
AT4G14365,2
AT2G20450,1
AT3G54600,15
AT5G38310,30
AT2G34410,3
AT4G39260,8
AT2G44490,2
AT1G17710,61
AT1G10950,4
AT4G30220,1
AT5G28630,2
AT5G13420,1
AT3G18570,8
AT1G71040,188
AT3G54960,20
AT2G46650,9
AT2G27330,1
AT1G25390,2
AT3G59780,7
AT4G13340,8
AT3G51590,12
AT4G01250,2
AT5G59850,1
AT5G49970,5
AT5G10040,65
AT3G01480,3
AT2G33730,7
AT1G08580,468
AT5G52670,6
AT1G06870,29
AT3G01250,25
AT1G67690,10
AT5G63470,8
AT3G56910,3
AT4G02770,3
AT4G00370,5
AT2G25110,20
AT5G59870,16
AT4G24260,8
AT1G28370,2
AT3G16810,133
AT3G51810,194
AT5G16130,1
AT1G52230,7
AT4G33050,2
AT2G37220,5
AT2G02050,465
AT5G62470,2
AT4G32640,463
AT5G11490,462
AT1G72790,8
AT5G41010,192
AT5G58260,3
AT4G14550,460
AT1G59510,459
AT2G45695,1
AT2G29720,2
AT3G62170,18
AT2G04400,40
AT1G72940,458
AT2G34430,3
AT1G24480,457
AT1G68875,12
AT1G10760,3
AT2G32240,2
AT3G02350,4
AT1G79560,456
AT3G31317,91
AT5G22880,16
AT1G65410,453
AT4G15850,42
AT4G12960,18
AT1G05520,4
AT1G30870,21
AT1G02360,2
AT5G06540,30
AT1G20110,39
AT2G33330,227
AT5G61790,20
AT5G59140,694
AT4G34180,10
AT5G07340,20
AT1G52410,41
AT5G03435,688
AT2G42740,1
AT1G72520,2
AT5G56710,1
AT3G06730,37
AT5G08040,1
AT3G18110,7
AT2G46520,4
AT4G20260,658
AT3G17520,12
AT4G00895,191
AT3G18640,4
AT4G36500,2
AT4G00860,643
AT5G10480,101
AT3G50685,3
AT4G34390,10
AT1G02335,220
AT4G21280,128
AT3G03190,15
AT2G24050,4
AT5G37280,45
AT5G15140,12
AT3G16720,2
AT5G55170,190
AT1G08510,21
AT4G01150,5
AT1G33055,65
AT4G23790,618
AT1G06135,2
AT4G17560,3
AT1G55450,2
AT1G48350,3
AT4G02520,75
AT4G35010,12
AT3G21780,2
AT4G21860,5
AT1G15290,3
AT4G32285,218
AT1G74360,2
AT1G77640,15
AT3G57490,17
AT3G19160,595
AT1G50740,2
AT2G32920,20
AT5G25050,1
AT2G22500,2
AT5G11890,8
AT4G01050,5
AT1G52615,10
AT3G23250,2
AT1G72680,35
AT1G23280,212
AT2G44500,576
AT2G47590,19
AT4G11760,18
AT1G52400,41
AT3G57450,2
AT3G33002,53
AT3G28540,564
AT3G52450,2
AT4G24930,3
AT1G69900,2
AT3G54050,3
AT4G39610,556
AT4G09730,116
AT1G20470,98
AT3G27160,3
AT3G15518,2
AT3G08720,3
AT1G56110,17
AT4G22880,6
AT1G75040,45
AT5G26360,4
AT1G34030,1
AT1G17745,27
AT4G32470,31
AT1G69890,2
AT3G06455,538
AT2G36830,535
AT5G18180,534
AT1G42550,532
AT3G02310,14
AT2G34250,525
AT2G04570,520
AT1G13210,2
AT2G17740,2
AT5G52810,513
AT3G10640,10
AT3G15140,510
AT4G15000,1
AT5G28085,21
AT1G63720,90
AT3G11710,4
AT5G45110,2
AT1G14540,2
AT5G27760,187
AT3G51190,1
AT3G25805,19
AT2G23810,2
AT1G69240,8
AT5G41300,47
AT1G03310,4
AT3G56410,2
AT2G26150,6
AT2G02000,14
AT2G37410,499
AT1G78820,2
AT2G38470,2
AT2G42520,4
AT3G24500,6
AT1G32990,3
AT4G29230,8
AT1G14320,1
AT4G04830,487
AT3G07180,4
AT2G24270,5
AT4G00720,4
AT4G27710,2
AT3G28750,12
AT2G34480,1
AT3G01500,22
AT3G22120,8
AT5G65090,471
AT5G01530,3
AT4G01000,466
AT1G57560,182
AT1G08165,3
AT3G09350,6
AT1G06980,50
AT1G72370,1
AT1G64450,452
AT3G10530,7
AT5G48540,2
AT5G44450,8
AT1G48320,2
AT5G26340,23
AT3G53430,1
AT1G30755,2
AT5G40770,44
AT1G44100,2
AT1G20020,5
AT5G01730,124
AT1G76600,2
AT2G22510,180
AT5G16220,58
AT1G77120,65
AT1G74960,5
AT1G33610,1
AT2G45290,5
AT3G60530,105
AT2G19850,28
AT5G24200,56
AT1G75870,12
AT4G08950,15
AT1G01100,1
AT4G11170,30
AT5G13120,38
AT2G34810,113
AT1G07820,16
AT5G51110,3
AT1G70770,434
AT1G11860,3
AT3G10500,432
AT1G21395,10
AT1G67430,1
AT1G18060,7
AT5G38410,3
AT3G44020,85
AT3G55800,3
AT4G09010,3
AT3G28510,33
AT3G50930,2
AT4G25910,427
AT1G44130,426
AT3G63520,54
AT5G61720,87
AT3G56510,179
AT5G07720,8
AT1G79850,3
AT4G28550,13
AT1G29070,3
AT3G49990,46
AT1G62320,423
AT4G25880,4
AT5G23420,16
AT1G18730,5
AT1G29690,28
AT1G73810,2
AT5G13930,422
AT5G60390,1
AT3G11480,41
AT1G45015,421
AT2G31860,3
AT2G26330,67
AT1G12770,5
AT5G05090,8
AT1G12800,7
AT5G54270,3
AT3G15190,3
AT4G15510,3
AT2G39330,2
AT2G42100,4
AT1G14530,420
AT3G49140,7
AT4G34120,10
AT3G55790,8
AT2G33800,5
AT2G37580,8
AT5G43980,8
AT1G09620,4
AT4G12400,418
AT4G36810,22
AT3G32240,8
AT4G31550,2
AT5G28300,47
AT3G26500,2
AT4G25000,417
AT5G27770,1
AT1G34220,58
AT1G16720,5
AT5G15020,4
AT3G19420,58
AT2G47060,2
AT1G51660,14
AT1G74670,416
AT1G54070,13
AT3G62030,5
AT1G80920,1
AT5G07610,4
AT2G39310,2
AT1G23720,71
AT1G35680,82
AT4G18080,413
AT1G59870,1
AT4G02410,2
AT1G77940,1
AT4G14960,32
AT5G53650,26
AT4G09630,4
AT1G62240,8
AT1G10770,18
AT2G33310,163
AT5G44720,410
AT2G20260,3
AT1G07380,409
AT1G78370,15
AT1G13160,17
AT4G12720,2
AT3G48930,1
AT1G28150,407
AT1G28400,175
AT4G17390,1
AT4G11380,405
AT4G20210,110
AT2G15560,4
AT1G69935,176
AT3G53740,1
AT1G64680,7
AT4G01560,4
AT1G79930,404
AT1G05135,8
AT5G40170,7
AT5G35530,1
AT1G22130,174
AT2G40800,4
AT5G44120,402
AT5G66900,6
AT4G24310,156
AT2G32680,45
AT1G51980,157
AT5G54250,159
AT5G08020,11
AT1G07130,400
AT3G32990,2
AT4G38550,2
AT1G79920,172
AT1G79150,42
AT3G10930,2
AT4G35250,5
AT5G26570,9
AT3G05560,1
AT2G05220,1
AT2G47540,21
AT3G25050,11
AT5G11910,162
AT1G12900,3
AT5G46110,5
AT5G25170,2
AT3G20570,36
AT1G78630,3
AT1G21500,7
AT1G07400,4
AT2G17840,205
AT1G06680,3
AT1G04190,1
AT4G25890,1
AT1G03140,8
AT5G28080,396
AT5G35360,19
AT3G48560,4
AT4G23250,103
AT3G57640,2
AT5G17360,394
AT5G42830,2
AT3G63190,3
AT1G29110,106
AT1G74460,43
AT1G48920,391
AT4G09800,5
AT5G60360,16
AT4G22670,6
AT3G15400,25
AT3G49890,8
AT2G28950,101
AT2G31020,66
AT1G51790,2
AT5G47630,389
AT4G00530,387
AT1G67110,386
AT1G20530,384
AT2G28500,11
AT3G56070,44
AT3G18500,382
AT1G74950,381
AT5G23170,380
AT2G46400,2
AT5G48720,379
AT2G47520,378
AT3G25920,3
AT3G18790,4
AT3G57150,17
AT4G38970,5
AT2G17770,375
AT5G54570,2
AT3G53830,16
AT4G17070,374
AT4G00100,1
AT2G37600,1
AT3G20000,1
AT1G03600,3
AT1G14480,2
AT2G31560,40
AT1G16400,15
AT3G04720,49
AT4G39200,1
AT5G64300,2
AT2G45650,371
AT2G21385,5
AT5G22690,2
AT2G33450,3
AT2G39750,4
AT5G19440,66
AT5G02610,1
AT4G01010,14
AT4G36670,2
AT5G48380,2
AT3G52380,5
AT3G02220,369
AT1G06230,4
AT5G39880,12
AT3G62820,368
AT3G49680,22
AT1G03090,366
AT1G58420,364
AT4G08867,109
AT5G10360,1
AT3G59840,1
AT5G44660,5
AT5G25520,8
AT2G04150,94
AT5G47570,31
AT3G23760,3
AT5G04550,4
AT2G07040,363
AT4G13520,1
AT4G35110,2
AT3G53810,2
AT1G61010,362
AT1G18740,2
AT1G64170,20
AT5G50920,361
AT2G23350,4
AT1G08930,29
AT3G04400,1
AT4G29410,1
AT5G42090,21
AT1G20350,33
AT1G18300,2
AT1G61120,8
AT5G45630,5
AT1G78680,22
AT1G04170,17
AT1G64065,2
AT1G10810,3
AT5G60980,359
AT4G01870,357
AT3G47470,3
AT3G23300,355
AT5G10690,5
AT2G23670,5
AT4G05490,45
AT2G37110,129
AT1G09940,2
AT3G56970,64
AT2G36100,353
AT5G46390,5
AT2G31660,352
AT2G42070,351
AT2G04700,3
AT2G39730,5
AT2G41240,64
AT4G39710,5
AT1G59820,3
AT2G27040,111
AT1G07370,11
AT1G09155,6
AT4G12570,348
AT5G03970,346
AT2G38870,2
AT3G14600,1
AT5G42020,16
AT5G55710,5
AT5G17920,135
AT5G51105,8
AT3G28930,75
AT3G27630,120
AT3G47600,5
AT2G47140,2
AT1G61360,2
AT5G60170,4
AT1G21525,344
AT5G15520,165
AT1G51500,5
AT4G26370,37
AT3G08920,3
AT2G31890,19
AT2G42820,739
AT2G35930,2
AT4G11890,14
AT2G30310,726
AT4G02370,721
AT4G20000,2
AT1G21520,713
AT3G01270,2
AT3G18060,4
AT3G02640,11
AT3G49530,2
AT2G15580,703
AT1G32460,28
AT2G20610,9
AT3G53700,697
AT5G23040,5
AT3G60120,693
AT1G65690,23
AT5G64790,65
AT5G24500,8
AT2G45400,8
AT5G48657,2
AT5G04340,2
AT3G53020,1
AT4G33300,2
AT1G21270,79
AT3G18130,1
AT4G10507,2
AT2G39720,679
AT5G35630,5
AT2G02220,2
AT3G28980,84
AT1G27400,1
AT3G06530,17
AT5G23900,1
AT2G35130,25
AT4G25740,1
AT3G11780,5
AT1G47890,661
AT5G15320,51
AT3G44220,657
AT1G74710,652
AT2G35190,649
AT5G16710,5
AT5G12190,646
AT5G35980,4
AT3G48730,19
AT1G49630,3
AT1G08050,221
AT5G64640,1
AT2G41950,3
AT3G29000,2
AT1G51890,23
AT2G21890,636
AT3G18250,78
AT4G28630,1
AT4G11910,3
AT1G56630,626
AT1G15320,1
AT5G47230,2
AT1G48830,1
AT1G76070,8
AT2G37460,625
AT1G04270,1
AT4G33890,7
AT2G46560,624
AT5G49130,87
AT2G40890,623
AT3G57320,100
AT3G03920,1
AT5G59690,16
AT5G05390,622
AT1G27190,10
AT3G21240,621
AT2G19750,1
AT2G26280,63
AT2G17000,88
AT1G03370,2
AT3G23700,5
AT3G55330,3
AT5G18800,31
AT4G24230,617
AT4G33430,616
AT4G01100,615
AT5G08650,5
AT3G13090,56
AT1G52220,5
AT3G18390,9
AT1G51720,4
AT3G52800,3
AT3G49240,4
AT1G60600,107
AT5G13500,29
AT1G12610,17
AT2G28315,611
AT3G21230,2
AT4G17085,1
AT5G23010,15
AT5G09530,180
AT1G16880,5
AT2G26730,5
AT1G07320,3
AT1G07790,16
AT4G13170,1
AT3G62400,51
AT1G28580,602
AT3G19240,193
AT3G55840,2
AT2G38860,40
AT4G17740,5
AT3G44370,8
AT2G39280,593
AT3G09930,25
AT5G58420,1
AT5G10230,590
AT5G57930,5
AT1G15030,5
AT5G23060,3
AT4G37300,585
AT4G28220,4
AT4G25200,34
AT3G03760,8
AT4G18880,2
AT2G34890,584
AT4G29430,1
AT2G05710,119
AT5G35220,5
AT4G29060,9
AT1G60980,85
AT2G31090,214
AT1G61340,2
AT3G14950,2
AT2G16780,11
AT5G18860,117
AT1G01020,1
AT5G19220,5
AT3G59280,575
AT5G52950,11
AT5G13650,5
AT2G27730,574
AT5G20160,1
AT4G10500,43
AT5G47700,1
AT2G18060,573
AT5G19940,3
AT4G23090,6
AT5G13630,572
AT3G07540,570
AT2G43710,4
AT2G19730,1
AT5G10130,565
AT5G03630,14
AT1G66240,562
AT2G21380,561
AT1G07940,559
AT2G43030,3
AT1G13260,558
AT5G45950,557
AT2G17033,5
AT2G01110,5
AT3G59845,210
AT1G50920,555
AT1G36230,10
AT4G18205,2
AT1G18150,553
AT1G26880,34
AT5G27845,155
AT3G46970,551
AT3G15360,5
AT5G11590,53
AT3G04700,18
AT4G25340,17
AT1G76730,5
AT4G36640,202
AT2G41640,2
AT4G28490,545
AT3G12720,207
AT4G28350,2
AT1G74070,3
AT1G28380,2
AT3G26650,3
AT5G51920,76
AT2G43945,206
AT5G24420,41
AT1G70140,2
AT1G27980,63
AT3G25180,541
AT3G12770,28
AT1G13190,4
AT2G20960,539
AT3G55770,537
AT5G11990,536
AT4G38940,2
AT3G46560,1
AT3G23830,1
AT2G24570,533
AT1G73750,8
AT5G10380,185
AT4G23330,6
AT4G17340,529
AT1G44970,528
AT5G09920,524
AT4G17440,8
AT3G03960,522
AT4G29900,519
AT1G76980,23
AT2G28000,105
AT1G50590,514
AT4G28790,27
AT5G55310,5
AT1G74650,2
AT5G03460,512
AT3G26900,5
AT1G67865,511
AT2G27420,2
AT5G44020,5
AT2G38690,8
AT2G30440,29
AT4G27940,2
AT4G03415,4
AT5G51270,2
AT4G31800,2
AT3G25545,509
AT4G14890,3
AT5G58120,508
AT3G10260,7
AT2G23680,166
AT5G63490,4
AT3G58610,203
AT2G37710,2
AT4G24220,507
AT3G30460,24
AT1G32920,2
AT1G23980,10
AT1G13020,4
AT1G56300,201
AT2G20670,62
AT1G65580,4
AT5G62460,506
AT4G11420,505
AT1G31814,5
AT1G79830,4
AT2G26290,504
AT2G07340,100
AT5G38530,95
AT5G02870,12
AT1G33520,4
AT3G48890,501
AT1G04680,500
AT4G03060,15
AT5G53560,498
AT2G33180,3
AT2G39920,497
AT1G51920,221
AT3G15450,2
AT5G25930,89
AT5G62150,2
AT2G38140,3
AT4G04350,7
AT4G27680,2
AT5G54830,47
AT3G22660,46
AT2G21580,1
AT3G62530,1
AT3G62590,3
AT4G25030,2
AT4G23720,491
AT5G11240,4
AT2G16470,490
AT4G13395,7
AT3G05590,1
AT1G55010,118
AT2G26340,8
AT5G18470,488
AT5G55120,485
AT3G44750,1
AT1G68480,8
AT1G03880,483
AT5G63830,482
AT4G05632,157
AT1G14610,77
AT2G26930,5
AT3G07030,8
AT1G26110,4
AT1G25280,196
AT5G59160,478
AT3G33205,152
AT2G25900,2
AT2G48070,5
AT1G50360,477
AT4G39650,2
AT2G02950,476
AT1G32260,475
AT5G13010,474
AT3G04510,473
AT5G14105,16
AT4G37420,8
AT1G73805,22
AT3G18680,472
AT2G19980,195
AT3G49870,470
AT4G22330,469
AT5G04940,2
AT4G34830,467
AT1G25400,2
AT1G25500,35
AT3G21890,55
AT1G09690,1
AT5G28060,1
AT2G40750,148
AT5G47070,147
AT3G62870,1
AT5G21160,464
AT2G42810,461
AT1G51700,2
AT2G19450,8
AT4G35050,11
AT2G05310,60
AT1G51680,29
AT4G21865,23
AT3G47480,33
AT1G20925,10
AT4G24550,455
AT2G29400,454
AT5G53860,5
AT2G01250,1
AT3G51160,145
AT2G17230,451
AT3G50260,2
AT1G27080,10
AT3G07480,450
AT1G43170,1
AT2G41420,449
AT3G47370,1
AT1G74470,3
AT2G29120,103
AT5G51440,6
AT4G28260,448
AT3G06435,65
AT1G51110,5
AT4G23010,2
AT2G19720,1
AT4G16820,2
AT4G26910,10
AT1G24260,447
AT1G30780,2
AT2G18780,446
AT5G50030,18
AT4G11790,37
AT5G60670,1
AT5G24710,444
AT4G12600,1
AT1G67105,443
AT1G21450,119
AT1G80460,2
AT2G48140,189
AT5G06550,46
AT3G08970,442
AT5G18630,161
AT5G63980,22
AT5G64820,5
AT1G73560,149
AT1G06900,92
AT4G27700,441
AT4G00300,2
AT5G59250,5
AT5G23740,1
AT5G19120,440
AT1G03630,5
AT3G09520,2
AT3G05625,3
AT3G57610,438
AT2G21330,3
AT4G26210,143
AT1G14345,26
AT5G44520,7
AT4G27060,4
AT4G36250,5
AT1G10340,2
AT2G27580,437
AT5G09510,1
AT1G35960,436
AT4G25950,25
AT5G56850,3
AT3G19010,2
AT2G42830,14
AT2G41650,1
AT2G02061,8
AT2G44180,2
AT4G17230,2
AT3G19490,4
AT3G56460,435
AT3G18740,1
AT1G28480,148
AT1G53260,8
AT2G45710,431
AT3G47540,183
AT3G54810,15
AT1G19380,2
AT5G59970,16
AT5G54180,19
AT1G54115,151
AT2G37080,181
AT1G49610,10
AT5G19460,4
AT4G33010,3
AT3G56050,4
AT3G24430,3
AT1G51800,430
AT3G08940,3
AT5G16150,114
AT4G05420,1
AT5G07550,12
AT4G24400,13
AT5G04140,7
AT3G26744,21
AT4G28510,141
AT5G64460,4
AT3G28860,428
AT5G49520,171
AT5G04590,114
AT2G15020,55
AT4G18010,425
AT3G11260,424
AT4G23820,35
AT2G35490,22
AT3G54100,14
AT2G32220,1
AT3G06320,97
AT2G26560,2
AT2G29580,4
AT2G36480,146
AT1G65900,168
AT1G61250,129
AT3G05580,2
AT3G17470,5
AT3G63150,114
AT4G02860,35
AT2G26530,2
AT2G27500,419
AT5G08620,141
AT1G34000,3
AT4G25290,5
AT4G22050,167
AT1G32470,7
AT5G66040,415
AT2G24540,414
AT5G24300,7
AT5G19880,27
AT3G46640,8
AT1G30730,2
AT3G15110,412
AT3G56940,3
AT4G02360,411
AT1G17860,11
AT4G16640,86
AT2G24280,5
AT2G20530,408
AT3G60360,1
AT4G39970,19
AT5G49660,406
AT1G31175,8
AT3G59700,13
AT1G72150,4
AT4G36760,5
AT3G25250,1
AT4G23190,2
AT4G38920,403
AT5G35970,401
AT2G46830,173
AT5G14700,2
AT2G46740,5
AT2G17760,399
AT1G15380,27
AT2G47570,1
AT5G49030,7
AT1G52640,10
AT3G20050,17
AT3G11510,1
AT2G33210,140
AT5G24655,398
AT1G32560,397
AT1G30620,23
AT5G61900,2
AT4G35985,17
AT5G49460,395
AT5G47930,1
AT5G13400,78
AT5G15700,393
AT1G10540,392
AT1G02780,1
AT5G23020,390
AT4G16520,388
AT3G16640,385
AT3G30350,383
AT2G28540,81
AT5G40950,3
AT2G24180,39
AT4G25640,377
AT1G53130,376
AT4G37930,3
AT2G40116,8
AT2G22870,373
AT5G56980,372
AT1G32928,2
AT3G54420,2
AT1G70530,2
AT4G27435,370
AT3G10985,171
AT4G35180,2
AT1G33810,44
AT5G20150,169
AT1G60990,5
AT5G63790,139
AT5G57030,7
AT1G60770,46
AT3G60800,2
AT3G56990,17
AT2G33735,367
AT5G19850,365
AT3G11530,138
AT1G66160,90
AT3G14010,119
AT4G24190,20
AT1G52200,13
AT3G21060,163
AT5G50090,360
AT5G57625,21
AT1G03900,37
AT5G42760,358
AT5G07520,356
AT5G13130,354
AT2G34460,429
AT3G04770,17
AT4G23030,2
AT4G31450,350
AT1G60850,349
AT4G14000,347
AT4G36130,17
AT4G19370,2
AT4G30340,345
AT2G16440,11
AT4G18480,3
AT1G74850,32
AT4G20130,153
AT1G34300,63
AT1G28430,12
AT2G46670,8
AT1G43560,343
AT1G06950,9
AT2G36530,164
AT4G02260,7
AT2G20820,31
AT5G04240,342
AT2G29650,3
AT1G07510,341
AT5G52780,13
AT5G27980,8
AT3G54380,340
AT5G17230,445
AT1G69840,339
AT3G60750,4
AT5G45000,23
AT3G60260,2
AT5G26030,2
AT3G42712,9
AT4G22920,338
AT3G50590,96
AT3G02830,5
AT5G67090,4
AT2G19120,146
AT1G73250,39
AT2G03740,337
AT4G09890,336
AT5G15730,2
AT1G32060,7
AT4G22030,50
AT5G42940,4
AT1G67750,335
AT3G13200,26
AT5G60410,334
AT2G25630,333
AT5G22440,1
AT1G66090,2
AT4G40080,5
AT5G27380,40
AT1G16080,3
AT4G20960,3
AT1G66850,332
AT1G65290,331
AT1G07840,80
AT3G03780,135
AT4G14965,2
AT4G35630,330
AT1G53050,329
AT5G20040,4
AT1G49380,82
AT3G02460,328
AT2G20142,22
AT3G60300,327
AT4G27760,326
AT5G03406,325
AT2G36990,5
AT1G49000,2
AT2G44840,2
AT5G44400,324
AT1G48520,19
AT4G07820,8
AT1G77440,323
AT3G61080,9
AT1G19670,322
AT3G44410,159
AT1G63710,12
AT1G18210,28
AT1G65700,1
AT2G21170,160
AT3G10680,321
AT4G28395,84
AT5G14790,320
AT3G05060,1
AT2G28820,53
AT5G01540,2
AT3G01180,59
AT5G63220,4
AT4G32020,9
AT1G09570,319
AT2G25720,102
AT4G00870,318
AT5G45510,317
AT1G23710,27
AT5G03760,316
AT2G39340,315
AT1G80560,15
AT1G23830,314
AT1G65080,313
AT3G52150,5
AT2G36900,312
AT1G06190,67
AT4G17600,3
AT3G45040,311
AT1G64770,310
AT5G18910,486
AT1G12050,433
AT5G52470,1
AT1G36430,309
AT2G28600,133
AT4G09040,5
AT1G71500,3
AT1G70581,307
AT3G02230,74
AT5G06760,306
AT2G01720,198
AT3G18830,305
AT4G28240,304
AT4G34410,1
AT3G55960,92
AT2G37090,303
AT2G44860,68
AT5G26820,7
AT1G72650,495
AT5G54810,4
AT3G55870,14
AT2G35800,302
AT3G56120,301
AT2G26455,14
AT1G56650,41
AT2G27440,300
AT4G38470,299
AT3G48490,16
AT3G27925,22
AT2G44620,31
AT2G32380,298
AT5G11700,9
AT4G32260,5
AT2G32900,22
AT5G45105,137
AT5G48580,297
AT2G41090,177
AT5G03420,153
AT5G48430,2
AT1G24100,296
AT3G25690,5
AT5G51220,22
AT2G18400,1
AT1G04020,11
AT5G63780,5
AT3G17040,5
AT4G11260,4
AT2G39060,295
AT3G59430,4
AT2G25625,154
AT5G67560,294
AT3G14090,308
AT1G35420,7
AT5G57170,150
AT4G37290,36
AT5G60780,293
AT2G42010,14
AT1G75690,3
AT2G25650,292
AT3G28950,134
AT1G62980,10
AT1G60450,291
AT4G02510,4
AT3G46600,290
AT3G14415,3
AT5G41890,289
AT3G50470,2
AT3G60245,1
AT5G45410,288
AT2G46820,3
AT3G12780,3
AT3G17465,17
AT5G08640,197
AT5G14950,4
AT1G28520,37
AT1G54820,10
AT2G27840,17
AT4G21140,287
AT1G51650,51
AT3G27100,36
AT5G03700,286
AT5G15870,9
AT4G09650,128
AT1G65230,285
AT2G41260,8
AT4G22290,26
AT5G23520,4
AT5G57815,284
AT2G30390,9
AT3G66654,29
AT1G26680,283
AT1G67775,104
AT1G58360,4
AT5G35170,5
AT3G60480,4
AT5G04810,439
AT1G29040,8
AT1G28330,282
AT2G32910,4
AT3G54350,280
AT5G39890,65
AT4G24970,8
AT5G25560,279
AT4G38540,278
AT5G59530,277
AT1G62430,6
AT4G28660,3
AT5G06510,276
AT5G26920,2
AT3G06350,1
AT3G20865,3
AT5G13820,275
AT1G08310,274
AT5G60615,52
AT4G10080,273
AT4G36080,170
AT5G40540,2
AT5G52640,6
AT3G63200,272
AT3G04230,1
AT4G30825,271
AT5G25630,99
AT4G31120,4
AT5G14430,270
AT1G10020,269
AT3G52430,2
AT1G07070,10
AT5G18400,2
AT2G41480,268
AT2G26380,1
AT1G80750,1
AT4G03100,267
AT1G12920,266
AT3G26710,3
AT4G15765,265
AT5G41100,2
AT1G01090,5
AT3G19930,29
AT1G69920,2
AT5G02050,80
AT5G54930,264
AT5G03320,2
AT2G28850,263
AT1G24510,4
AT5G35790,262
AT4G18950,2
AT3G02260,81
AT3G57560,261
AT3G43110,136
AT3G12410,260
AT5G55160,259
AT1G67920,258
AT5G27870,257
AT3G23260,93
AT1G15930,1
AT1G72810,256
AT5G11150,144
AT1G07930,8
AT2G34940,63
AT1G08630,255
AT5G53480,4
AT4G36530,254
AT5G33370,12
AT1G56180,4
AT5G27390,39
AT3G16860,147
AT2G20870,2
AT3G14850,253
AT5G25390,252
AT1G24145,79
AT5G63310,19
AT4G01360,28
AT1G64360,251
AT4G00440,4
AT3G46380,8
AT1G09070,250
AT4G32250,249
AT2G47640,96
AT2G27020,248
AT1G14810,2
AT3G42660,11
AT5G47610,247
AT1G74970,3
AT3G47670,8
AT2G20900,2
AT3G11410,4
AT1G48460,246
AT2G37470,16
AT4G26550,190
AT2G26450,18
AT1G69860,10
AT1G19060,2
AT2G05120,112
AT5G55090,245
AT4G23130,244
AT1G68140,3
AT1G09815,5
AT2G37150,8
AT1G15690,4
AT5G17600,243
AT1G22700,7
AT5G03040,4
AT4G05310,5
AT5G59820,2
AT3G09200,1
AT3G11080,2
AT2G10410,4
AT1G18780,242
AT3G06310,1
AT1G16110,2
AT1G76300,1
AT2G41835,28
AT4G24750,241
AT4G39820,39
AT2G30490,13
AT5G03350,5
AT1G52060,240
AT1G76940,239
AT3G51920,13
AT4G00780,15
AT2G35570,130
AT2G47190,35
AT3G13230,1
AT3G18890,5
AT4G03050,238
AT2G17980,1
AT1G60660,10
AT5G60990,17
AT1G61570,1
AT1G55320,4
AT1G70600,1
AT5G46250,77
AT2G19940,38
AT5G09590,17
AT3G25882,33
AT4G29390,1
AT5G18170,237
AT2G39160,132
AT4G38430,111
AT1G09970,14
AT4G38770,236
AT1G73260,95
AT5G62575,235
AT5G52010,281
AT1G69930,131
AT1G80230,51
AT5G11650,2
AT5G44130,234
AT1G67390,10
AT4G21410,233
AT3G13790,5
AT3G51260,200
AT1G77122,232
AT5G23120,72
AT4G00231,26
AT4G04220,231
AT3G46930,76
AT4G18250,2
AT4G26110,17
AT5G48520,14
AT2G46680,230
AT5G27395,50
AT4G29010,229
AT3G56390,125
AT3G55050,3
AT5G08335,2
AT1G14980,1
AT3G53840,16
AT3G54640,40
AT2G16005,228
AT4G38400,15
AT5G38900,78
AT5G24590,2
AT1G66820,51
AT3G47650,5
AT3G09630,17
AT2G33120,738
AT3G19260,737
AT1G15660,736
AT4G26450,4
AT4G18430,734
AT5G51960,733
AT4G34620,3
AT3G04260,223
AT3G19480,5
AT3G51330,731
AT5G05290,2
AT1G59590,2
AT1G26761,729
AT3G08580,728
AT4G16695,1
AT1G76470,41
AT5G14020,724
AT2G26990,723
AT4G13770,722
AT2G42990,106
AT2G26260,720
AT5G57900,26
AT3G20015,8
AT2G43510,49
AT1G04780,37
AT2G42880,718
AT1G74900,716
AT5G58350,715
AT1G13180,714
AT2G34160,54
AT2G40270,89
AT4G34460,5
AT5G59220,710
AT3G24190,99
AT2G34860,19
AT1G68340,93
AT4G01290,208
AT5G15490,164
AT2G42220,3
AT1G07050,144
AT4G34440,82
AT1G06910,2
AT3G52200,708
AT3G06610,707
AT5G03850,1
AT3G51510,3
AT3G61500,705
AT5G45330,704
AT1G02170,702
AT5G39320,701
AT1G08540,186
AT2G44650,26
AT2G32860,225
AT4G29330,20
AT5G48300,4
AT5G19390,26
AT2G26250,5
AT4G36390,9
AT3G42060,699
AT5G56190,698
AT5G54860,2
AT3G06980,4
AT5G37980,696
AT1G54780,7
AT5G59380,8
AT3G25940,97
AT5G50380,4
AT2G40610,732
AT3G44880,730
AT2G31955,2
AT2G36220,2
AT4G13510,2
AT4G28610,4
AT1G14920,725
AT4G02530,5
AT1G64385,10
AT2G05920,181
AT1G19430,4
AT1G52120,717
AT5G10760,43
AT1G24160,712
AT2G24710,92
AT3G52060,4
AT1G67090,7
AT3G22104,709
AT5G20050,706
AT3G07100,32
AT1G21440,224
AT3G29390,700
AT5G20910,183
AT1G44920,7
AT2G41960,218
AT1G08640,128
AT5G55920,692
AT3G15000,42
AT4G19985,691
AT5G35090,690
AT2G19540,17
AT2G25890,8
AT1G14330,129
AT5G17870,3
AT5G61412,689
AT5G22640,9
AT5G51510,54
AT5G15640,29
AT5G04040,687
AT4G36550,2
AT3G02380,173
AT2G18090,4
AT5G45650,686
AT5G43700,685
AT1G29300,2
AT1G15430,2
AT5G04560,4
AT3G56880,2
AT1G05190,3
AT3G14080,192
AT2G31040,684
AT2G22250,1
AT3G62410,683
AT1G70170,682
AT5G02110,226
AT2G30980,681
AT3G51800,680
AT2G21950,196
AT1G56560,678
AT2G15290,5
AT5G19420,672
AT3G22620,676
AT3G02080,1
AT2G04305,2
AT3G26980,2
AT3G23230,1
AT4G11560,4
AT2G27680,3
AT1G07240,49
AT1G01550,2
AT5G51830,227
AT3G55630,675
AT5G45480,674
AT1G25560,673
AT4G23500,6
AT5G37480,2
AT3G02770,659
AT4G04810,195
AT1G15020,671
AT2G25490,4
AT5G22620,3
AT1G10830,670
AT2G39210,107
AT5G10310,222
AT5G38990,669
AT5G64870,668
AT4G39400,667
AT1G79510,666
AT1G08610,142
AT1G29400,665
AT5G06010,2
AT4G34290,5
AT5G60920,664
AT3G48360,60
AT1G73110,2
AT3G29764,9
AT3G48080,2
AT1G73655,663
AT5G13140,662
AT3G44590,165
AT2G35795,4
AT5G40780,2
AT3G53940,8
AT4G02020,4
AT2G26140,660
AT5G01500,59
AT2G33370,1
AT5G16470,711
AT3G26400,8
AT3G01680,225
AT3G61430,42
AT1G50840,656
AT5G18260,73
AT4G21390,2
AT1G80330,2
AT1G53520,655
AT3G52580,654
AT1G67800,653
AT3G51520,5
AT1G48650,77
AT1G27435,1
AT1G79245,13
AT1G25490,4
AT1G55820,719
AT5G44650,3
AT3G57890,16
AT3G55010,650
AT1G22810,30
AT2G30695,3
AT2G42600,648
AT1G13650,647
AT4G38200,73
AT3G61890,154
AT4G40045,3
AT2G46790,645
AT1G09240,2
AT1G50710,620
AT2G27290,644
AT4G30660,619
AT3G20530,727
AT1G63940,22
AT3G06490,11
AT2G17520,642
AT1G19770,2
AT5G16000,111
AT5G46570,111
AT3G57400,219
AT5G17670,7
AT3G50970,641
AT4G00570,640
AT2G04530,2
AT1G07830,639
AT5G07690,15
AT1G06430,638
AT1G33760,15
AT3G22370,735
AT2G44870,5
AT1G16020,5
AT2G01970,126
AT2G38780,5
AT4G20270,637
AT5G45090,14
AT2G23200,635
AT5G64810,56
AT4G09120,634
AT4G22820,6
AT3G61870,3
AT2G47960,633
AT2G47860,15
AT2G29350,35
AT3G05410,632
AT1G72750,743
AT5G13300,214
AT5G13680,630
AT5G27400,629
AT3G43540,3
AT5G09640,628
